[07Oct2025 19:36:44.220] [main/INFO] [cpw.mods.modlauncher.Launcher/MODLAUNCHER]: ModLauncher running: args [--launchTarget, forgeserver, --fml.forgeVersion, 47.3.7, --fml.mcVersion, 1.20.1, --fml.forgeGroup, net.minecraftforge, --fml.mcpVersion, 20230612.114412, nogui]
[07Oct2025 19:36:44.224] [main/INFO] [cpw.mods.modlauncher.Launcher/MODLAUNCHER]: ModLauncher 10.0.9+10.0.9+main.dcd20f30 starting: java version 17.0.16 by Ubuntu; OS Linux arch amd64 version 6.8.0-1030-azure
[07Oct2025 19:36:44.248] [main/DEBUG] [cpw.mods.modlauncher.LaunchServiceHandler/MODLAUNCHER]: Found launch services [fmlclientdev,forgeclient,minecraft,forgegametestserverdev,fmlserveruserdev,fmlclient,fmldatauserdev,forgeserverdev,forgeserveruserdev,forgeclientdev,forgeclientuserdev,forgeserver,forgedatadev,fmlserver,fmlclientuserdev,fmlserverdev,forgedatauserdev,testharness,forgegametestserveruserdev]
[07Oct2025 19:36:44.258] [main/DEBUG] [cpw.mods.modlauncher.NameMappingServiceHandler/MODLAUNCHER]: Found naming services : [srgtomcp]
[07Oct2025 19:36:44.269] [main/DEBUG] [cpw.mods.modlauncher.LaunchPluginHandler/MODLAUNCHER]: Found launch plugins: [mixin,eventbus,slf4jfixer,object_holder_definalize,runtime_enum_extender,capability_token_subclass,accesstransformer,runtimedistcleaner]
[07Oct2025 19:36:44.278] [main/DEBUG] [cpw.mods.modlauncher.TransformationServicesHandler/MODLAUNCHER]: Discovering transformation services
[07Oct2025 19:36:44.282] [main/DEBUG] [net.minecraftforge.fml.loading.FMLPaths/CORE]: Path GAMEDIR is /workspaces/SERVER-MINECRAFT/servidor_minecraft
[07Oct2025 19:36:44.282] [main/DEBUG] [net.minecraftforge.fml.loading.FMLPaths/CORE]: Path MODSDIR is /workspaces/SERVER-MINECRAFT/servidor_minecraft/mods
[07Oct2025 19:36:44.282] [main/DEBUG] [net.minecraftforge.fml.loading.FMLPaths/CORE]: Path CONFIGDIR is /workspaces/SERVER-MINECRAFT/servidor_minecraft/config
[07Oct2025 19:36:44.282] [main/DEBUG] [net.minecraftforge.fml.loading.FMLPaths/CORE]: Path FMLCONFIG is /workspaces/SERVER-MINECRAFT/servidor_minecraft/config/fml.toml
[07Oct2025 19:36:44.964] [main/DEBUG] [cpw.mods.modlauncher.TransformationServicesHandler/MODLAUNCHER]: Found additional transformation services from discovery services: 
[07Oct2025 19:36:44.972] [main/INFO] [net.minecraftforge.fml.loading.ImmediateWindowHandler/]: ImmediateWindowProvider not loading because launch target is forgeserver
[07Oct2025 19:36:44.985] [main/DEBUG] [cpw.mods.modlauncher.TransformationServicesHandler/MODLAUNCHER]: Found transformer services : [mixin,fml]
[07Oct2025 19:36:44.986] [main/DEBUG] [cpw.mods.modlauncher.TransformationServicesHandler/MODLAUNCHER]: Transformation services loading
[07Oct2025 19:36:44.987] [main/DEBUG] [cpw.mods.modlauncher.TransformationServiceDecorator/MODLAUNCHER]: Loading service mixin
[07Oct2025 19:36:44.987] [main/DEBUG] [cpw.mods.modlauncher.TransformationServiceDecorator/MODLAUNCHER]: Loaded service mixin
[07Oct2025 19:36:44.988] [main/DEBUG] [cpw.mods.modlauncher.TransformationServiceDecorator/MODLAUNCHER]: Loading service fml
[07Oct2025 19:36:44.989] [main/DEBUG] [net.minecraftforge.fml.loading.LauncherVersion/CORE]: Found FMLLauncher version 1.0
[07Oct2025 19:36:44.989] [main/DEBUG] [net.minecraftforge.fml.loading.FMLLoader/CORE]: FML 1.0 loading
[07Oct2025 19:36:44.989] [main/DEBUG] [net.minecraftforge.fml.loading.FMLLoader/CORE]: FML found ModLauncher version : 10.0.9+10.0.9+main.dcd20f30
[07Oct2025 19:36:44.990] [main/DEBUG] [net.minecraftforge.fml.loading.FMLLoader/CORE]: FML found AccessTransformer version : 8.0.4+66+master.c09db6d7
[07Oct2025 19:36:44.990] [main/DEBUG] [net.minecraftforge.fml.loading.FMLLoader/CORE]: FML found EventBus version : 6.0.5+6.0.5+master.eb8e549b
[07Oct2025 19:36:44.991] [main/DEBUG] [net.minecraftforge.fml.loading.FMLLoader/CORE]: Found Runtime Dist Cleaner
[07Oct2025 19:36:44.993] [main/DEBUG] [net.minecraftforge.fml.loading.FMLLoader/CORE]: FML found CoreMod version : 5.1.6
[07Oct2025 19:36:44.994] [main/DEBUG] [net.minecraftforge.fml.loading.FMLLoader/CORE]: Found ForgeSPI package implementation version 7.0.1+7.0.1+master.d2b38bf6
[07Oct2025 19:36:44.994] [main/DEBUG] [net.minecraftforge.fml.loading.FMLLoader/CORE]: Found ForgeSPI package specification 5
[07Oct2025 19:36:44.994] [main/DEBUG] [cpw.mods.modlauncher.TransformationServiceDecorator/MODLAUNCHER]: Loaded service fml
[07Oct2025 19:36:44.995] [main/DEBUG] [cpw.mods.modlauncher.TransformationServicesHandler/MODLAUNCHER]: Configuring option handling for services
[07Oct2025 19:36:45.004] [main/DEBUG] [cpw.mods.modlauncher.TransformationServicesHandler/MODLAUNCHER]: Transformation services initializing
[07Oct2025 19:36:45.005] [main/DEBUG] [cpw.mods.modlauncher.TransformationServiceDecorator/MODLAUNCHER]: Initializing transformation service mixin
[07Oct2025 19:36:45.022] [main/DEBUG] [mixin/]: MixinService [ModLauncher] was successfully booted in cpw.mods.cl.ModuleClassLoader@44c8afef
[07Oct2025 19:36:45.037] [main/INFO] [mixin/]: SpongePowered MIXIN Subsystem Version=0.8.5 Source=union:/workspaces/SERVER-MINECRAFT/servidor_minecraft/libraries/org/spongepowered/mixin/0.8.5/mixin-0.8.5.jar%2363!/ Service=ModLauncher Env=SERVER
[07Oct2025 19:36:45.043] [main/DEBUG] [mixin/]: Initialising Mixin Platform Manager
[07Oct2025 19:36:45.043] [main/DEBUG] [mixin/]: Adding mixin platform agents for container ModLauncher Root Container(ModLauncher:4f56a0a2)
[07Oct2025 19:36:45.045] [main/DEBUG] [mixin/]: Instancing new MixinPlatformAgentMinecraftForge for ModLauncher Root Container(ModLauncher:4f56a0a2)
[07Oct2025 19:36:45.046] [main/DEBUG] [mixin/]: MixinPlatformAgentMinecraftForge rejected container ModLauncher Root Container(ModLauncher:4f56a0a2)
[07Oct2025 19:36:45.046] [main/DEBUG] [mixin/]: Instancing new MixinPlatformAgentDefault for ModLauncher Root Container(ModLauncher:4f56a0a2)
[07Oct2025 19:36:45.046] [main/DEBUG] [mixin/]: MixinPlatformAgentDefault accepted container ModLauncher Root Container(ModLauncher:4f56a0a2)
[07Oct2025 19:36:45.051] [main/DEBUG] [cpw.mods.modlauncher.TransformationServiceDecorator/MODLAUNCHER]: Initialized transformation service mixin
[07Oct2025 19:36:45.054] [main/DEBUG] [cpw.mods.modlauncher.TransformationServiceDecorator/MODLAUNCHER]: Initializing transformation service fml
[07Oct2025 19:36:45.054] [main/DEBUG] [net.minecraftforge.fml.loading.FMLServiceProvider/CORE]: Setting up basic FML game directories
[07Oct2025 19:36:45.055] [main/DEBUG] [net.minecraftforge.fml.loading.FMLPaths/CORE]: Path GAMEDIR is /workspaces/SERVER-MINECRAFT/servidor_minecraft
[07Oct2025 19:36:45.056] [main/DEBUG] [net.minecraftforge.fml.loading.FMLPaths/CORE]: Path MODSDIR is /workspaces/SERVER-MINECRAFT/servidor_minecraft/mods
[07Oct2025 19:36:45.056] [main/DEBUG] [net.minecraftforge.fml.loading.FMLPaths/CORE]: Path CONFIGDIR is /workspaces/SERVER-MINECRAFT/servidor_minecraft/config
[07Oct2025 19:36:45.056] [main/DEBUG] [net.minecraftforge.fml.loading.FMLPaths/CORE]: Path FMLCONFIG is /workspaces/SERVER-MINECRAFT/servidor_minecraft/config/fml.toml
[07Oct2025 19:36:45.057] [main/DEBUG] [net.minecraftforge.fml.loading.FMLServiceProvider/CORE]: Loading configuration
[07Oct2025 19:36:45.064] [main/DEBUG] [net.minecraftforge.fml.loading.FMLServiceProvider/CORE]: Preparing ModFile
[07Oct2025 19:36:45.066] [main/DEBUG] [net.minecraftforge.fml.loading.FMLServiceProvider/CORE]: Preparing launch handler
[07Oct2025 19:36:45.067] [main/DEBUG] [net.minecraftforge.fml.loading.FMLLoader/CORE]: Using forgeserver as launch service
[07Oct2025 19:36:45.087] [main/DEBUG] [net.minecraftforge.fml.loading.FMLLoader/CORE]: Received command line version data  : VersionInfo[forgeVersion=47.3.7, mcVersion=1.20.1, mcpVersion=20230612.114412, forgeGroup=net.minecraftforge]
[07Oct2025 19:36:45.089] [main/DEBUG] [cpw.mods.modlauncher.TransformationServiceDecorator/MODLAUNCHER]: Initialized transformation service fml
[07Oct2025 19:36:45.090] [main/DEBUG] [cpw.mods.modlauncher.NameMappingServiceHandler/MODLAUNCHER]: Current naming domain is 'srg'
[07Oct2025 19:36:45.091] [main/DEBUG] [cpw.mods.modlauncher.NameMappingServiceHandler/MODLAUNCHER]: Identified name mapping providers {}
[07Oct2025 19:36:45.091] [main/DEBUG] [cpw.mods.modlauncher.TransformationServicesHandler/MODLAUNCHER]: Transformation services begin scanning
[07Oct2025 19:36:45.092] [main/DEBUG] [cpw.mods.modlauncher.TransformationServiceDecorator/MODLAUNCHER]: Beginning scan trigger - transformation service mixin
[07Oct2025 19:36:45.092] [main/DEBUG] [cpw.mods.modlauncher.TransformationServiceDecorator/MODLAUNCHER]: End scan trigger - transformation service mixin
[07Oct2025 19:36:45.092] [main/DEBUG] [cpw.mods.modlauncher.TransformationServiceDecorator/MODLAUNCHER]: Beginning scan trigger - transformation service fml
[07Oct2025 19:36:45.092] [main/DEBUG] [net.minecraftforge.fml.loading.FMLServiceProvider/CORE]: Initiating mod scan
[07Oct2025 19:36:45.118] [main/DEBUG] [net.minecraftforge.fml.loading.moddiscovery.ModListHandler/CORE]: Found mod coordinates from lists: []
[07Oct2025 19:36:45.121] [main/DEBUG] [net.minecraftforge.fml.loading.moddiscovery.ModDiscoverer/CORE]: Found Mod Locators : (mods folder:null),(maven libs:null),(exploded directory:null),(minecraft:null),(userdev classpath:null)
[07Oct2025 19:36:45.122] [main/DEBUG] [net.minecraftforge.fml.loading.moddiscovery.ModDiscoverer/CORE]: Found Dependency Locators : (JarInJar:null)
[07Oct2025 19:36:45.138] [main/DEBUG] [net.minecraftforge.fml.loading.moddiscovery.ModFileParser/LOADING]: Considering mod file candidate /workspaces/SERVER-MINECRAFT/servidor_minecraft/mods/alexscaves-1.1.5.jar
[07Oct2025 19:36:45.199] [main/DEBUG] [net.minecraftforge.fml.loading.moddiscovery.ModFileInfo/LOADING]: Found valid mod file alexscaves-1.1.5.jar with {alexscaves} mods - versions {1.1.5}
[07Oct2025 19:36:45.202] [main/DEBUG] [net.minecraftforge.fml.loading.moddiscovery.ModFileParser/LOADING]: Considering mod file candidate /workspaces/SERVER-MINECRAFT/servidor_minecraft/mods/Aquaculture-1.20.1-2.5.2.jar
[07Oct2025 19:36:45.203] [main/DEBUG] [net.minecraftforge.fml.loading.moddiscovery.ModFileInfo/LOADING]: Found valid mod file Aquaculture-1.20.1-2.5.2.jar with {aquaculture} mods - versions {2.5.2}
[07Oct2025 19:36:45.204] [main/DEBUG] [net.minecraftforge.fml.loading.moddiscovery.ModFileParser/LOADING]: Considering mod file candidate /workspaces/SERVER-MINECRAFT/servidor_minecraft/mods/aquamirae-forge-1.20.1-6.1.0.jar
[07Oct2025 19:36:45.206] [main/DEBUG] [net.minecraftforge.fml.loading.moddiscovery.ModFileInfo/LOADING]: Found valid mod file aquamirae-forge-1.20.1-6.1.0.jar with {aquamirae} mods - versions {6.1.0}
[07Oct2025 19:36:45.209] [main/DEBUG] [net.minecraftforge.fml.loading.moddiscovery.ModFileParser/LOADING]: Considering mod file candidate /workspaces/SERVER-MINECRAFT/servidor_minecraft/mods/architectury-9.2.14-forge.jar
[07Oct2025 19:36:45.210] [main/DEBUG] [net.minecraftforge.fml.loading.moddiscovery.ModFileInfo/LOADING]: Found valid mod file architectury-9.2.14-forge.jar with {architectury} mods - versions {9.2.14}
[07Oct2025 19:36:45.212] [main/DEBUG] [net.minecraftforge.fml.loading.moddiscovery.ModFileParser/LOADING]: Considering mod file candidate /workspaces/SERVER-MINECRAFT/servidor_minecraft/mods/ars_elemental-1.20.1-0.6.7.8.jar
[07Oct2025 19:36:45.215] [main/DEBUG] [net.minecraftforge.fml.loading.moddiscovery.ModFileInfo/LOADING]: Found valid mod file ars_elemental-1.20.1-0.6.7.8.jar with {ars_elemental} mods - versions {0.6.7.8}
[07Oct2025 19:36:45.219] [main/DEBUG] [net.minecraftforge.fml.loading.moddiscovery.ModFileParser/LOADING]: Considering mod file candidate /workspaces/SERVER-MINECRAFT/servidor_minecraft/mods/ars_nouveau-1.20.1-4.12.7-all.jar
[07Oct2025 19:36:45.221] [main/DEBUG] [net.minecraftforge.fml.loading.moddiscovery.ModFileInfo/LOADING]: Found valid mod file ars_nouveau-1.20.1-4.12.7-all.jar with {ars_nouveau} mods - versions {4.12.7}
[07Oct2025 19:36:45.221] [main/DEBUG] [net.minecraftforge.fml.loading.moddiscovery.ModFileParser/LOADING]: Considering mod file candidate /workspaces/SERVER-MINECRAFT/servidor_minecraft/mods/artifacts-forge-9.5.16.jar
[07Oct2025 19:36:45.223] [main/DEBUG] [net.minecraftforge.fml.loading.moddiscovery.ModFileInfo/LOADING]: Found valid mod file artifacts-forge-9.5.16.jar with {artifacts} mods - versions {9.5.16}
[07Oct2025 19:36:45.224] [main/DEBUG] [net.minecraftforge.fml.loading.moddiscovery.ModFileParser/LOADING]: Considering mod file candidate /workspaces/SERVER-MINECRAFT/servidor_minecraft/mods/athena-forge-1.20.1-3.1.2.jar
[07Oct2025 19:36:45.225] [main/DEBUG] [net.minecraftforge.fml.loading.moddiscovery.ModFileInfo/LOADING]: Found valid mod file athena-forge-1.20.1-3.1.2.jar with {athena} mods - versions {3.1.2}
[07Oct2025 19:36:45.226] [main/DEBUG] [net.minecraftforge.fml.loading.moddiscovery.ModFileParser/LOADING]: Considering mod file candidate /workspaces/SERVER-MINECRAFT/servidor_minecraft/mods/BOMD-Forge-1.20.1-1.1.2.jar
[07Oct2025 19:36:45.228] [main/DEBUG] [net.minecraftforge.fml.loading.moddiscovery.ModFileInfo/LOADING]: Found valid mod file BOMD-Forge-1.20.1-1.1.2.jar with {bosses_of_mass_destruction} mods - versions {1.1.2}
[07Oct2025 19:36:45.233] [main/DEBUG] [net.minecraftforge.fml.loading.moddiscovery.ModFileParser/LOADING]: Considering mod file candidate /workspaces/SERVER-MINECRAFT/servidor_minecraft/mods/Bookshelf-Forge-1.20.1-20.2.13.jar
[07Oct2025 19:36:45.235] [main/DEBUG] [net.minecraftforge.fml.loading.moddiscovery.ModFileInfo/LOADING]: Found valid mod file Bookshelf-Forge-1.20.1-20.2.13.jar with {bookshelf} mods - versions {20.2.13}
[07Oct2025 19:36:45.237] [main/DEBUG] [net.minecraftforge.fml.loading.moddiscovery.ModFileParser/LOADING]: Considering mod file candidate /workspaces/SERVER-MINECRAFT/servidor_minecraft/mods/born_in_chaos_[Forge]1.20.1_1.7.2.jar
[07Oct2025 19:36:45.238] [main/DEBUG] [net.minecraftforge.fml.loading.moddiscovery.ModFileInfo/LOADING]: Found valid mod file born_in_chaos_[Forge]1.20.1_1.7.2.jar with {born_in_chaos_v1} mods - versions {1.7.2}
[07Oct2025 19:36:45.239] [main/DEBUG] [net.minecraftforge.fml.loading.moddiscovery.ModFileParser/LOADING]: Considering mod file candidate /workspaces/SERVER-MINECRAFT/servidor_minecraft/mods/camera-forge-1.20.1-1.0.12.jar
[07Oct2025 19:36:45.240] [main/DEBUG] [net.minecraftforge.fml.loading.moddiscovery.ModFileInfo/LOADING]: Found valid mod file camera-forge-1.20.1-1.0.12.jar with {camera} mods - versions {1.20.1-1.0.12}
[07Oct2025 19:36:45.241] [main/DEBUG] [net.minecraftforge.fml.loading.moddiscovery.ModFileParser/LOADING]: Considering mod file candidate /workspaces/SERVER-MINECRAFT/servidor_minecraft/mods/CerbonsAPI-Forge-1.20.1-1.1.0.jar
[07Oct2025 19:36:45.241] [main/DEBUG] [net.minecraftforge.fml.loading.moddiscovery.ModFileInfo/LOADING]: Found valid mod file CerbonsAPI-Forge-1.20.1-1.1.0.jar with {cerbons_api} mods - versions {1.1.0}
[07Oct2025 19:36:45.250] [main/DEBUG] [net.minecraftforge.fml.loading.moddiscovery.ModFileParser/LOADING]: Considering mod file candidate /workspaces/SERVER-MINECRAFT/servidor_minecraft/mods/chisel-forge-2.0.0+mc1.20.1.jar
[07Oct2025 19:36:45.251] [main/DEBUG] [net.minecraftforge.fml.loading.moddiscovery.ModFileInfo/LOADING]: Found valid mod file chisel-forge-2.0.0+mc1.20.1.jar with {chisel} mods - versions {2.0.0+mc1.20.1}
[07Oct2025 19:36:45.253] [main/DEBUG] [net.minecraftforge.fml.loading.moddiscovery.ModFileParser/LOADING]: Considering mod file candidate /workspaces/SERVER-MINECRAFT/servidor_minecraft/mods/citadel-2.6.0-1.20.1.jar
[07Oct2025 19:36:45.254] [main/DEBUG] [net.minecraftforge.fml.loading.moddiscovery.ModFileInfo/LOADING]: Found valid mod file citadel-2.6.0-1.20.1.jar with {citadel} mods - versions {2.6.0}
[07Oct2025 19:36:45.255] [main/DEBUG] [net.minecraftforge.fml.loading.moddiscovery.ModFileParser/LOADING]: Considering mod file candidate /workspaces/SERVER-MINECRAFT/servidor_minecraft/mods/cloth-config-11.1.118-forge.jar
[07Oct2025 19:36:45.256] [main/DEBUG] [net.minecraftforge.fml.loading.moddiscovery.ModFileInfo/LOADING]: Found valid mod file cloth-config-11.1.118-forge.jar with {cloth_config} mods - versions {11.1.118}
[07Oct2025 19:36:45.257] [main/DEBUG] [net.minecraftforge.fml.loading.moddiscovery.ModFileParser/LOADING]: Considering mod file candidate /workspaces/SERVER-MINECRAFT/servidor_minecraft/mods/cryonicconfig-forge-1.0.0+mc1.20.1.jar
[07Oct2025 19:36:45.257] [main/DEBUG] [net.minecraftforge.fml.loading.moddiscovery.ModFileInfo/LOADING]: Found valid mod file cryonicconfig-forge-1.0.0+mc1.20.1.jar with {cryonicconfig} mods - versions {1.0.0+mc1.20.1}
[07Oct2025 19:36:45.258] [main/DEBUG] [net.minecraftforge.fml.loading.moddiscovery.ModFileParser/LOADING]: Considering mod file candidate /workspaces/SERVER-MINECRAFT/servidor_minecraft/mods/curios-forge-5.14.1+1.20.1.jar
[07Oct2025 19:36:45.259] [main/DEBUG] [net.minecraftforge.fml.loading.moddiscovery.ModFileInfo/LOADING]: Found valid mod file curios-forge-5.14.1+1.20.1.jar with {curios} mods - versions {5.14.1+1.20.1}
[07Oct2025 19:36:45.261] [main/DEBUG] [net.minecraftforge.fml.loading.moddiscovery.ModFileParser/LOADING]: Considering mod file candidate /workspaces/SERVER-MINECRAFT/servidor_minecraft/mods/deeperdarker-forge-1.20.1-1.3.3.jar
[07Oct2025 19:36:45.261] [main/DEBUG] [net.minecraftforge.fml.loading.moddiscovery.ModFileInfo/LOADING]: Found valid mod file deeperdarker-forge-1.20.1-1.3.3.jar with {deeperdarker} mods - versions {1.3.3}
[07Oct2025 19:36:45.263] [main/DEBUG] [net.minecraftforge.fml.loading.moddiscovery.ModFileParser/LOADING]: Considering mod file candidate /workspaces/SERVER-MINECRAFT/servidor_minecraft/mods/DungeonsArise-1.20.x-2.1.58-release.jar
[07Oct2025 19:36:45.264] [main/DEBUG] [net.minecraftforge.fml.loading.moddiscovery.ModFileInfo/LOADING]: Found valid mod file DungeonsArise-1.20.x-2.1.58-release.jar with {dungeons_arise} mods - versions {2.1.58-1.20.x}
[07Oct2025 19:36:45.266] [main/DEBUG] [net.minecraftforge.fml.loading.moddiscovery.ModFileParser/LOADING]: Considering mod file candidate /workspaces/SERVER-MINECRAFT/servidor_minecraft/mods/EasyMagic-v8.0.1-1.20.1-Forge.jar
[07Oct2025 19:36:45.267] [main/DEBUG] [net.minecraftforge.fml.loading.moddiscovery.ModFileInfo/LOADING]: Found valid mod file EasyMagic-v8.0.1-1.20.1-Forge.jar with {easymagic} mods - versions {8.0.1}
[07Oct2025 19:36:45.270] [main/DEBUG] [net.minecraftforge.fml.loading.moddiscovery.ModFileParser/LOADING]: Considering mod file candidate /workspaces/SERVER-MINECRAFT/servidor_minecraft/mods/EnchantmentDescriptions-Forge-1.20.1-17.1.19.jar
[07Oct2025 19:36:45.271] [main/DEBUG] [net.minecraftforge.fml.loading.moddiscovery.ModFileInfo/LOADING]: Found valid mod file EnchantmentDescriptions-Forge-1.20.1-17.1.19.jar with {enchdesc} mods - versions {17.1.19}
[07Oct2025 19:36:45.274] [main/DEBUG] [net.minecraftforge.fml.loading.moddiscovery.ModFileParser/LOADING]: Considering mod file candidate /workspaces/SERVER-MINECRAFT/servidor_minecraft/mods/ferritecore-6.0.1-forge.jar
[07Oct2025 19:36:45.275] [main/DEBUG] [net.minecraftforge.fml.loading.moddiscovery.ModFileInfo/LOADING]: Found valid mod file ferritecore-6.0.1-forge.jar with {ferritecore} mods - versions {6.0.1}
[07Oct2025 19:36:45.278] [main/DEBUG] [net.minecraftforge.fml.loading.moddiscovery.ModFileParser/LOADING]: Considering mod file candidate /workspaces/SERVER-MINECRAFT/servidor_minecraft/mods/framework-forge-1.20.1-0.7.6.jar
[07Oct2025 19:36:45.279] [main/DEBUG] [net.minecraftforge.fml.loading.moddiscovery.ModFileInfo/LOADING]: Found valid mod file framework-forge-1.20.1-0.7.6.jar with {framework} mods - versions {0.7.6}
[07Oct2025 19:36:45.280] [main/DEBUG] [net.minecraftforge.fml.loading.moddiscovery.ModFileParser/LOADING]: Considering mod file candidate /workspaces/SERVER-MINECRAFT/servidor_minecraft/mods/geckolib-forge-1.20.1-4.4.7.jar
[07Oct2025 19:36:45.280] [main/DEBUG] [net.minecraftforge.fml.loading.moddiscovery.ModFileInfo/LOADING]: Found valid mod file geckolib-forge-1.20.1-4.4.7.jar with {geckolib} mods - versions {4.4.7}
[07Oct2025 19:36:45.283] [main/DEBUG] [net.minecraftforge.fml.loading.moddiscovery.ModFileParser/LOADING]: Considering mod file candidate /workspaces/SERVER-MINECRAFT/servidor_minecraft/mods/goblintraders-forge-1.20.1-1.9.3.jar
[07Oct2025 19:36:45.284] [main/DEBUG] [net.minecraftforge.fml.loading.moddiscovery.ModFileInfo/LOADING]: Found valid mod file goblintraders-forge-1.20.1-1.9.3.jar with {goblintraders} mods - versions {1.9.3}
[07Oct2025 19:36:45.291] [main/DEBUG] [net.minecraftforge.fml.loading.moddiscovery.ModFileParser/LOADING]: Considering mod file candidate /workspaces/SERVER-MINECRAFT/servidor_minecraft/mods/handcrafted-forge-1.20.1-3.0.6.jar
[07Oct2025 19:36:45.292] [main/DEBUG] [net.minecraftforge.fml.loading.moddiscovery.ModFileInfo/LOADING]: Found valid mod file handcrafted-forge-1.20.1-3.0.6.jar with {handcrafted} mods - versions {3.0.6}
[07Oct2025 19:36:45.295] [main/DEBUG] [net.minecraftforge.fml.loading.moddiscovery.ModFileParser/LOADING]: Considering mod file candidate /workspaces/SERVER-MINECRAFT/servidor_minecraft/mods/iceandfire-2.1.13-1.20.1-beta-5.jar
[07Oct2025 19:36:45.296] [main/DEBUG] [net.minecraftforge.fml.loading.moddiscovery.ModFileInfo/LOADING]: Found valid mod file iceandfire-2.1.13-1.20.1-beta-5.jar with {iceandfire} mods - versions {2.1.13-1.20.1}
[07Oct2025 19:36:45.297] [main/DEBUG] [net.minecraftforge.fml.loading.moddiscovery.ModFileParser/LOADING]: Considering mod file candidate /workspaces/SERVER-MINECRAFT/servidor_minecraft/mods/Jade-1.20.1-forge-11.9.4.jar
[07Oct2025 19:36:45.298] [main/DEBUG] [net.minecraftforge.fml.loading.moddiscovery.ModFileInfo/LOADING]: Found valid mod file Jade-1.20.1-forge-11.9.4.jar with {jade} mods - versions {11.9.4+forge}
[07Oct2025 19:36:45.299] [main/DEBUG] [net.minecraftforge.fml.loading.moddiscovery.ModFileParser/LOADING]: Considering mod file candidate /workspaces/SERVER-MINECRAFT/servidor_minecraft/mods/jei-1.20.1-forge-15.8.0.16.jar
[07Oct2025 19:36:45.301] [main/DEBUG] [net.minecraftforge.fml.loading.moddiscovery.ModFileInfo/LOADING]: Found valid mod file jei-1.20.1-forge-15.8.0.16.jar with {jei} mods - versions {15.8.0.16}
[07Oct2025 19:36:45.305] [main/DEBUG] [net.minecraftforge.fml.loading.moddiscovery.ModFileParser/LOADING]: Considering mod file candidate /workspaces/SERVER-MINECRAFT/servidor_minecraft/mods/journeymap-1.20.1-5.10.1-forge.jar
[07Oct2025 19:36:45.306] [main/DEBUG] [net.minecraftforge.fml.loading.moddiscovery.ModFileInfo/LOADING]: Found valid mod file journeymap-1.20.1-5.10.1-forge.jar with {journeymap} mods - versions {5.10.1}
[07Oct2025 19:36:45.307] [main/DEBUG] [net.minecraftforge.fml.loading.moddiscovery.ModFileParser/LOADING]: Considering mod file candidate /workspaces/SERVER-MINECRAFT/servidor_minecraft/mods/lithostitched-forge-1.20.1-1.1.6.jar
[07Oct2025 19:36:45.308] [main/DEBUG] [net.minecraftforge.fml.loading.moddiscovery.ModFileInfo/LOADING]: Found valid mod file lithostitched-forge-1.20.1-1.1.6.jar with {lithostitched} mods - versions {1.1.5}
[07Oct2025 19:36:45.309] [main/DEBUG] [net.minecraftforge.fml.loading.moddiscovery.ModFileParser/LOADING]: Considering mod file candidate /workspaces/SERVER-MINECRAFT/servidor_minecraft/mods/mcw-doors-1.1.2-mc1.20.1forge.jar
[07Oct2025 19:36:45.310] [main/DEBUG] [net.minecraftforge.fml.loading.moddiscovery.ModFileInfo/LOADING]: Found valid mod file mcw-doors-1.1.2-mc1.20.1forge.jar with {mcwdoors} mods - versions {1.1.2}
[07Oct2025 19:36:45.312] [main/DEBUG] [net.minecraftforge.fml.loading.moddiscovery.ModFileParser/LOADING]: Considering mod file candidate /workspaces/SERVER-MINECRAFT/servidor_minecraft/mods/mcw-mcwwindows-2.4.1-mc1.20.1forge.jar
[07Oct2025 19:36:45.313] [main/DEBUG] [net.minecraftforge.fml.loading.moddiscovery.ModFileInfo/LOADING]: Found valid mod file mcw-mcwwindows-2.4.1-mc1.20.1forge.jar with {mcwwindows} mods - versions {2.4.1}
[07Oct2025 19:36:45.314] [main/DEBUG] [net.minecraftforge.fml.loading.moddiscovery.ModFileParser/LOADING]: Considering mod file candidate /workspaces/SERVER-MINECRAFT/servidor_minecraft/mods/modernfix-forge-5.18.10+mc1.20.1.jar
[07Oct2025 19:36:45.315] [main/DEBUG] [net.minecraftforge.fml.loading.moddiscovery.ModFileInfo/LOADING]: Found valid mod file modernfix-forge-5.18.10+mc1.20.1.jar with {modernfix} mods - versions {5.18.10+mc1.20.1}
[07Oct2025 19:36:45.316] [main/DEBUG] [net.minecraftforge.fml.loading.moddiscovery.ModFileParser/LOADING]: Considering mod file candidate /workspaces/SERVER-MINECRAFT/servidor_minecraft/mods/monolib-forge-1.20.1-1.3.0.jar
[07Oct2025 19:36:45.317] [main/DEBUG] [net.minecraftforge.fml.loading.moddiscovery.ModFileInfo/LOADING]: Found valid mod file monolib-forge-1.20.1-1.3.0.jar with {monolib} mods - versions {1.3.0}
[07Oct2025 19:36:45.318] [main/DEBUG] [net.minecraftforge.fml.loading.moddiscovery.ModFileParser/LOADING]: Considering mod file candidate /workspaces/SERVER-MINECRAFT/servidor_minecraft/mods/morebowsandarrows-merged-1.20.1-3.0.1.jar
[07Oct2025 19:36:45.319] [main/DEBUG] [net.minecraftforge.fml.loading.moddiscovery.ModFileInfo/LOADING]: Found valid mod file morebowsandarrows-merged-1.20.1-3.0.1.jar with {morebowsandarrows} mods - versions {3.0.1}
[07Oct2025 19:36:45.320] [main/DEBUG] [net.minecraftforge.fml.loading.moddiscovery.ModFileParser/LOADING]: Considering mod file candidate /workspaces/SERVER-MINECRAFT/servidor_minecraft/mods/obscure_api-15.jar
[07Oct2025 19:36:45.320] [main/DEBUG] [net.minecraftforge.fml.loading.moddiscovery.ModFileInfo/LOADING]: Found valid mod file obscure_api-15.jar with {obscure_api} mods - versions {15}
[07Oct2025 19:36:45.321] [main/DEBUG] [net.minecraftforge.fml.loading.moddiscovery.ModFileParser/LOADING]: Considering mod file candidate /workspaces/SERVER-MINECRAFT/servidor_minecraft/mods/Patchouli-1.20.1-84.1-FORGE.jar
[07Oct2025 19:36:45.322] [main/DEBUG] [net.minecraftforge.fml.loading.moddiscovery.ModFileInfo/LOADING]: Found valid mod file Patchouli-1.20.1-84.1-FORGE.jar with {patchouli} mods - versions {1.20.1-84.1-FORGE}
[07Oct2025 19:36:45.328] [main/DEBUG] [net.minecraftforge.fml.loading.moddiscovery.ModFileParser/LOADING]: Considering mod file candidate /workspaces/SERVER-MINECRAFT/servidor_minecraft/mods/PuzzlesLib-v8.1.21-1.20.1-Forge.jar
[07Oct2025 19:36:45.329] [main/DEBUG] [net.minecraftforge.fml.loading.moddiscovery.ModFileInfo/LOADING]: Found valid mod file PuzzlesLib-v8.1.21-1.20.1-Forge.jar with {puzzleslib} mods - versions {8.1.21}
[07Oct2025 19:36:45.330] [main/DEBUG] [net.minecraftforge.fml.loading.moddiscovery.ModFileParser/LOADING]: Considering mod file candidate /workspaces/SERVER-MINECRAFT/servidor_minecraft/mods/resourcefullib-forge-1.20.1-2.1.29.jar
[07Oct2025 19:36:45.331] [main/DEBUG] [net.minecraftforge.fml.loading.moddiscovery.ModFileInfo/LOADING]: Found valid mod file resourcefullib-forge-1.20.1-2.1.29.jar with {resourcefullib} mods - versions {2.1.29}
[07Oct2025 19:36:45.332] [main/DEBUG] [net.minecraftforge.fml.loading.moddiscovery.ModFileParser/LOADING]: Considering mod file candidate /workspaces/SERVER-MINECRAFT/servidor_minecraft/mods/ScalingHealth-1.20.1-8.0.2+9.jar
[07Oct2025 19:36:45.332] [main/DEBUG] [net.minecraftforge.fml.loading.moddiscovery.ModFileInfo/LOADING]: Found valid mod file ScalingHealth-1.20.1-8.0.2+9.jar with {scalinghealth} mods - versions {8.0.2+9}
[07Oct2025 19:36:45.333] [main/DEBUG] [net.minecraftforge.fml.loading.moddiscovery.ModFileParser/LOADING]: Considering mod file candidate /workspaces/SERVER-MINECRAFT/servidor_minecraft/mods/silent-lib-1.20.1-8.0.0.jar
[07Oct2025 19:36:45.334] [main/DEBUG] [net.minecraftforge.fml.loading.moddiscovery.ModFileInfo/LOADING]: Found valid mod file silent-lib-1.20.1-8.0.0.jar with {silentlib} mods - versions {8.0.0}
[07Oct2025 19:36:45.336] [main/DEBUG] [net.minecraftforge.fml.loading.moddiscovery.ModFileParser/LOADING]: Considering mod file candidate /workspaces/SERVER-MINECRAFT/servidor_minecraft/mods/simplyswords-forge-1.55.0-1.20.1.jar
[07Oct2025 19:36:45.337] [main/DEBUG] [net.minecraftforge.fml.loading.moddiscovery.ModFileInfo/LOADING]: Found valid mod file simplyswords-forge-1.55.0-1.20.1.jar with {simplyswords} mods - versions {1.55.0-1.20.1}
[07Oct2025 19:36:45.339] [main/DEBUG] [net.minecraftforge.fml.loading.moddiscovery.ModFileParser/LOADING]: Considering mod file candidate /workspaces/SERVER-MINECRAFT/servidor_minecraft/mods/SpartanShields-1.20.1-forge-3.1.1.jar
[07Oct2025 19:36:45.339] [main/DEBUG] [net.minecraftforge.fml.loading.moddiscovery.ModFileInfo/LOADING]: Found valid mod file SpartanShields-1.20.1-forge-3.1.1.jar with {spartanshields} mods - versions {3.1.1}
[07Oct2025 19:36:45.341] [main/DEBUG] [net.minecraftforge.fml.loading.moddiscovery.ModFileParser/LOADING]: Considering mod file candidate /workspaces/SERVER-MINECRAFT/servidor_minecraft/mods/StorageDrawers-forge-1.20.1-12.14.3.jar
[07Oct2025 19:36:45.341] [main/DEBUG] [net.minecraftforge.fml.loading.moddiscovery.ModFileInfo/LOADING]: Found valid mod file StorageDrawers-forge-1.20.1-12.14.3.jar with {storagedrawers} mods - versions {12.14.3}
[07Oct2025 19:36:45.346] [main/DEBUG] [net.minecraftforge.fml.loading.moddiscovery.ModFileParser/LOADING]: Considering mod file candidate /workspaces/SERVER-MINECRAFT/servidor_minecraft/mods/tl_skin_cape_forge_1.20_1.20.1-1.32.jar
[07Oct2025 19:36:45.347] [main/DEBUG] [net.minecraftforge.fml.loading.moddiscovery.ModFileInfo/LOADING]: Found valid mod file tl_skin_cape_forge_1.20_1.20.1-1.32.jar with {tlskincape} mods - versions {1.32}
[07Oct2025 19:36:45.348] [main/DEBUG] [net.minecraftforge.fml.loading.moddiscovery.ModFileParser/LOADING]: Considering mod file candidate /workspaces/SERVER-MINECRAFT/servidor_minecraft/mods/tombstone-1.20.1-8.6.7.jar
[07Oct2025 19:36:45.349] [main/DEBUG] [net.minecraftforge.fml.loading.moddiscovery.ModFileInfo/LOADING]: Found valid mod file tombstone-1.20.1-8.6.7.jar with {tombstone} mods - versions {8.6.7}
[07Oct2025 19:36:45.350] [main/DEBUG] [net.minecraftforge.fml.loading.moddiscovery.ModFileParser/LOADING]: Considering mod file candidate /workspaces/SERVER-MINECRAFT/servidor_minecraft/mods/travelersbackpack-forge-1.20.1-9.1.15.jar
[07Oct2025 19:36:45.350] [main/DEBUG] [net.minecraftforge.fml.loading.moddiscovery.ModFileInfo/LOADING]: Found valid mod file travelersbackpack-forge-1.20.1-9.1.15.jar with {travelersbackpack} mods - versions {9.1.15}
[07Oct2025 19:36:45.355] [main/DEBUG] [net.minecraftforge.fml.loading.moddiscovery.ModFileParser/LOADING]: Considering mod file candidate /workspaces/SERVER-MINECRAFT/servidor_minecraft/mods/twilightforest-1.20.1-4.3.2508-universal.jar
[07Oct2025 19:36:45.356] [main/DEBUG] [net.minecraftforge.fml.loading.moddiscovery.ModFileInfo/LOADING]: Found valid mod file twilightforest-1.20.1-4.3.2508-universal.jar with {twilightforest} mods - versions {4.3.2508}
[07Oct2025 19:36:45.356] [main/DEBUG] [net.minecraftforge.fml.loading.moddiscovery.ModFileParser/LOADING]: Considering mod file candidate /workspaces/SERVER-MINECRAFT/servidor_minecraft/mods/voicechat-forge-1.20.1-2.5.20.jar
[07Oct2025 19:36:45.357] [main/DEBUG] [net.minecraftforge.fml.loading.moddiscovery.ModFileInfo/LOADING]: Found valid mod file voicechat-forge-1.20.1-2.5.20.jar with {voicechat} mods - versions {1.20.1-2.5.20}
[07Oct2025 19:36:45.432] [main/DEBUG] [net.minecraftforge.fml.loading.moddiscovery.ModFileInfo/LOADING]: Found valid mod file server-1.20.1-20230612.114412-srg.jar with {minecraft} mods - versions {1.20.1}
[07Oct2025 19:36:45.434] [main/DEBUG] [net.minecraftforge.fml.loading.moddiscovery.ModFileParser/LOADING]: Considering mod file candidate /workspaces/SERVER-MINECRAFT/servidor_minecraft/libraries/net/minecraftforge/fmlcore/1.20.1-47.3.7/fmlcore-1.20.1-47.3.7.jar
[07Oct2025 19:36:45.434] [main/WARN] [net.minecraftforge.fml.loading.moddiscovery.ModFileParser/LOADING]: Mod file /workspaces/SERVER-MINECRAFT/servidor_minecraft/libraries/net/minecraftforge/fmlcore/1.20.1-47.3.7/fmlcore-1.20.1-47.3.7.jar is missing mods.toml file
[07Oct2025 19:36:45.436] [main/DEBUG] [net.minecraftforge.fml.loading.moddiscovery.ModFileParser/LOADING]: Considering mod file candidate /workspaces/SERVER-MINECRAFT/servidor_minecraft/libraries/net/minecraftforge/javafmllanguage/1.20.1-47.3.7/javafmllanguage-1.20.1-47.3.7.jar
[07Oct2025 19:36:45.437] [main/WARN] [net.minecraftforge.fml.loading.moddiscovery.ModFileParser/LOADING]: Mod file /workspaces/SERVER-MINECRAFT/servidor_minecraft/libraries/net/minecraftforge/javafmllanguage/1.20.1-47.3.7/javafmllanguage-1.20.1-47.3.7.jar is missing mods.toml file
[07Oct2025 19:36:45.438] [main/DEBUG] [net.minecraftforge.fml.loading.moddiscovery.ModFileParser/LOADING]: Considering mod file candidate /workspaces/SERVER-MINECRAFT/servidor_minecraft/libraries/net/minecraftforge/lowcodelanguage/1.20.1-47.3.7/lowcodelanguage-1.20.1-47.3.7.jar
[07Oct2025 19:36:45.438] [main/WARN] [net.minecraftforge.fml.loading.moddiscovery.ModFileParser/LOADING]: Mod file /workspaces/SERVER-MINECRAFT/servidor_minecraft/libraries/net/minecraftforge/lowcodelanguage/1.20.1-47.3.7/lowcodelanguage-1.20.1-47.3.7.jar is missing mods.toml file
[07Oct2025 19:36:45.439] [main/DEBUG] [net.minecraftforge.fml.loading.moddiscovery.ModFileParser/LOADING]: Considering mod file candidate /workspaces/SERVER-MINECRAFT/servidor_minecraft/libraries/net/minecraftforge/mclanguage/1.20.1-47.3.7/mclanguage-1.20.1-47.3.7.jar
[07Oct2025 19:36:45.439] [main/WARN] [net.minecraftforge.fml.loading.moddiscovery.ModFileParser/LOADING]: Mod file /workspaces/SERVER-MINECRAFT/servidor_minecraft/libraries/net/minecraftforge/mclanguage/1.20.1-47.3.7/mclanguage-1.20.1-47.3.7.jar is missing mods.toml file
[07Oct2025 19:36:45.473] [main/DEBUG] [net.minecraftforge.fml.loading.moddiscovery.ModFileParser/LOADING]: Considering mod file candidate /workspaces/SERVER-MINECRAFT/servidor_minecraft/libraries/net/minecraftforge/forge/1.20.1-47.3.7/forge-1.20.1-47.3.7-universal.jar
[07Oct2025 19:36:45.474] [main/DEBUG] [net.minecraftforge.fml.loading.moddiscovery.ModFileInfo/LOADING]: Found valid mod file forge-1.20.1-47.3.7-universal.jar with {forge} mods - versions {47.3.7}
[07Oct2025 19:36:45.487] [main/DEBUG] [net.minecraftforge.fml.loading.moddiscovery.AbstractJarFileDependencyLocator/]: Failed to load resource META-INF/jarjar/metadata.json from jei-1.20.1-forge-15.8.0.16.jar, it does not contain dependency information.
[07Oct2025 19:36:45.488] [main/DEBUG] [net.minecraftforge.fml.loading.moddiscovery.AbstractJarFileDependencyLocator/]: Failed to load resource META-INF/jarjar/metadata.json from lithostitched-forge-1.20.1-1.1.6.jar, it does not contain dependency information.
[07Oct2025 19:36:45.488] [main/DEBUG] [net.minecraftforge.fml.loading.moddiscovery.AbstractJarFileDependencyLocator/]: Failed to load resource META-INF/jarjar/metadata.json from goblintraders-forge-1.20.1-1.9.3.jar, it does not contain dependency information.
[07Oct2025 19:36:45.489] [main/DEBUG] [net.minecraftforge.fml.loading.moddiscovery.AbstractJarFileDependencyLocator/]: Failed to load resource META-INF/jarjar/metadata.json from mcw-mcwwindows-2.4.1-mc1.20.1forge.jar, it does not contain dependency information.
[07Oct2025 19:36:45.489] [main/DEBUG] [net.minecraftforge.fml.loading.moddiscovery.AbstractJarFileDependencyLocator/]: Failed to load resource META-INF/jarjar/metadata.json from obscure_api-15.jar, it does not contain dependency information.
[07Oct2025 19:36:45.489] [main/DEBUG] [net.minecraftforge.fml.loading.moddiscovery.AbstractJarFileDependencyLocator/]: Failed to load resource META-INF/jarjar/metadata.json from journeymap-1.20.1-5.10.1-forge.jar, it does not contain dependency information.
[07Oct2025 19:36:45.490] [main/DEBUG] [net.minecraftforge.fml.loading.moddiscovery.AbstractJarFileDependencyLocator/]: Failed to load resource META-INF/jarjar/metadata.json from citadel-2.6.0-1.20.1.jar, it does not contain dependency information.
[07Oct2025 19:36:45.490] [main/DEBUG] [net.minecraftforge.fml.loading.moddiscovery.AbstractJarFileDependencyLocator/]: Failed to load resource META-INF/jarjar/metadata.json from travelersbackpack-forge-1.20.1-9.1.15.jar, it does not contain dependency information.
[07Oct2025 19:36:45.490] [main/DEBUG] [net.minecraftforge.fml.loading.moddiscovery.AbstractJarFileDependencyLocator/]: Failed to load resource META-INF/jarjar/metadata.json from Bookshelf-Forge-1.20.1-20.2.13.jar, it does not contain dependency information.
[07Oct2025 19:36:45.491] [main/DEBUG] [net.minecraftforge.fml.loading.moddiscovery.AbstractJarFileDependencyLocator/]: Failed to load resource META-INF/jarjar/metadata.json from mcw-doors-1.1.2-mc1.20.1forge.jar, it does not contain dependency information.
[07Oct2025 19:36:45.491] [main/DEBUG] [net.minecraftforge.fml.loading.moddiscovery.AbstractJarFileDependencyLocator/]: Failed to load resource META-INF/jarjar/metadata.json from iceandfire-2.1.13-1.20.1-beta-5.jar, it does not contain dependency information.
[07Oct2025 19:36:45.491] [main/DEBUG] [net.minecraftforge.fml.loading.moddiscovery.AbstractJarFileDependencyLocator/]: Failed to load resource META-INF/jarjar/metadata.json from BOMD-Forge-1.20.1-1.1.2.jar, it does not contain dependency information.
[07Oct2025 19:36:45.491] [main/DEBUG] [net.minecraftforge.fml.loading.moddiscovery.AbstractJarFileDependencyLocator/]: Failed to load resource META-INF/jarjar/metadata.json from cloth-config-11.1.118-forge.jar, it does not contain dependency information.
[07Oct2025 19:36:45.491] [main/DEBUG] [net.minecraftforge.fml.loading.moddiscovery.AbstractJarFileDependencyLocator/]: Failed to load resource META-INF/jarjar/metadata.json from forge-1.20.1-47.3.7-universal.jar, it does not contain dependency information.
[07Oct2025 19:36:45.492] [main/DEBUG] [net.minecraftforge.fml.loading.moddiscovery.AbstractJarFileDependencyLocator/]: Failed to load resource META-INF/jarjar/metadata.json from twilightforest-1.20.1-4.3.2508-universal.jar, it does not contain dependency information.
[07Oct2025 19:36:45.492] [main/DEBUG] [net.minecraftforge.fml.loading.moddiscovery.AbstractJarFileDependencyLocator/]: Failed to load resource META-INF/jarjar/metadata.json from tl_skin_cape_forge_1.20_1.20.1-1.32.jar, it does not contain dependency information.
[07Oct2025 19:36:45.492] [main/DEBUG] [net.minecraftforge.fml.loading.moddiscovery.AbstractJarFileDependencyLocator/]: Failed to load resource META-INF/jarjar/metadata.json from athena-forge-1.20.1-3.1.2.jar, it does not contain dependency information.
[07Oct2025 19:36:45.492] [main/DEBUG] [net.minecraftforge.fml.loading.moddiscovery.AbstractJarFileDependencyLocator/]: Failed to load resource META-INF/jarjar/metadata.json from DungeonsArise-1.20.x-2.1.58-release.jar, it does not contain dependency information.
[07Oct2025 19:36:45.492] [main/DEBUG] [net.minecraftforge.fml.loading.moddiscovery.AbstractJarFileDependencyLocator/]: Failed to load resource META-INF/jarjar/metadata.json from server-1.20.1-20230612.114412-srg.jar, it does not contain dependency information.
[07Oct2025 19:36:45.493] [main/DEBUG] [net.minecraftforge.fml.loading.moddiscovery.AbstractJarFileDependencyLocator/]: Failed to load resource META-INF/jarjar/metadata.json from handcrafted-forge-1.20.1-3.0.6.jar, it does not contain dependency information.
[07Oct2025 19:36:45.493] [main/DEBUG] [net.minecraftforge.fml.loading.moddiscovery.AbstractJarFileDependencyLocator/]: Failed to load resource META-INF/jarjar/metadata.json from alexscaves-1.1.5.jar, it does not contain dependency information.
[07Oct2025 19:36:45.493] [main/DEBUG] [net.minecraftforge.fml.loading.moddiscovery.AbstractJarFileDependencyLocator/]: Failed to load resource META-INF/jarjar/metadata.json from voicechat-forge-1.20.1-2.5.20.jar, it does not contain dependency information.
[07Oct2025 19:36:45.494] [main/DEBUG] [net.minecraftforge.fml.loading.moddiscovery.AbstractJarFileDependencyLocator/]: Failed to load resource META-INF/jarjar/metadata.json from simplyswords-forge-1.55.0-1.20.1.jar, it does not contain dependency information.
[07Oct2025 19:36:45.494] [main/DEBUG] [net.minecraftforge.fml.loading.moddiscovery.AbstractJarFileDependencyLocator/]: Failed to load resource META-INF/jarjar/metadata.json from EnchantmentDescriptions-Forge-1.20.1-17.1.19.jar, it does not contain dependency information.
[07Oct2025 19:36:45.494] [main/DEBUG] [net.minecraftforge.fml.loading.moddiscovery.AbstractJarFileDependencyLocator/]: Failed to load resource META-INF/jarjar/metadata.json from morebowsandarrows-merged-1.20.1-3.0.1.jar, it does not contain dependency information.
[07Oct2025 19:36:45.495] [main/DEBUG] [net.minecraftforge.fml.loading.moddiscovery.AbstractJarFileDependencyLocator/]: Failed to load resource META-INF/jarjar/metadata.json from silent-lib-1.20.1-8.0.0.jar, it does not contain dependency information.
[07Oct2025 19:36:45.495] [main/DEBUG] [net.minecraftforge.fml.loading.moddiscovery.AbstractJarFileDependencyLocator/]: Failed to load resource META-INF/jarjar/metadata.json from Jade-1.20.1-forge-11.9.4.jar, it does not contain dependency information.
[07Oct2025 19:36:45.495] [main/DEBUG] [net.minecraftforge.fml.loading.moddiscovery.AbstractJarFileDependencyLocator/]: Failed to load resource META-INF/jarjar/metadata.json from born_in_chaos_[Forge]1.20.1_1.7.2.jar, it does not contain dependency information.
[07Oct2025 19:36:45.495] [main/DEBUG] [net.minecraftforge.fml.loading.moddiscovery.AbstractJarFileDependencyLocator/]: Failed to load resource META-INF/jarjar/metadata.json from curios-forge-5.14.1+1.20.1.jar, it does not contain dependency information.
[07Oct2025 19:36:45.495] [main/DEBUG] [net.minecraftforge.fml.loading.moddiscovery.AbstractJarFileDependencyLocator/]: Failed to load resource META-INF/jarjar/metadata.json from SpartanShields-1.20.1-forge-3.1.1.jar, it does not contain dependency information.
[07Oct2025 19:36:45.496] [main/DEBUG] [net.minecraftforge.fml.loading.moddiscovery.AbstractJarFileDependencyLocator/]: Failed to load resource META-INF/jarjar/metadata.json from Patchouli-1.20.1-84.1-FORGE.jar, it does not contain dependency information.
[07Oct2025 19:36:45.496] [main/DEBUG] [net.minecraftforge.fml.loading.moddiscovery.AbstractJarFileDependencyLocator/]: Failed to load resource META-INF/jarjar/metadata.json from CerbonsAPI-Forge-1.20.1-1.1.0.jar, it does not contain dependency information.
[07Oct2025 19:36:45.496] [main/DEBUG] [net.minecraftforge.fml.loading.moddiscovery.AbstractJarFileDependencyLocator/]: Failed to load resource META-INF/jarjar/metadata.json from camera-forge-1.20.1-1.0.12.jar, it does not contain dependency information.
[07Oct2025 19:36:45.496] [main/DEBUG] [net.minecraftforge.fml.loading.moddiscovery.AbstractJarFileDependencyLocator/]: Failed to load resource META-INF/jarjar/metadata.json from StorageDrawers-forge-1.20.1-12.14.3.jar, it does not contain dependency information.
[07Oct2025 19:36:45.496] [main/DEBUG] [net.minecraftforge.fml.loading.moddiscovery.AbstractJarFileDependencyLocator/]: Failed to load resource META-INF/jarjar/metadata.json from ars_elemental-1.20.1-0.6.7.8.jar, it does not contain dependency information.
[07Oct2025 19:36:45.496] [main/DEBUG] [net.minecraftforge.fml.loading.moddiscovery.AbstractJarFileDependencyLocator/]: Failed to load resource META-INF/jarjar/metadata.json from tombstone-1.20.1-8.6.7.jar, it does not contain dependency information.
[07Oct2025 19:36:45.497] [main/DEBUG] [net.minecraftforge.fml.loading.moddiscovery.AbstractJarFileDependencyLocator/]: Failed to load resource META-INF/jarjar/metadata.json from cryonicconfig-forge-1.0.0+mc1.20.1.jar, it does not contain dependency information.
[07Oct2025 19:36:45.497] [main/DEBUG] [net.minecraftforge.fml.loading.moddiscovery.AbstractJarFileDependencyLocator/]: Failed to load resource META-INF/jarjar/metadata.json from deeperdarker-forge-1.20.1-1.3.3.jar, it does not contain dependency information.
[07Oct2025 19:36:45.497] [main/DEBUG] [net.minecraftforge.fml.loading.moddiscovery.AbstractJarFileDependencyLocator/]: Failed to load resource META-INF/jarjar/metadata.json from architectury-9.2.14-forge.jar, it does not contain dependency information.
[07Oct2025 19:36:45.497] [main/DEBUG] [net.minecraftforge.fml.loading.moddiscovery.AbstractJarFileDependencyLocator/]: Failed to load resource META-INF/jarjar/metadata.json from ferritecore-6.0.1-forge.jar, it does not contain dependency information.
[07Oct2025 19:36:45.497] [main/DEBUG] [net.minecraftforge.fml.loading.moddiscovery.AbstractJarFileDependencyLocator/]: Failed to load resource META-INF/jarjar/metadata.json from chisel-forge-2.0.0+mc1.20.1.jar, it does not contain dependency information.
[07Oct2025 19:36:45.498] [main/DEBUG] [net.minecraftforge.fml.loading.moddiscovery.AbstractJarFileDependencyLocator/]: Failed to load resource META-INF/jarjar/metadata.json from monolib-forge-1.20.1-1.3.0.jar, it does not contain dependency information.
[07Oct2025 19:36:45.498] [main/DEBUG] [net.minecraftforge.fml.loading.moddiscovery.AbstractJarFileDependencyLocator/]: Failed to load resource META-INF/jarjar/metadata.json from Aquaculture-1.20.1-2.5.2.jar, it does not contain dependency information.
[07Oct2025 19:36:45.498] [main/DEBUG] [net.minecraftforge.fml.loading.moddiscovery.AbstractJarFileDependencyLocator/]: Failed to load resource META-INF/jarjar/metadata.json from framework-forge-1.20.1-0.7.6.jar, it does not contain dependency information.
[07Oct2025 19:36:45.498] [main/DEBUG] [net.minecraftforge.fml.loading.moddiscovery.AbstractJarFileDependencyLocator/]: Failed to load resource META-INF/jarjar/metadata.json from ScalingHealth-1.20.1-8.0.2+9.jar, it does not contain dependency information.
[07Oct2025 19:36:45.498] [main/DEBUG] [net.minecraftforge.fml.loading.moddiscovery.AbstractJarFileDependencyLocator/]: Failed to load resource META-INF/jarjar/metadata.json from aquamirae-forge-1.20.1-6.1.0.jar, it does not contain dependency information.
[07Oct2025 19:36:45.498] [main/DEBUG] [net.minecraftforge.fml.loading.moddiscovery.AbstractJarFileDependencyLocator/]: Failed to load resource META-INF/jarjar/metadata.json from mclanguage-1.20.1-47.3.7.jar, it does not contain dependency information.
[07Oct2025 19:36:45.499] [main/DEBUG] [net.minecraftforge.fml.loading.moddiscovery.AbstractJarFileDependencyLocator/]: Failed to load resource META-INF/jarjar/metadata.json from javafmllanguage-1.20.1-47.3.7.jar, it does not contain dependency information.
[07Oct2025 19:36:45.499] [main/DEBUG] [net.minecraftforge.fml.loading.moddiscovery.AbstractJarFileDependencyLocator/]: Failed to load resource META-INF/jarjar/metadata.json from fmlcore-1.20.1-47.3.7.jar, it does not contain dependency information.
[07Oct2025 19:36:45.499] [main/DEBUG] [net.minecraftforge.fml.loading.moddiscovery.AbstractJarFileDependencyLocator/]: Failed to load resource META-INF/jarjar/metadata.json from lowcodelanguage-1.20.1-47.3.7.jar, it does not contain dependency information.
[07Oct2025 19:36:45.552] [main/DEBUG] [net.minecraftforge.fml.loading.moddiscovery.ModFileParser/LOADING]: Considering mod file candidate 
[07Oct2025 19:36:45.552] [main/DEBUG] [net.minecraftforge.fml.loading.moddiscovery.ModFileInfo/LOADING]: Found valid mod file mixinextras-forge-0.2.0-beta.8.jar with {mixinextras} mods - versions {0.2.0-beta.8}
[07Oct2025 19:36:45.564] [main/DEBUG] [net.minecraftforge.fml.loading.moddiscovery.ModFileParser/LOADING]: Considering mod file candidate 
[07Oct2025 19:36:45.565] [main/DEBUG] [net.minecraftforge.fml.loading.moddiscovery.ModFileInfo/LOADING]: Found valid mod file geckolib-forge-1.20.1-4.4.4.jar with {geckolib} mods - versions {4.4.4}
[07Oct2025 19:36:45.567] [main/DEBUG] [net.minecraftforge.fml.loading.moddiscovery.ModFileParser/LOADING]: Considering mod file candidate 
[07Oct2025 19:36:45.567] [main/DEBUG] [net.minecraftforge.fml.loading.moddiscovery.ModFileInfo/LOADING]: Found valid mod file expandability-forge-9.0.4.jar with {expandability} mods - versions {9.0.4}
[07Oct2025 19:36:45.569] [main/DEBUG] [net.minecraftforge.fml.loading.moddiscovery.ModFileParser/LOADING]: Considering mod file candidate 
[07Oct2025 19:36:45.570] [main/DEBUG] [net.minecraftforge.fml.loading.moddiscovery.ModFileInfo/LOADING]: Found valid mod file mixinextras-forge-0.3.5.jar with {mixinextras} mods - versions {0.3.5}
[07Oct2025 19:36:45.571] [main/DEBUG] [net.minecraftforge.fml.loading.moddiscovery.ModFileParser/LOADING]: Considering mod file candidate 
[07Oct2025 19:36:45.572] [main/DEBUG] [net.minecraftforge.fml.loading.moddiscovery.ModFileInfo/LOADING]: Found valid mod file mixinextras-forge-0.3.2.jar with {mixinextras} mods - versions {0.3.2}
[07Oct2025 19:36:45.575] [main/DEBUG] [net.minecraftforge.fml.loading.moddiscovery.ModFileParser/LOADING]: Considering mod file candidate 
[07Oct2025 19:36:45.576] [main/DEBUG] [net.minecraftforge.fml.loading.moddiscovery.ModFileInfo/LOADING]: Found valid mod file puzzlesaccessapi-forge-8.0.7.jar with {puzzlesaccessapi} mods - versions {8.0.7}
[07Oct2025 19:36:45.584] [main/DEBUG] [net.minecraftforge.fml.loading.moddiscovery.AbstractJarFileDependencyLocator/]: Failed to load resource META-INF/jarjar/metadata.json from mclib-20.jar, it does not contain dependency information.
[07Oct2025 19:36:45.604] [main/DEBUG] [net.minecraftforge.fml.loading.moddiscovery.AbstractJarFileDependencyLocator/]: Failed to load resource META-INF/jarjar/metadata.json from yabn-1.0.3.jar, it does not contain dependency information.
[07Oct2025 19:36:45.604] [main/DEBUG] [net.minecraftforge.fml.loading.moddiscovery.AbstractJarFileDependencyLocator/]: Failed to load resource META-INF/jarjar/metadata.json from bytecodecs-1.0.2.jar, it does not contain dependency information.
[07Oct2025 19:36:45.605] [main/DEBUG] [net.minecraftforge.fml.loading.moddiscovery.AbstractJarFileDependencyLocator/]: Failed to load resource META-INF/jarjar/metadata.json from MixinExtras-0.2.0-beta.8.jar, it does not contain dependency information.
[07Oct2025 19:36:45.605] [main/DEBUG] [net.minecraftforge.fml.loading.moddiscovery.AbstractJarFileDependencyLocator/]: Failed to load resource META-INF/jarjar/metadata.json from mclib-20.jar, it does not contain dependency information.
[07Oct2025 19:36:45.605] [main/DEBUG] [net.minecraftforge.fml.loading.moddiscovery.AbstractJarFileDependencyLocator/]: Failed to load resource META-INF/jarjar/metadata.json from MixinExtras-0.1.1.jar, it does not contain dependency information.
[07Oct2025 19:36:45.605] [main/DEBUG] [net.minecraftforge.fml.loading.moddiscovery.AbstractJarFileDependencyLocator/]: Failed to load resource META-INF/jarjar/metadata.json from MixinExtras-0.3.5.jar, it does not contain dependency information.
[07Oct2025 19:36:45.605] [main/DEBUG] [net.minecraftforge.fml.loading.moddiscovery.AbstractJarFileDependencyLocator/]: Failed to load resource META-INF/jarjar/metadata.json from MixinExtras-0.3.2.jar, it does not contain dependency information.
[07Oct2025 19:36:45.629] [main/DEBUG] [net.minecraftforge.fml.loading.moddiscovery.ModFileParser/LOADING]: Considering mod file candidate 
[07Oct2025 19:36:45.630] [main/DEBUG] [net.minecraftforge.fml.loading.moddiscovery.ModFileInfo/LOADING]: Found valid mod file mixinextras-forge-0.3.5.jar with {mixinextras} mods - versions {0.3.5}
[07Oct2025 19:36:45.632] [main/DEBUG] [net.minecraftforge.fml.loading.moddiscovery.ModFileParser/LOADING]: Considering mod file candidate 
[07Oct2025 19:36:45.633] [main/DEBUG] [net.minecraftforge.fml.loading.moddiscovery.ModFileInfo/LOADING]: Found valid mod file puzzlesaccessapi-forge-8.0.7.jar with {puzzlesaccessapi} mods - versions {8.0.7}
[07Oct2025 19:36:45.641] [main/DEBUG] [net.minecraftforge.fml.loading.moddiscovery.ModFileParser/LOADING]: Considering mod file candidate 
[07Oct2025 19:36:45.641] [main/DEBUG] [net.minecraftforge.fml.loading.moddiscovery.ModFileInfo/LOADING]: Found valid mod file expandability-forge-9.0.4.jar with {expandability} mods - versions {9.0.4}
[07Oct2025 19:36:45.648] [main/DEBUG] [net.minecraftforge.fml.loading.moddiscovery.ModFileParser/LOADING]: Considering mod file candidate 
[07Oct2025 19:36:45.649] [main/DEBUG] [net.minecraftforge.fml.loading.moddiscovery.ModFileInfo/LOADING]: Found valid mod file geckolib-forge-1.20.1-4.4.4.jar with {geckolib} mods - versions {4.4.4}
[07Oct2025 19:36:45.650] [main/DEBUG] [net.minecraftforge.fml.loading.moddiscovery.ModFileParser/LOADING]: Considering mod file candidate 
[07Oct2025 19:36:45.651] [main/DEBUG] [net.minecraftforge.fml.loading.moddiscovery.ModFileInfo/LOADING]: Found valid mod file mixinextras-forge-0.2.0-beta.8.jar with {mixinextras} mods - versions {0.2.0-beta.8}
[07Oct2025 19:36:45.653] [main/WARN] [net.minecraftforge.jarjar.selection.JarSelector/]: Attempted to select two dependency jars from JarJar which have the same identification: Mod File:  and Mod File: . Using Mod File: 
[07Oct2025 19:36:45.655] [main/WARN] [net.minecraftforge.jarjar.selection.JarSelector/]: Attempted to select a dependency jar for JarJar which was passed in as source: geckolib. Using Mod File: /workspaces/SERVER-MINECRAFT/servidor_minecraft/mods/geckolib-forge-1.20.1-4.4.7.jar
[07Oct2025 19:36:45.655] [main/INFO] [net.minecraftforge.fml.loading.moddiscovery.JarInJarDependencyLocator/]: Found 7 dependencies adding them to mods collection
[07Oct2025 19:36:45.657] [main/DEBUG] [net.minecraftforge.fml.loading.moddiscovery.ModFileParser/LOADING]: Considering mod file candidate /workspaces/SERVER-MINECRAFT/servidor_minecraft/mods/geckolib-forge-1.20.1-4.4.7.jar
[07Oct2025 19:36:45.659] [main/DEBUG] [net.minecraftforge.fml.loading.moddiscovery.ModFileInfo/LOADING]: Found valid mod file geckolib-forge-1.20.1-4.4.7.jar with {geckolib} mods - versions {4.4.7}
[07Oct2025 19:36:45.668] [main/DEBUG] [net.minecraftforge.fml.loading.moddiscovery.ModFile/LOADING]: Loading mod file /workspaces/SERVER-MINECRAFT/servidor_minecraft/mods/geckolib-forge-1.20.1-4.4.7.jar with languages [LanguageSpec[languageName=javafml, acceptedVersions=[47,)]]
[07Oct2025 19:36:45.669] [main/DEBUG] [net.minecraftforge.fml.loading.moddiscovery.ModFileParser/LOADING]: Considering mod file candidate /workspaces/SERVER-MINECRAFT/servidor_minecraft/mods/EasyMagic-v8.0.1-1.20.1-Forge.jar
[07Oct2025 19:36:45.670] [main/DEBUG] [net.minecraftforge.fml.loading.moddiscovery.ModFileInfo/LOADING]: Found valid mod file EasyMagic-v8.0.1-1.20.1-Forge.jar with {easymagic} mods - versions {8.0.1}
[07Oct2025 19:36:45.670] [main/DEBUG] [net.minecraftforge.fml.loading.moddiscovery.ModFile/LOADING]: Loading mod file /workspaces/SERVER-MINECRAFT/servidor_minecraft/mods/EasyMagic-v8.0.1-1.20.1-Forge.jar with languages [LanguageSpec[languageName=javafml, acceptedVersions=[47,)]]
[07Oct2025 19:36:45.670] [main/DEBUG] [net.minecraftforge.fml.loading.moddiscovery.ModFileParser/LOADING]: Considering mod file candidate /workspaces/SERVER-MINECRAFT/servidor_minecraft/mods/jei-1.20.1-forge-15.8.0.16.jar
[07Oct2025 19:36:45.672] [main/DEBUG] [net.minecraftforge.fml.loading.moddiscovery.ModFileInfo/LOADING]: Found valid mod file jei-1.20.1-forge-15.8.0.16.jar with {jei} mods - versions {15.8.0.16}
[07Oct2025 19:36:45.672] [main/DEBUG] [net.minecraftforge.fml.loading.moddiscovery.ModFile/LOADING]: Loading mod file /workspaces/SERVER-MINECRAFT/servidor_minecraft/mods/jei-1.20.1-forge-15.8.0.16.jar with languages [LanguageSpec[languageName=javafml, acceptedVersions=[47,)]]
[07Oct2025 19:36:45.672] [main/DEBUG] [net.minecraftforge.fml.loading.moddiscovery.ModFileParser/LOADING]: Considering mod file candidate /workspaces/SERVER-MINECRAFT/servidor_minecraft/mods/lithostitched-forge-1.20.1-1.1.6.jar
[07Oct2025 19:36:45.672] [main/DEBUG] [net.minecraftforge.fml.loading.moddiscovery.ModFileInfo/LOADING]: Found valid mod file lithostitched-forge-1.20.1-1.1.6.jar with {lithostitched} mods - versions {1.1.5}
[07Oct2025 19:36:45.673] [main/DEBUG] [net.minecraftforge.fml.loading.moddiscovery.ModFile/LOADING]: Loading mod file /workspaces/SERVER-MINECRAFT/servidor_minecraft/mods/lithostitched-forge-1.20.1-1.1.6.jar with languages [LanguageSpec[languageName=javafml, acceptedVersions=[46,)]]
[07Oct2025 19:36:45.673] [main/DEBUG] [net.minecraftforge.fml.loading.moddiscovery.ModFileParser/LOADING]: Considering mod file candidate /workspaces/SERVER-MINECRAFT/servidor_minecraft/mods/goblintraders-forge-1.20.1-1.9.3.jar
[07Oct2025 19:36:45.673] [main/DEBUG] [net.minecraftforge.fml.loading.moddiscovery.ModFileInfo/LOADING]: Found valid mod file goblintraders-forge-1.20.1-1.9.3.jar with {goblintraders} mods - versions {1.9.3}
[07Oct2025 19:36:45.674] [main/DEBUG] [net.minecraftforge.fml.loading.moddiscovery.ModFile/LOADING]: Loading mod file /workspaces/SERVER-MINECRAFT/servidor_minecraft/mods/goblintraders-forge-1.20.1-1.9.3.jar with languages [LanguageSpec[languageName=javafml, acceptedVersions=[39,)]]
[07Oct2025 19:36:45.675] [main/DEBUG] [net.minecraftforge.fml.loading.moddiscovery.ModFileParser/LOADING]: Considering mod file candidate /workspaces/SERVER-MINECRAFT/servidor_minecraft/mods/mcw-mcwwindows-2.4.1-mc1.20.1forge.jar
[07Oct2025 19:36:45.675] [main/DEBUG] [net.minecraftforge.fml.loading.moddiscovery.ModFileInfo/LOADING]: Found valid mod file mcw-mcwwindows-2.4.1-mc1.20.1forge.jar with {mcwwindows} mods - versions {2.4.1}
[07Oct2025 19:36:45.675] [main/DEBUG] [net.minecraftforge.fml.loading.moddiscovery.ModFile/LOADING]: Loading mod file /workspaces/SERVER-MINECRAFT/servidor_minecraft/mods/mcw-mcwwindows-2.4.1-mc1.20.1forge.jar with languages [LanguageSpec[languageName=javafml, acceptedVersions=[28,)]]
[07Oct2025 19:36:45.675] [main/DEBUG] [net.minecraftforge.fml.loading.moddiscovery.ModFileParser/LOADING]: Considering mod file candidate /workspaces/SERVER-MINECRAFT/servidor_minecraft/mods/obscure_api-15.jar
[07Oct2025 19:36:45.676] [main/DEBUG] [net.minecraftforge.fml.loading.moddiscovery.ModFileInfo/LOADING]: Found valid mod file obscure_api-15.jar with {obscure_api} mods - versions {15}
[07Oct2025 19:36:45.676] [main/DEBUG] [net.minecraftforge.fml.loading.moddiscovery.ModFile/LOADING]: Loading mod file /workspaces/SERVER-MINECRAFT/servidor_minecraft/mods/obscure_api-15.jar with languages [LanguageSpec[languageName=javafml, acceptedVersions=[47,)]]
[07Oct2025 19:36:45.676] [main/DEBUG] [net.minecraftforge.fml.loading.moddiscovery.ModFileParser/LOADING]: Considering mod file candidate /workspaces/SERVER-MINECRAFT/servidor_minecraft/mods/journeymap-1.20.1-5.10.1-forge.jar
[07Oct2025 19:36:45.676] [main/DEBUG] [net.minecraftforge.fml.loading.moddiscovery.ModFileInfo/LOADING]: Found valid mod file journeymap-1.20.1-5.10.1-forge.jar with {journeymap} mods - versions {5.10.1}
[07Oct2025 19:36:45.676] [main/DEBUG] [net.minecraftforge.fml.loading.moddiscovery.ModFile/LOADING]: Loading mod file /workspaces/SERVER-MINECRAFT/servidor_minecraft/mods/journeymap-1.20.1-5.10.1-forge.jar with languages [LanguageSpec[languageName=javafml, acceptedVersions=[44,)]]
[07Oct2025 19:36:45.678] [main/DEBUG] [net.minecraftforge.fml.loading.moddiscovery.ModFileParser/LOADING]: Found coremod journeymap potion effect transformer with Javascript path potion-effects-shift.js
[07Oct2025 19:36:45.679] [main/DEBUG] [net.minecraftforge.fml.loading.moddiscovery.ModFile/LOADING]: Found coremod potion-effects-shift.js
[07Oct2025 19:36:45.679] [main/DEBUG] [net.minecraftforge.fml.loading.moddiscovery.ModFileParser/LOADING]: Considering mod file candidate /workspaces/SERVER-MINECRAFT/servidor_minecraft/mods/citadel-2.6.0-1.20.1.jar
[07Oct2025 19:36:45.679] [main/DEBUG] [net.minecraftforge.fml.loading.moddiscovery.ModFileInfo/LOADING]: Found valid mod file citadel-2.6.0-1.20.1.jar with {citadel} mods - versions {2.6.0}
[07Oct2025 19:36:45.679] [main/DEBUG] [net.minecraftforge.fml.loading.moddiscovery.ModFile/LOADING]: Loading mod file /workspaces/SERVER-MINECRAFT/servidor_minecraft/mods/citadel-2.6.0-1.20.1.jar with languages [LanguageSpec[languageName=javafml, acceptedVersions=[47,)]]
[07Oct2025 19:36:45.679] [main/DEBUG] [net.minecraftforge.fml.loading.moddiscovery.ModFileParser/LOADING]: Considering mod file candidate /workspaces/SERVER-MINECRAFT/servidor_minecraft/mods/modernfix-forge-5.18.10+mc1.20.1.jar
[07Oct2025 19:36:45.680] [main/DEBUG] [net.minecraftforge.fml.loading.moddiscovery.ModFileInfo/LOADING]: Found valid mod file modernfix-forge-5.18.10+mc1.20.1.jar with {modernfix} mods - versions {5.18.10+mc1.20.1}
[07Oct2025 19:36:45.680] [main/DEBUG] [net.minecraftforge.fml.loading.moddiscovery.ModFile/LOADING]: Loading mod file /workspaces/SERVER-MINECRAFT/servidor_minecraft/mods/modernfix-forge-5.18.10+mc1.20.1.jar with languages [LanguageSpec[languageName=javafml, acceptedVersions=[46,)]]
[07Oct2025 19:36:45.680] [main/DEBUG] [net.minecraftforge.fml.loading.moddiscovery.ModFileParser/LOADING]: Considering mod file candidate /workspaces/SERVER-MINECRAFT/servidor_minecraft/mods/artifacts-forge-9.5.16.jar
[07Oct2025 19:36:45.681] [main/DEBUG] [net.minecraftforge.fml.loading.moddiscovery.ModFileInfo/LOADING]: Found valid mod file artifacts-forge-9.5.16.jar with {artifacts} mods - versions {9.5.16}
[07Oct2025 19:36:45.681] [main/DEBUG] [net.minecraftforge.fml.loading.moddiscovery.ModFile/LOADING]: Loading mod file /workspaces/SERVER-MINECRAFT/servidor_minecraft/mods/artifacts-forge-9.5.16.jar with languages [LanguageSpec[languageName=javafml, acceptedVersions=[47,)]]
[07Oct2025 19:36:45.681] [main/DEBUG] [net.minecraftforge.fml.loading.moddiscovery.ModFileParser/LOADING]: Considering mod file candidate /workspaces/SERVER-MINECRAFT/servidor_minecraft/mods/travelersbackpack-forge-1.20.1-9.1.15.jar
[07Oct2025 19:36:45.682] [main/DEBUG] [net.minecraftforge.fml.loading.moddiscovery.ModFileInfo/LOADING]: Found valid mod file travelersbackpack-forge-1.20.1-9.1.15.jar with {travelersbackpack} mods - versions {9.1.15}
[07Oct2025 19:36:45.682] [main/DEBUG] [net.minecraftforge.fml.loading.moddiscovery.ModFile/LOADING]: Loading mod file /workspaces/SERVER-MINECRAFT/servidor_minecraft/mods/travelersbackpack-forge-1.20.1-9.1.15.jar with languages [LanguageSpec[languageName=javafml, acceptedVersions=[46,)]]
[07Oct2025 19:36:45.682] [main/DEBUG] [net.minecraftforge.fml.loading.moddiscovery.ModFileParser/LOADING]: Considering mod file candidate /workspaces/SERVER-MINECRAFT/servidor_minecraft/mods/Bookshelf-Forge-1.20.1-20.2.13.jar
[07Oct2025 19:36:45.683] [main/DEBUG] [net.minecraftforge.fml.loading.moddiscovery.ModFileInfo/LOADING]: Found valid mod file Bookshelf-Forge-1.20.1-20.2.13.jar with {bookshelf} mods - versions {20.2.13}
[07Oct2025 19:36:45.683] [main/DEBUG] [net.minecraftforge.fml.loading.moddiscovery.ModFile/LOADING]: Loading mod file /workspaces/SERVER-MINECRAFT/servidor_minecraft/mods/Bookshelf-Forge-1.20.1-20.2.13.jar with languages [LanguageSpec[languageName=javafml, acceptedVersions=[47,)]]
[07Oct2025 19:36:45.683] [main/DEBUG] [net.minecraftforge.fml.loading.moddiscovery.ModFileParser/LOADING]: Considering mod file candidate /workspaces/SERVER-MINECRAFT/servidor_minecraft/mods/mcw-doors-1.1.2-mc1.20.1forge.jar
[07Oct2025 19:36:45.683] [main/DEBUG] [net.minecraftforge.fml.loading.moddiscovery.ModFileInfo/LOADING]: Found valid mod file mcw-doors-1.1.2-mc1.20.1forge.jar with {mcwdoors} mods - versions {1.1.2}
[07Oct2025 19:36:45.683] [main/DEBUG] [net.minecraftforge.fml.loading.moddiscovery.ModFile/LOADING]: Loading mod file /workspaces/SERVER-MINECRAFT/servidor_minecraft/mods/mcw-doors-1.1.2-mc1.20.1forge.jar with languages [LanguageSpec[languageName=javafml, acceptedVersions=[28,)]]
[07Oct2025 19:36:45.683] [main/DEBUG] [net.minecraftforge.fml.loading.moddiscovery.ModFileParser/LOADING]: Considering mod file candidate /workspaces/SERVER-MINECRAFT/servidor_minecraft/mods/iceandfire-2.1.13-1.20.1-beta-5.jar
[07Oct2025 19:36:45.684] [main/DEBUG] [net.minecraftforge.fml.loading.moddiscovery.ModFileInfo/LOADING]: Found valid mod file iceandfire-2.1.13-1.20.1-beta-5.jar with {iceandfire} mods - versions {2.1.13-1.20.1}
[07Oct2025 19:36:45.684] [main/DEBUG] [net.minecraftforge.fml.loading.moddiscovery.ModFile/LOADING]: Loading mod file /workspaces/SERVER-MINECRAFT/servidor_minecraft/mods/iceandfire-2.1.13-1.20.1-beta-5.jar with languages [LanguageSpec[languageName=javafml, acceptedVersions=[37.0,)]]
[07Oct2025 19:36:45.684] [main/DEBUG] [net.minecraftforge.fml.loading.moddiscovery.ModFileParser/LOADING]: Considering mod file candidate /workspaces/SERVER-MINECRAFT/servidor_minecraft/mods/BOMD-Forge-1.20.1-1.1.2.jar
[07Oct2025 19:36:45.685] [main/DEBUG] [net.minecraftforge.fml.loading.moddiscovery.ModFileInfo/LOADING]: Found valid mod file BOMD-Forge-1.20.1-1.1.2.jar with {bosses_of_mass_destruction} mods - versions {1.1.2}
[07Oct2025 19:36:45.685] [main/DEBUG] [net.minecraftforge.fml.loading.moddiscovery.ModFile/LOADING]: Loading mod file /workspaces/SERVER-MINECRAFT/servidor_minecraft/mods/BOMD-Forge-1.20.1-1.1.2.jar with languages [LanguageSpec[languageName=javafml, acceptedVersions=[47,)]]
[07Oct2025 19:36:45.685] [main/DEBUG] [net.minecraftforge.fml.loading.moddiscovery.ModFileParser/LOADING]: Considering mod file candidate /workspaces/SERVER-MINECRAFT/servidor_minecraft/mods/ars_nouveau-1.20.1-4.12.7-all.jar
[07Oct2025 19:36:45.686] [main/DEBUG] [net.minecraftforge.fml.loading.moddiscovery.ModFileInfo/LOADING]: Found valid mod file ars_nouveau-1.20.1-4.12.7-all.jar with {ars_nouveau} mods - versions {4.12.7}
[07Oct2025 19:36:45.686] [main/DEBUG] [net.minecraftforge.fml.loading.moddiscovery.ModFile/LOADING]: Loading mod file /workspaces/SERVER-MINECRAFT/servidor_minecraft/mods/ars_nouveau-1.20.1-4.12.7-all.jar with languages [LanguageSpec[languageName=javafml, acceptedVersions=[40,)]]
[07Oct2025 19:36:45.686] [main/DEBUG] [net.minecraftforge.fml.loading.moddiscovery.ModFileParser/LOADING]: Considering mod file candidate 
[07Oct2025 19:36:45.686] [main/DEBUG] [net.minecraftforge.fml.loading.moddiscovery.ModFileInfo/LOADING]: Found valid mod file puzzlesaccessapi-forge-8.0.7.jar with {puzzlesaccessapi} mods - versions {8.0.7}
[07Oct2025 19:36:45.687] [main/DEBUG] [net.minecraftforge.fml.loading.moddiscovery.ModFile/LOADING]: Loading mod file  with languages [LanguageSpec[languageName=javafml, acceptedVersions=[47,)]]
[07Oct2025 19:36:45.687] [main/DEBUG] [net.minecraftforge.fml.loading.moddiscovery.ModFileParser/LOADING]: Considering mod file candidate /workspaces/SERVER-MINECRAFT/servidor_minecraft/mods/cloth-config-11.1.118-forge.jar
[07Oct2025 19:36:45.687] [main/DEBUG] [net.minecraftforge.fml.loading.moddiscovery.ModFileInfo/LOADING]: Found valid mod file cloth-config-11.1.118-forge.jar with {cloth_config} mods - versions {11.1.118}
[07Oct2025 19:36:45.687] [main/DEBUG] [net.minecraftforge.fml.loading.moddiscovery.ModFile/LOADING]: Loading mod file /workspaces/SERVER-MINECRAFT/servidor_minecraft/mods/cloth-config-11.1.118-forge.jar with languages [LanguageSpec[languageName=javafml, acceptedVersions=[34,)]]
[07Oct2025 19:36:45.688] [main/DEBUG] [net.minecraftforge.fml.loading.moddiscovery.ModFileParser/LOADING]: Considering mod file candidate /workspaces/SERVER-MINECRAFT/servidor_minecraft/libraries/net/minecraftforge/forge/1.20.1-47.3.7/forge-1.20.1-47.3.7-universal.jar
[07Oct2025 19:36:45.689] [main/DEBUG] [net.minecraftforge.fml.loading.moddiscovery.ModFileInfo/LOADING]: Found valid mod file forge-1.20.1-47.3.7-universal.jar with {forge} mods - versions {47.3.7}
[07Oct2025 19:36:45.689] [main/DEBUG] [net.minecraftforge.fml.loading.moddiscovery.ModFile/LOADING]: Loading mod file /workspaces/SERVER-MINECRAFT/servidor_minecraft/libraries/net/minecraftforge/forge/1.20.1-47.3.7/forge-1.20.1-47.3.7-universal.jar with languages [LanguageSpec[languageName=javafml, acceptedVersions=[24,]]]
[07Oct2025 19:36:45.689] [main/DEBUG] [net.minecraftforge.fml.loading.moddiscovery.ModFileParser/LOADING]: Found coremod field_to_method with Javascript path coremods/field_to_method.js
[07Oct2025 19:36:45.689] [main/DEBUG] [net.minecraftforge.fml.loading.moddiscovery.ModFileParser/LOADING]: Found coremod field_to_instanceof with Javascript path coremods/field_to_instanceof.js
[07Oct2025 19:36:45.689] [main/DEBUG] [net.minecraftforge.fml.loading.moddiscovery.ModFileParser/LOADING]: Found coremod add_bouncer_method with Javascript path coremods/add_bouncer_method.js
[07Oct2025 19:36:45.690] [main/DEBUG] [net.minecraftforge.fml.loading.moddiscovery.ModFileParser/LOADING]: Found coremod method_redirector with Javascript path coremods/method_redirector.js
[07Oct2025 19:36:45.690] [main/DEBUG] [net.minecraftforge.fml.loading.moddiscovery.ModFile/LOADING]: Found coremod coremods/field_to_method.js
[07Oct2025 19:36:45.690] [main/DEBUG] [net.minecraftforge.fml.loading.moddiscovery.ModFile/LOADING]: Found coremod coremods/field_to_instanceof.js
[07Oct2025 19:36:45.690] [main/DEBUG] [net.minecraftforge.fml.loading.moddiscovery.ModFile/LOADING]: Found coremod coremods/add_bouncer_method.js
[07Oct2025 19:36:45.690] [main/DEBUG] [net.minecraftforge.fml.loading.moddiscovery.ModFile/LOADING]: Found coremod coremods/method_redirector.js
[07Oct2025 19:36:45.690] [main/DEBUG] [net.minecraftforge.fml.loading.moddiscovery.ModFileParser/LOADING]: Considering mod file candidate /workspaces/SERVER-MINECRAFT/servidor_minecraft/mods/tl_skin_cape_forge_1.20_1.20.1-1.32.jar
[07Oct2025 19:36:45.690] [main/DEBUG] [net.minecraftforge.fml.loading.moddiscovery.ModFileInfo/LOADING]: Found valid mod file tl_skin_cape_forge_1.20_1.20.1-1.32.jar with {tlskincape} mods - versions {1.32}
[07Oct2025 19:36:45.690] [main/DEBUG] [net.minecraftforge.fml.loading.moddiscovery.ModFile/LOADING]: Loading mod file /workspaces/SERVER-MINECRAFT/servidor_minecraft/mods/tl_skin_cape_forge_1.20_1.20.1-1.32.jar with languages [LanguageSpec[languageName=javafml, acceptedVersions=[25,)]]
[07Oct2025 19:36:45.691] [main/DEBUG] [net.minecraftforge.fml.loading.moddiscovery.ModFileParser/LOADING]: Considering mod file candidate /workspaces/SERVER-MINECRAFT/servidor_minecraft/mods/twilightforest-1.20.1-4.3.2508-universal.jar
[07Oct2025 19:36:45.691] [main/DEBUG] [net.minecraftforge.fml.loading.moddiscovery.ModFileInfo/LOADING]: Found valid mod file twilightforest-1.20.1-4.3.2508-universal.jar with {twilightforest} mods - versions {4.3.2508}
[07Oct2025 19:36:45.691] [main/DEBUG] [net.minecraftforge.fml.loading.moddiscovery.ModFile/LOADING]: Loading mod file /workspaces/SERVER-MINECRAFT/servidor_minecraft/mods/twilightforest-1.20.1-4.3.2508-universal.jar with languages [LanguageSpec[languageName=javafml, acceptedVersions=[47,)]]
[07Oct2025 19:36:45.692] [main/DEBUG] [net.minecraftforge.fml.loading.moddiscovery.ModFileParser/LOADING]: Found coremod seed with Javascript path META-INF/asm/seed.js
[07Oct2025 19:36:45.693] [main/DEBUG] [net.minecraftforge.fml.loading.moddiscovery.ModFileParser/LOADING]: Found coremod maprendercontext with Javascript path META-INF/asm/maprendercontext.js
[07Oct2025 19:36:45.693] [main/DEBUG] [net.minecraftforge.fml.loading.moddiscovery.ModFileParser/LOADING]: Found coremod music with Javascript path META-INF/asm/music.js
[07Oct2025 19:36:45.693] [main/DEBUG] [net.minecraftforge.fml.loading.moddiscovery.ModFileParser/LOADING]: Found coremod multipart with Javascript path META-INF/asm/multipart.js
[07Oct2025 19:36:45.693] [main/DEBUG] [net.minecraftforge.fml.loading.moddiscovery.ModFileParser/LOADING]: Found coremod foliage with Javascript path META-INF/asm/foliage.js
[07Oct2025 19:36:45.693] [main/DEBUG] [net.minecraftforge.fml.loading.moddiscovery.ModFileParser/LOADING]: Found coremod mount with Javascript path META-INF/asm/mount.js
[07Oct2025 19:36:45.693] [main/DEBUG] [net.minecraftforge.fml.loading.moddiscovery.ModFileParser/LOADING]: Found coremod book with Javascript path META-INF/asm/book.js
[07Oct2025 19:36:45.693] [main/DEBUG] [net.minecraftforge.fml.loading.moddiscovery.ModFileParser/LOADING]: Found coremod conquered with Javascript path META-INF/asm/conquered.js
[07Oct2025 19:36:45.693] [main/DEBUG] [net.minecraftforge.fml.loading.moddiscovery.ModFileParser/LOADING]: Found coremod reach with Javascript path META-INF/asm/reach.js
[07Oct2025 19:36:45.693] [main/DEBUG] [net.minecraftforge.fml.loading.moddiscovery.ModFileParser/LOADING]: Found coremod shroom with Javascript path META-INF/asm/shroom.js
[07Oct2025 19:36:45.693] [main/DEBUG] [net.minecraftforge.fml.loading.moddiscovery.ModFileParser/LOADING]: Found coremod cloud with Javascript path META-INF/asm/cloud.js
[07Oct2025 19:36:45.693] [main/DEBUG] [net.minecraftforge.fml.loading.moddiscovery.ModFileParser/LOADING]: Found coremod lead with Javascript path META-INF/asm/lead.js
[07Oct2025 19:36:45.693] [main/DEBUG] [net.minecraftforge.fml.loading.moddiscovery.ModFile/LOADING]: Found coremod META-INF/asm/seed.js
[07Oct2025 19:36:45.693] [main/DEBUG] [net.minecraftforge.fml.loading.moddiscovery.ModFile/LOADING]: Found coremod META-INF/asm/maprendercontext.js
[07Oct2025 19:36:45.693] [main/DEBUG] [net.minecraftforge.fml.loading.moddiscovery.ModFile/LOADING]: Found coremod META-INF/asm/music.js
[07Oct2025 19:36:45.694] [main/DEBUG] [net.minecraftforge.fml.loading.moddiscovery.ModFile/LOADING]: Found coremod META-INF/asm/multipart.js
[07Oct2025 19:36:45.694] [main/DEBUG] [net.minecraftforge.fml.loading.moddiscovery.ModFile/LOADING]: Found coremod META-INF/asm/foliage.js
[07Oct2025 19:36:45.694] [main/DEBUG] [net.minecraftforge.fml.loading.moddiscovery.ModFile/LOADING]: Found coremod META-INF/asm/mount.js
[07Oct2025 19:36:45.694] [main/DEBUG] [net.minecraftforge.fml.loading.moddiscovery.ModFile/LOADING]: Found coremod META-INF/asm/book.js
[07Oct2025 19:36:45.694] [main/DEBUG] [net.minecraftforge.fml.loading.moddiscovery.ModFile/LOADING]: Found coremod META-INF/asm/conquered.js
[07Oct2025 19:36:45.694] [main/DEBUG] [net.minecraftforge.fml.loading.moddiscovery.ModFile/LOADING]: Found coremod META-INF/asm/reach.js
[07Oct2025 19:36:45.694] [main/DEBUG] [net.minecraftforge.fml.loading.moddiscovery.ModFile/LOADING]: Found coremod META-INF/asm/shroom.js
[07Oct2025 19:36:45.694] [main/DEBUG] [net.minecraftforge.fml.loading.moddiscovery.ModFile/LOADING]: Found coremod META-INF/asm/cloud.js
[07Oct2025 19:36:45.694] [main/DEBUG] [net.minecraftforge.fml.loading.moddiscovery.ModFile/LOADING]: Found coremod META-INF/asm/lead.js
[07Oct2025 19:36:45.694] [main/DEBUG] [net.minecraftforge.fml.loading.moddiscovery.ModFileParser/LOADING]: Considering mod file candidate /workspaces/SERVER-MINECRAFT/servidor_minecraft/mods/athena-forge-1.20.1-3.1.2.jar
[07Oct2025 19:36:45.695] [main/DEBUG] [net.minecraftforge.fml.loading.moddiscovery.ModFileInfo/LOADING]: Found valid mod file athena-forge-1.20.1-3.1.2.jar with {athena} mods - versions {3.1.2}
[07Oct2025 19:36:45.695] [main/DEBUG] [net.minecraftforge.fml.loading.moddiscovery.ModFile/LOADING]: Loading mod file /workspaces/SERVER-MINECRAFT/servidor_minecraft/mods/athena-forge-1.20.1-3.1.2.jar with languages [LanguageSpec[languageName=javafml, acceptedVersions=[47,)]]
[07Oct2025 19:36:45.695] [main/DEBUG] [net.minecraftforge.fml.loading.moddiscovery.ModFileParser/LOADING]: Considering mod file candidate /workspaces/SERVER-MINECRAFT/servidor_minecraft/mods/DungeonsArise-1.20.x-2.1.58-release.jar
[07Oct2025 19:36:45.695] [main/DEBUG] [net.minecraftforge.fml.loading.moddiscovery.ModFileInfo/LOADING]: Found valid mod file DungeonsArise-1.20.x-2.1.58-release.jar with {dungeons_arise} mods - versions {2.1.58-1.20.x}
[07Oct2025 19:36:45.695] [main/DEBUG] [net.minecraftforge.fml.loading.moddiscovery.ModFile/LOADING]: Loading mod file /workspaces/SERVER-MINECRAFT/servidor_minecraft/mods/DungeonsArise-1.20.x-2.1.58-release.jar with languages [LanguageSpec[languageName=javafml, acceptedVersions=[41,)]]
[07Oct2025 19:36:45.696] [main/DEBUG] [net.minecraftforge.fml.loading.moddiscovery.ModFileInfo/LOADING]: Found valid mod file server-1.20.1-20230612.114412-srg.jar with {minecraft} mods - versions {1.20.1}
[07Oct2025 19:36:45.696] [main/DEBUG] [net.minecraftforge.fml.loading.moddiscovery.ModFile/LOADING]: Loading mod file /workspaces/SERVER-MINECRAFT/servidor_minecraft/libraries/net/minecraft/server/1.20.1-20230612.114412/server-1.20.1-20230612.114412-srg.jar with languages [LanguageSpec[languageName=minecraft, acceptedVersions=1]]
[07Oct2025 19:36:45.696] [main/DEBUG] [net.minecraftforge.fml.loading.moddiscovery.ModFileParser/LOADING]: Considering mod file candidate /workspaces/SERVER-MINECRAFT/servidor_minecraft/mods/alexscaves-1.1.5.jar
[07Oct2025 19:36:45.696] [main/DEBUG] [net.minecraftforge.fml.loading.moddiscovery.ModFileInfo/LOADING]: Found valid mod file alexscaves-1.1.5.jar with {alexscaves} mods - versions {1.1.5}
[07Oct2025 19:36:45.697] [main/DEBUG] [net.minecraftforge.fml.loading.moddiscovery.ModFile/LOADING]: Loading mod file /workspaces/SERVER-MINECRAFT/servidor_minecraft/mods/alexscaves-1.1.5.jar with languages [LanguageSpec[languageName=javafml, acceptedVersions=[46,)]]
[07Oct2025 19:36:45.697] [main/DEBUG] [net.minecraftforge.fml.loading.moddiscovery.ModFileParser/LOADING]: Considering mod file candidate /workspaces/SERVER-MINECRAFT/servidor_minecraft/mods/handcrafted-forge-1.20.1-3.0.6.jar
[07Oct2025 19:36:45.697] [main/DEBUG] [net.minecraftforge.fml.loading.moddiscovery.ModFileInfo/LOADING]: Found valid mod file handcrafted-forge-1.20.1-3.0.6.jar with {handcrafted} mods - versions {3.0.6}
[07Oct2025 19:36:45.697] [main/DEBUG] [net.minecraftforge.fml.loading.moddiscovery.ModFile/LOADING]: Loading mod file /workspaces/SERVER-MINECRAFT/servidor_minecraft/mods/handcrafted-forge-1.20.1-3.0.6.jar with languages [LanguageSpec[languageName=javafml, acceptedVersions=[47,)]]
[07Oct2025 19:36:45.697] [main/DEBUG] [net.minecraftforge.fml.loading.moddiscovery.ModFileParser/LOADING]: Considering mod file candidate /workspaces/SERVER-MINECRAFT/servidor_minecraft/mods/EnchantmentDescriptions-Forge-1.20.1-17.1.19.jar
[07Oct2025 19:36:45.698] [main/DEBUG] [net.minecraftforge.fml.loading.moddiscovery.ModFileInfo/LOADING]: Found valid mod file EnchantmentDescriptions-Forge-1.20.1-17.1.19.jar with {enchdesc} mods - versions {17.1.19}
[07Oct2025 19:36:45.698] [main/DEBUG] [net.minecraftforge.fml.loading.moddiscovery.ModFile/LOADING]: Loading mod file /workspaces/SERVER-MINECRAFT/servidor_minecraft/mods/EnchantmentDescriptions-Forge-1.20.1-17.1.19.jar with languages [LanguageSpec[languageName=javafml, acceptedVersions=[47,)]]
[07Oct2025 19:36:45.698] [main/DEBUG] [net.minecraftforge.fml.loading.moddiscovery.ModFileParser/LOADING]: Considering mod file candidate /workspaces/SERVER-MINECRAFT/servidor_minecraft/mods/simplyswords-forge-1.55.0-1.20.1.jar
[07Oct2025 19:36:45.699] [main/DEBUG] [net.minecraftforge.fml.loading.moddiscovery.ModFileInfo/LOADING]: Found valid mod file simplyswords-forge-1.55.0-1.20.1.jar with {simplyswords} mods - versions {1.55.0-1.20.1}
[07Oct2025 19:36:45.699] [main/DEBUG] [net.minecraftforge.fml.loading.moddiscovery.ModFile/LOADING]: Loading mod file /workspaces/SERVER-MINECRAFT/servidor_minecraft/mods/simplyswords-forge-1.55.0-1.20.1.jar with languages [LanguageSpec[languageName=javafml, acceptedVersions=[41,)]]
[07Oct2025 19:36:45.699] [main/DEBUG] [net.minecraftforge.fml.loading.moddiscovery.ModFileParser/LOADING]: Considering mod file candidate /workspaces/SERVER-MINECRAFT/servidor_minecraft/mods/voicechat-forge-1.20.1-2.5.20.jar
[07Oct2025 19:36:45.700] [main/DEBUG] [net.minecraftforge.fml.loading.moddiscovery.ModFileInfo/LOADING]: Found valid mod file voicechat-forge-1.20.1-2.5.20.jar with {voicechat} mods - versions {1.20.1-2.5.20}
[07Oct2025 19:36:45.700] [main/DEBUG] [net.minecraftforge.fml.loading.moddiscovery.ModFile/LOADING]: Loading mod file /workspaces/SERVER-MINECRAFT/servidor_minecraft/mods/voicechat-forge-1.20.1-2.5.20.jar with languages [LanguageSpec[languageName=javafml, acceptedVersions=*]]
[07Oct2025 19:36:45.700] [main/DEBUG] [net.minecraftforge.fml.loading.moddiscovery.ModFileParser/LOADING]: Considering mod file candidate /workspaces/SERVER-MINECRAFT/servidor_minecraft/mods/morebowsandarrows-merged-1.20.1-3.0.1.jar
[07Oct2025 19:36:45.701] [main/DEBUG] [net.minecraftforge.fml.loading.moddiscovery.ModFileInfo/LOADING]: Found valid mod file morebowsandarrows-merged-1.20.1-3.0.1.jar with {morebowsandarrows} mods - versions {3.0.1}
[07Oct2025 19:36:45.701] [main/DEBUG] [net.minecraftforge.fml.loading.moddiscovery.ModFile/LOADING]: Loading mod file /workspaces/SERVER-MINECRAFT/servidor_minecraft/mods/morebowsandarrows-merged-1.20.1-3.0.1.jar with languages [LanguageSpec[languageName=javafml, acceptedVersions=[47,)]]
[07Oct2025 19:36:45.701] [main/DEBUG] [net.minecraftforge.fml.loading.moddiscovery.ModFileParser/LOADING]: Considering mod file candidate /workspaces/SERVER-MINECRAFT/servidor_minecraft/mods/silent-lib-1.20.1-8.0.0.jar
[07Oct2025 19:36:45.702] [main/DEBUG] [net.minecraftforge.fml.loading.moddiscovery.ModFileInfo/LOADING]: Found valid mod file silent-lib-1.20.1-8.0.0.jar with {silentlib} mods - versions {8.0.0}
[07Oct2025 19:36:45.702] [main/DEBUG] [net.minecraftforge.fml.loading.moddiscovery.ModFile/LOADING]: Loading mod file /workspaces/SERVER-MINECRAFT/servidor_minecraft/mods/silent-lib-1.20.1-8.0.0.jar with languages [LanguageSpec[languageName=javafml, acceptedVersions=[46,)]]
[07Oct2025 19:36:45.702] [main/DEBUG] [net.minecraftforge.fml.loading.moddiscovery.ModFileParser/LOADING]: Considering mod file candidate /workspaces/SERVER-MINECRAFT/servidor_minecraft/mods/Jade-1.20.1-forge-11.9.4.jar
[07Oct2025 19:36:45.703] [main/DEBUG] [net.minecraftforge.fml.loading.moddiscovery.ModFileInfo/LOADING]: Found valid mod file Jade-1.20.1-forge-11.9.4.jar with {jade} mods - versions {11.9.4+forge}
[07Oct2025 19:36:45.703] [main/DEBUG] [net.minecraftforge.fml.loading.moddiscovery.ModFile/LOADING]: Loading mod file /workspaces/SERVER-MINECRAFT/servidor_minecraft/mods/Jade-1.20.1-forge-11.9.4.jar with languages [LanguageSpec[languageName=javafml, acceptedVersions=[46,)]]
[07Oct2025 19:36:45.704] [main/DEBUG] [net.minecraftforge.fml.loading.moddiscovery.ModFileParser/LOADING]: Considering mod file candidate /workspaces/SERVER-MINECRAFT/servidor_minecraft/mods/born_in_chaos_[Forge]1.20.1_1.7.2.jar
[07Oct2025 19:36:45.704] [main/DEBUG] [net.minecraftforge.fml.loading.moddiscovery.ModFileInfo/LOADING]: Found valid mod file born_in_chaos_[Forge]1.20.1_1.7.2.jar with {born_in_chaos_v1} mods - versions {1.7.2}
[07Oct2025 19:36:45.704] [main/DEBUG] [net.minecraftforge.fml.loading.moddiscovery.ModFile/LOADING]: Loading mod file /workspaces/SERVER-MINECRAFT/servidor_minecraft/mods/born_in_chaos_[Forge]1.20.1_1.7.2.jar with languages [LanguageSpec[languageName=javafml, acceptedVersions=[47,)]]
[07Oct2025 19:36:45.704] [main/DEBUG] [net.minecraftforge.fml.loading.moddiscovery.ModFileParser/LOADING]: Considering mod file candidate /workspaces/SERVER-MINECRAFT/servidor_minecraft/mods/curios-forge-5.14.1+1.20.1.jar
[07Oct2025 19:36:45.705] [main/DEBUG] [net.minecraftforge.fml.loading.moddiscovery.ModFileInfo/LOADING]: Found valid mod file curios-forge-5.14.1+1.20.1.jar with {curios} mods - versions {5.14.1+1.20.1}
[07Oct2025 19:36:45.705] [main/DEBUG] [net.minecraftforge.fml.loading.moddiscovery.ModFile/LOADING]: Loading mod file /workspaces/SERVER-MINECRAFT/servidor_minecraft/mods/curios-forge-5.14.1+1.20.1.jar with languages [LanguageSpec[languageName=javafml, acceptedVersions=[41,)]]
[07Oct2025 19:36:45.705] [main/DEBUG] [net.minecraftforge.fml.loading.moddiscovery.ModFileParser/LOADING]: Considering mod file candidate /workspaces/SERVER-MINECRAFT/servidor_minecraft/mods/Patchouli-1.20.1-84.1-FORGE.jar
[07Oct2025 19:36:45.706] [main/DEBUG] [net.minecraftforge.fml.loading.moddiscovery.ModFileInfo/LOADING]: Found valid mod file Patchouli-1.20.1-84.1-FORGE.jar with {patchouli} mods - versions {1.20.1-84.1-FORGE}
[07Oct2025 19:36:45.706] [main/DEBUG] [net.minecraftforge.fml.loading.moddiscovery.ModFile/LOADING]: Loading mod file /workspaces/SERVER-MINECRAFT/servidor_minecraft/mods/Patchouli-1.20.1-84.1-FORGE.jar with languages [LanguageSpec[languageName=javafml, acceptedVersions=[47,)]]
[07Oct2025 19:36:45.706] [main/DEBUG] [net.minecraftforge.fml.loading.moddiscovery.ModFileParser/LOADING]: Considering mod file candidate /workspaces/SERVER-MINECRAFT/servidor_minecraft/mods/SpartanShields-1.20.1-forge-3.1.1.jar
[07Oct2025 19:36:45.706] [main/DEBUG] [net.minecraftforge.fml.loading.moddiscovery.ModFileInfo/LOADING]: Found valid mod file SpartanShields-1.20.1-forge-3.1.1.jar with {spartanshields} mods - versions {3.1.1}
[07Oct2025 19:36:45.707] [main/DEBUG] [net.minecraftforge.fml.loading.moddiscovery.ModFile/LOADING]: Loading mod file /workspaces/SERVER-MINECRAFT/servidor_minecraft/mods/SpartanShields-1.20.1-forge-3.1.1.jar with languages [LanguageSpec[languageName=javafml, acceptedVersions=[47,)]]
[07Oct2025 19:36:45.707] [main/DEBUG] [net.minecraftforge.fml.loading.moddiscovery.ModFileParser/LOADING]: Considering mod file candidate /workspaces/SERVER-MINECRAFT/servidor_minecraft/mods/camera-forge-1.20.1-1.0.12.jar
[07Oct2025 19:36:45.707] [main/DEBUG] [net.minecraftforge.fml.loading.moddiscovery.ModFileInfo/LOADING]: Found valid mod file camera-forge-1.20.1-1.0.12.jar with {camera} mods - versions {1.20.1-1.0.12}
[07Oct2025 19:36:45.707] [main/DEBUG] [net.minecraftforge.fml.loading.moddiscovery.ModFile/LOADING]: Loading mod file /workspaces/SERVER-MINECRAFT/servidor_minecraft/mods/camera-forge-1.20.1-1.0.12.jar with languages [LanguageSpec[languageName=javafml, acceptedVersions=*]]
[07Oct2025 19:36:45.708] [main/DEBUG] [net.minecraftforge.fml.loading.moddiscovery.ModFileParser/LOADING]: Considering mod file candidate /workspaces/SERVER-MINECRAFT/servidor_minecraft/mods/CerbonsAPI-Forge-1.20.1-1.1.0.jar
[07Oct2025 19:36:45.708] [main/DEBUG] [net.minecraftforge.fml.loading.moddiscovery.ModFileInfo/LOADING]: Found valid mod file CerbonsAPI-Forge-1.20.1-1.1.0.jar with {cerbons_api} mods - versions {1.1.0}
[07Oct2025 19:36:45.708] [main/DEBUG] [net.minecraftforge.fml.loading.moddiscovery.ModFile/LOADING]: Loading mod file /workspaces/SERVER-MINECRAFT/servidor_minecraft/mods/CerbonsAPI-Forge-1.20.1-1.1.0.jar with languages [LanguageSpec[languageName=javafml, acceptedVersions=[47,)]]
[07Oct2025 19:36:45.708] [main/DEBUG] [net.minecraftforge.fml.loading.moddiscovery.ModFileParser/LOADING]: Considering mod file candidate /workspaces/SERVER-MINECRAFT/servidor_minecraft/mods/ars_elemental-1.20.1-0.6.7.8.jar
[07Oct2025 19:36:45.709] [main/DEBUG] [net.minecraftforge.fml.loading.moddiscovery.ModFileInfo/LOADING]: Found valid mod file ars_elemental-1.20.1-0.6.7.8.jar with {ars_elemental} mods - versions {0.6.7.8}
[07Oct2025 19:36:45.709] [main/DEBUG] [net.minecraftforge.fml.loading.moddiscovery.ModFile/LOADING]: Loading mod file /workspaces/SERVER-MINECRAFT/servidor_minecraft/mods/ars_elemental-1.20.1-0.6.7.8.jar with languages [LanguageSpec[languageName=javafml, acceptedVersions=[41,)]]
[07Oct2025 19:36:45.709] [main/DEBUG] [net.minecraftforge.fml.loading.moddiscovery.ModFileParser/LOADING]: Considering mod file candidate /workspaces/SERVER-MINECRAFT/servidor_minecraft/mods/StorageDrawers-forge-1.20.1-12.14.3.jar
[07Oct2025 19:36:45.710] [main/DEBUG] [net.minecraftforge.fml.loading.moddiscovery.ModFileInfo/LOADING]: Found valid mod file StorageDrawers-forge-1.20.1-12.14.3.jar with {storagedrawers} mods - versions {12.14.3}
[07Oct2025 19:36:45.710] [main/DEBUG] [net.minecraftforge.fml.loading.moddiscovery.ModFile/LOADING]: Loading mod file /workspaces/SERVER-MINECRAFT/servidor_minecraft/mods/StorageDrawers-forge-1.20.1-12.14.3.jar with languages [LanguageSpec[languageName=javafml, acceptedVersions=[47,)]]
[07Oct2025 19:36:45.710] [main/DEBUG] [net.minecraftforge.fml.loading.moddiscovery.ModFileParser/LOADING]: Considering mod file candidate /workspaces/SERVER-MINECRAFT/servidor_minecraft/mods/tombstone-1.20.1-8.6.7.jar
[07Oct2025 19:36:45.711] [main/DEBUG] [net.minecraftforge.fml.loading.moddiscovery.ModFileInfo/LOADING]: Found valid mod file tombstone-1.20.1-8.6.7.jar with {tombstone} mods - versions {8.6.7}
[07Oct2025 19:36:45.711] [main/DEBUG] [net.minecraftforge.fml.loading.moddiscovery.ModFile/LOADING]: Loading mod file /workspaces/SERVER-MINECRAFT/servidor_minecraft/mods/tombstone-1.20.1-8.6.7.jar with languages [LanguageSpec[languageName=javafml, acceptedVersions=[46,)]]
[07Oct2025 19:36:45.711] [main/DEBUG] [net.minecraftforge.fml.loading.moddiscovery.ModFileParser/LOADING]: Considering mod file candidate /workspaces/SERVER-MINECRAFT/servidor_minecraft/mods/cryonicconfig-forge-1.0.0+mc1.20.1.jar
[07Oct2025 19:36:45.711] [main/DEBUG] [net.minecraftforge.fml.loading.moddiscovery.ModFileInfo/LOADING]: Found valid mod file cryonicconfig-forge-1.0.0+mc1.20.1.jar with {cryonicconfig} mods - versions {1.0.0+mc1.20.1}
[07Oct2025 19:36:45.712] [main/DEBUG] [net.minecraftforge.fml.loading.moddiscovery.ModFile/LOADING]: Loading mod file /workspaces/SERVER-MINECRAFT/servidor_minecraft/mods/cryonicconfig-forge-1.0.0+mc1.20.1.jar with languages [LanguageSpec[languageName=javafml, acceptedVersions=[0,)]]
[07Oct2025 19:36:45.712] [main/DEBUG] [net.minecraftforge.fml.loading.moddiscovery.ModFileParser/LOADING]: Considering mod file candidate /workspaces/SERVER-MINECRAFT/servidor_minecraft/mods/resourcefullib-forge-1.20.1-2.1.29.jar
[07Oct2025 19:36:45.712] [main/DEBUG] [net.minecraftforge.fml.loading.moddiscovery.ModFileInfo/LOADING]: Found valid mod file resourcefullib-forge-1.20.1-2.1.29.jar with {resourcefullib} mods - versions {2.1.29}
[07Oct2025 19:36:45.712] [main/DEBUG] [net.minecraftforge.fml.loading.moddiscovery.ModFile/LOADING]: Loading mod file /workspaces/SERVER-MINECRAFT/servidor_minecraft/mods/resourcefullib-forge-1.20.1-2.1.29.jar with languages [LanguageSpec[languageName=javafml, acceptedVersions=[46,)]]
[07Oct2025 19:36:45.713] [main/DEBUG] [net.minecraftforge.fml.loading.moddiscovery.ModFileParser/LOADING]: Considering mod file candidate /workspaces/SERVER-MINECRAFT/servidor_minecraft/mods/architectury-9.2.14-forge.jar
[07Oct2025 19:36:45.713] [main/DEBUG] [net.minecraftforge.fml.loading.moddiscovery.ModFileInfo/LOADING]: Found valid mod file architectury-9.2.14-forge.jar with {architectury} mods - versions {9.2.14}
[07Oct2025 19:36:45.713] [main/DEBUG] [net.minecraftforge.fml.loading.moddiscovery.ModFile/LOADING]: Loading mod file /workspaces/SERVER-MINECRAFT/servidor_minecraft/mods/architectury-9.2.14-forge.jar with languages [LanguageSpec[languageName=javafml, acceptedVersions=[46,)]]
[07Oct2025 19:36:45.713] [main/DEBUG] [net.minecraftforge.fml.loading.moddiscovery.ModFileParser/LOADING]: Considering mod file candidate /workspaces/SERVER-MINECRAFT/servidor_minecraft/mods/deeperdarker-forge-1.20.1-1.3.3.jar
[07Oct2025 19:36:45.714] [main/DEBUG] [net.minecraftforge.fml.loading.moddiscovery.ModFileInfo/LOADING]: Found valid mod file deeperdarker-forge-1.20.1-1.3.3.jar with {deeperdarker} mods - versions {1.3.3}
[07Oct2025 19:36:45.714] [main/DEBUG] [net.minecraftforge.fml.loading.moddiscovery.ModFile/LOADING]: Loading mod file /workspaces/SERVER-MINECRAFT/servidor_minecraft/mods/deeperdarker-forge-1.20.1-1.3.3.jar with languages [LanguageSpec[languageName=javafml, acceptedVersions=[47,)]]
[07Oct2025 19:36:45.714] [main/DEBUG] [net.minecraftforge.fml.loading.moddiscovery.ModFileParser/LOADING]: Considering mod file candidate /workspaces/SERVER-MINECRAFT/servidor_minecraft/mods/chisel-forge-2.0.0+mc1.20.1.jar
[07Oct2025 19:36:45.715] [main/DEBUG] [net.minecraftforge.fml.loading.moddiscovery.ModFileInfo/LOADING]: Found valid mod file chisel-forge-2.0.0+mc1.20.1.jar with {chisel} mods - versions {2.0.0+mc1.20.1}
[07Oct2025 19:36:45.715] [main/DEBUG] [net.minecraftforge.fml.loading.moddiscovery.ModFile/LOADING]: Loading mod file /workspaces/SERVER-MINECRAFT/servidor_minecraft/mods/chisel-forge-2.0.0+mc1.20.1.jar with languages [LanguageSpec[languageName=javafml, acceptedVersions=[47,)]]
[07Oct2025 19:36:45.715] [main/DEBUG] [net.minecraftforge.fml.loading.moddiscovery.ModFileParser/LOADING]: Considering mod file candidate /workspaces/SERVER-MINECRAFT/servidor_minecraft/mods/ferritecore-6.0.1-forge.jar
[07Oct2025 19:36:45.715] [main/DEBUG] [net.minecraftforge.fml.loading.moddiscovery.ModFileInfo/LOADING]: Found valid mod file ferritecore-6.0.1-forge.jar with {ferritecore} mods - versions {6.0.1}
[07Oct2025 19:36:45.716] [main/DEBUG] [net.minecraftforge.fml.loading.moddiscovery.ModFile/LOADING]: Loading mod file /workspaces/SERVER-MINECRAFT/servidor_minecraft/mods/ferritecore-6.0.1-forge.jar with languages [LanguageSpec[languageName=javafml, acceptedVersions=[28,)]]
[07Oct2025 19:36:45.716] [main/DEBUG] [net.minecraftforge.fml.loading.moddiscovery.ModFileParser/LOADING]: Considering mod file candidate /workspaces/SERVER-MINECRAFT/servidor_minecraft/mods/PuzzlesLib-v8.1.21-1.20.1-Forge.jar
[07Oct2025 19:36:45.716] [main/DEBUG] [net.minecraftforge.fml.loading.moddiscovery.ModFileInfo/LOADING]: Found valid mod file PuzzlesLib-v8.1.21-1.20.1-Forge.jar with {puzzleslib} mods - versions {8.1.21}
[07Oct2025 19:36:45.716] [main/DEBUG] [net.minecraftforge.fml.loading.moddiscovery.ModFile/LOADING]: Loading mod file /workspaces/SERVER-MINECRAFT/servidor_minecraft/mods/PuzzlesLib-v8.1.21-1.20.1-Forge.jar with languages [LanguageSpec[languageName=javafml, acceptedVersions=[47,)]]
[07Oct2025 19:36:45.716] [main/DEBUG] [net.minecraftforge.fml.loading.moddiscovery.ModFileParser/LOADING]: Considering mod file candidate /workspaces/SERVER-MINECRAFT/servidor_minecraft/mods/Aquaculture-1.20.1-2.5.2.jar
[07Oct2025 19:36:45.717] [main/DEBUG] [net.minecraftforge.fml.loading.moddiscovery.ModFileInfo/LOADING]: Found valid mod file Aquaculture-1.20.1-2.5.2.jar with {aquaculture} mods - versions {2.5.2}
[07Oct2025 19:36:45.717] [main/DEBUG] [net.minecraftforge.fml.loading.moddiscovery.ModFile/LOADING]: Loading mod file /workspaces/SERVER-MINECRAFT/servidor_minecraft/mods/Aquaculture-1.20.1-2.5.2.jar with languages [LanguageSpec[languageName=javafml, acceptedVersions=[47,)]]
[07Oct2025 19:36:45.717] [main/DEBUG] [net.minecraftforge.fml.loading.moddiscovery.ModFileParser/LOADING]: Considering mod file candidate /workspaces/SERVER-MINECRAFT/servidor_minecraft/mods/monolib-forge-1.20.1-1.3.0.jar
[07Oct2025 19:36:45.717] [main/DEBUG] [net.minecraftforge.fml.loading.moddiscovery.ModFileInfo/LOADING]: Found valid mod file monolib-forge-1.20.1-1.3.0.jar with {monolib} mods - versions {1.3.0}
[07Oct2025 19:36:45.718] [main/DEBUG] [net.minecraftforge.fml.loading.moddiscovery.ModFile/LOADING]: Loading mod file /workspaces/SERVER-MINECRAFT/servidor_minecraft/mods/monolib-forge-1.20.1-1.3.0.jar with languages [LanguageSpec[languageName=javafml, acceptedVersions=[47,)]]
[07Oct2025 19:36:45.718] [main/DEBUG] [net.minecraftforge.fml.loading.moddiscovery.ModFileParser/LOADING]: Considering mod file candidate /workspaces/SERVER-MINECRAFT/servidor_minecraft/mods/framework-forge-1.20.1-0.7.6.jar
[07Oct2025 19:36:45.718] [main/DEBUG] [net.minecraftforge.fml.loading.moddiscovery.ModFileInfo/LOADING]: Found valid mod file framework-forge-1.20.1-0.7.6.jar with {framework} mods - versions {0.7.6}
[07Oct2025 19:36:45.718] [main/DEBUG] [net.minecraftforge.fml.loading.moddiscovery.ModFile/LOADING]: Loading mod file /workspaces/SERVER-MINECRAFT/servidor_minecraft/mods/framework-forge-1.20.1-0.7.6.jar with languages [LanguageSpec[languageName=javafml, acceptedVersions=[39,)]]
[07Oct2025 19:36:45.718] [main/DEBUG] [net.minecraftforge.fml.loading.moddiscovery.ModFileParser/LOADING]: Considering mod file candidate 
[07Oct2025 19:36:45.719] [main/DEBUG] [net.minecraftforge.fml.loading.moddiscovery.ModFileInfo/LOADING]: Found valid mod file expandability-forge-9.0.4.jar with {expandability} mods - versions {9.0.4}
[07Oct2025 19:36:45.719] [main/DEBUG] [net.minecraftforge.fml.loading.moddiscovery.ModFile/LOADING]: Loading mod file  with languages [LanguageSpec[languageName=javafml, acceptedVersions=[46,)]]
[07Oct2025 19:36:45.719] [main/DEBUG] [net.minecraftforge.fml.loading.moddiscovery.ModFileParser/LOADING]: Considering mod file candidate /workspaces/SERVER-MINECRAFT/servidor_minecraft/mods/ScalingHealth-1.20.1-8.0.2+9.jar
[07Oct2025 19:36:45.720] [main/DEBUG] [net.minecraftforge.fml.loading.moddiscovery.ModFileInfo/LOADING]: Found valid mod file ScalingHealth-1.20.1-8.0.2+9.jar with {scalinghealth} mods - versions {8.0.2+9}
[07Oct2025 19:36:45.720] [main/DEBUG] [net.minecraftforge.fml.loading.moddiscovery.ModFile/LOADING]: Loading mod file /workspaces/SERVER-MINECRAFT/servidor_minecraft/mods/ScalingHealth-1.20.1-8.0.2+9.jar with languages [LanguageSpec[languageName=javafml, acceptedVersions=[47,)]]
[07Oct2025 19:36:45.720] [main/DEBUG] [net.minecraftforge.fml.loading.moddiscovery.ModFileParser/LOADING]: Considering mod file candidate /workspaces/SERVER-MINECRAFT/servidor_minecraft/mods/aquamirae-forge-1.20.1-6.1.0.jar
[07Oct2025 19:36:45.720] [main/DEBUG] [net.minecraftforge.fml.loading.moddiscovery.ModFileInfo/LOADING]: Found valid mod file aquamirae-forge-1.20.1-6.1.0.jar with {aquamirae} mods - versions {6.1.0}
[07Oct2025 19:36:45.721] [main/DEBUG] [net.minecraftforge.fml.loading.moddiscovery.ModFile/LOADING]: Loading mod file /workspaces/SERVER-MINECRAFT/servidor_minecraft/mods/aquamirae-forge-1.20.1-6.1.0.jar with languages [LanguageSpec[languageName=javafml, acceptedVersions=[47,)]]
[07Oct2025 19:36:45.721] [main/DEBUG] [net.minecraftforge.fml.loading.moddiscovery.ModFile/LOADING]: Loading mod file  with languages []
[07Oct2025 19:36:45.721] [main/DEBUG] [net.minecraftforge.fml.loading.moddiscovery.ModFileParser/LOADING]: Considering mod file candidate 
[07Oct2025 19:36:45.722] [main/DEBUG] [net.minecraftforge.fml.loading.moddiscovery.ModFileInfo/LOADING]: Found valid mod file mixinextras-forge-0.3.5.jar with {mixinextras} mods - versions {0.3.5}
[07Oct2025 19:36:45.722] [main/DEBUG] [net.minecraftforge.fml.loading.moddiscovery.ModFile/LOADING]: Loading mod file  with languages [LanguageSpec[languageName=javafml, acceptedVersions=*]]
[07Oct2025 19:36:45.722] [main/DEBUG] [net.minecraftforge.fml.loading.moddiscovery.ModFile/LOADING]: Loading mod file  with languages []
[07Oct2025 19:36:45.722] [main/DEBUG] [net.minecraftforge.fml.loading.moddiscovery.ModFile/LOADING]: Loading mod file  with languages []
[07Oct2025 19:36:45.722] [main/DEBUG] [net.minecraftforge.fml.loading.moddiscovery.ModFile/LOADING]: Loading mod file  with languages []
[07Oct2025 19:36:45.722] [main/DEBUG] [net.minecraftforge.fml.loading.moddiscovery.ModFile/LOADING]: Loading mod file  with languages []
[07Oct2025 19:36:45.723] [main/DEBUG] [net.minecraftforge.fml.loading.moddiscovery.ModFileParser/LOADING]: Considering mod file candidate 
[07Oct2025 19:36:45.723] [main/DEBUG] [net.minecraftforge.fml.loading.moddiscovery.ModFileInfo/LOADING]: Found valid mod file mixinextras-forge-0.3.5.jar with {mixinextras} mods - versions {0.3.5}
[07Oct2025 19:36:45.723] [main/DEBUG] [net.minecraftforge.fml.loading.moddiscovery.ModFile/LOADING]: Loading mod file  with languages [LanguageSpec[languageName=javafml, acceptedVersions=*]]
[07Oct2025 19:36:45.723] [main/DEBUG] [net.minecraftforge.fml.loading.moddiscovery.ModFile/LOADING]: Loading mod file  with languages []
[07Oct2025 19:36:45.723] [main/DEBUG] [net.minecraftforge.fml.loading.moddiscovery.ModFile/LOADING]: Loading mod file  with languages []
[07Oct2025 19:36:45.723] [main/DEBUG] [net.minecraftforge.fml.loading.moddiscovery.ModFile/LOADING]: Loading mod file  with languages []
[07Oct2025 19:36:45.724] [main/DEBUG] [cpw.mods.modlauncher.TransformationServiceDecorator/MODLAUNCHER]: End scan trigger - transformation service fml
[07Oct2025 19:36:45.734] [main/DEBUG] [net.minecraftforge.fml.loading.LanguageLoadingProvider/CORE]: Found 3 language providers
[07Oct2025 19:36:45.735] [main/DEBUG] [net.minecraftforge.fml.loading.LanguageLoadingProvider/CORE]: Found language provider minecraft, version 1.0
[07Oct2025 19:36:45.735] [main/DEBUG] [net.minecraftforge.fml.loading.LanguageLoadingProvider/CORE]: Found language provider lowcodefml, version 47
[07Oct2025 19:36:45.736] [main/DEBUG] [net.minecraftforge.fml.loading.LanguageLoadingProvider/CORE]: Found language provider javafml, version 47
[07Oct2025 19:36:45.739] [main/DEBUG] [net.minecraftforge.fml.loading.UniqueModListBuilder/]: Found 2 mods for first modid mclib, selecting most recent based on version data
[07Oct2025 19:36:45.740] [main/DEBUG] [net.minecraftforge.fml.loading.UniqueModListBuilder/]: Selected file mclib-20.jar for modid mclib with version 0.0NONE
[07Oct2025 19:36:45.740] [main/DEBUG] [net.minecraftforge.fml.loading.UniqueModListBuilder/]: Found 2 mods for first modid mixinextras, selecting most recent based on version data
[07Oct2025 19:36:45.740] [main/DEBUG] [net.minecraftforge.fml.loading.UniqueModListBuilder/]: Selected file mixinextras-forge-0.3.5.jar for modid mixinextras with version 0.3.5
[07Oct2025 19:36:45.740] [main/DEBUG] [net.minecraftforge.fml.loading.UniqueModListBuilder/]: Found 2 mods for first modid bytecodecs, selecting most recent based on version data
[07Oct2025 19:36:45.740] [main/DEBUG] [net.minecraftforge.fml.loading.UniqueModListBuilder/]: Selected file bytecodecs-1.0.2.jar for modid bytecodecs with version 0.0NONE
[07Oct2025 19:36:45.741] [main/DEBUG] [net.minecraftforge.fml.loading.UniqueModListBuilder/]: Found 2 mods for first modid yabn, selecting most recent based on version data
[07Oct2025 19:36:45.741] [main/DEBUG] [net.minecraftforge.fml.loading.UniqueModListBuilder/]: Selected file yabn-1.0.3.jar for modid yabn with version 0.0NONE
[07Oct2025 19:36:45.741] [main/DEBUG] [net.minecraftforge.fml.loading.UniqueModListBuilder/]: Found 2 mods for first modid MixinExtras, selecting most recent based on version data
[07Oct2025 19:36:45.741] [main/DEBUG] [net.minecraftforge.fml.loading.UniqueModListBuilder/]: Selected file MixinExtras-0.3.5.jar for modid MixinExtras with version 0.0NONE
[07Oct2025 19:36:45.743] [main/DEBUG] [net.minecraftforge.fml.loading.ModSorter/]: Configured system mods: [minecraft, forge]
[07Oct2025 19:36:45.743] [main/DEBUG] [net.minecraftforge.fml.loading.ModSorter/]: Found system mod: minecraft
[07Oct2025 19:36:45.743] [main/DEBUG] [net.minecraftforge.fml.loading.ModSorter/]: Found system mod: forge
[07Oct2025 19:36:45.746] [main/DEBUG] [net.minecraftforge.fml.loading.ModSorter/LOADING]: Found 115 mod requirements (110 mandatory, 5 optional)
[07Oct2025 19:36:45.747] [main/DEBUG] [net.minecraftforge.fml.loading.ModSorter/LOADING]: Found 0 mod requirements missing (0 mandatory, 0 optional)
[07Oct2025 19:36:46.283] [main/DEBUG] [cpw.mods.modlauncher.TransformationServicesHandler/MODLAUNCHER]: Transformation services loading transformers
[07Oct2025 19:36:46.284] [main/DEBUG] [cpw.mods.modlauncher.TransformationServiceDecorator/MODLAUNCHER]: Initializing transformers for transformation service mixin
[07Oct2025 19:36:46.284] [main/DEBUG] [cpw.mods.modlauncher.TransformationServiceDecorator/MODLAUNCHER]: Initialized transformers for transformation service mixin
[07Oct2025 19:36:46.285] [main/DEBUG] [cpw.mods.modlauncher.TransformationServiceDecorator/MODLAUNCHER]: Initializing transformers for transformation service fml
[07Oct2025 19:36:46.285] [main/DEBUG] [net.minecraftforge.fml.loading.FMLServiceProvider/CORE]: Loading coremod transformers
[07Oct2025 19:36:46.285] [main/DEBUG] [net.minecraftforge.coremod.CoreModEngine/COREMOD]: Loading CoreMod from potion-effects-shift.js
[07Oct2025 19:36:46.634] [main/DEBUG] [net.minecraftforge.coremod.CoreModEngine/COREMOD]: CoreMod loaded successfully
[07Oct2025 19:36:46.646] [main/DEBUG] [net.minecraftforge.coremod.CoreModEngine/COREMOD]: Loading CoreMod from META-INF/asm/seed.js
[07Oct2025 19:36:46.675] [main/DEBUG] [net.minecraftforge.coremod.CoreModEngine/COREMOD]: CoreMod loaded successfully
[07Oct2025 19:36:46.675] [main/DEBUG] [net.minecraftforge.coremod.CoreModEngine/COREMOD]: Loading CoreMod from META-INF/asm/maprendercontext.js
[07Oct2025 19:36:46.745] [main/DEBUG] [net.minecraftforge.coremod.CoreModEngine/COREMOD]: CoreMod loaded successfully
[07Oct2025 19:36:46.745] [main/DEBUG] [net.minecraftforge.coremod.CoreModEngine/COREMOD]: Loading CoreMod from META-INF/asm/music.js
[07Oct2025 19:36:46.766] [main/DEBUG] [net.minecraftforge.coremod.CoreModEngine/COREMOD]: CoreMod loaded successfully
[07Oct2025 19:36:46.769] [main/DEBUG] [net.minecraftforge.coremod.CoreModEngine/COREMOD]: Loading CoreMod from META-INF/asm/multipart.js
[07Oct2025 19:36:46.798] [main/DEBUG] [net.minecraftforge.coremod.CoreModEngine/COREMOD]: CoreMod loaded successfully
[07Oct2025 19:36:46.798] [main/DEBUG] [net.minecraftforge.coremod.CoreModEngine/COREMOD]: Loading CoreMod from META-INF/asm/foliage.js
[07Oct2025 19:36:46.818] [main/DEBUG] [net.minecraftforge.coremod.CoreModEngine/COREMOD]: CoreMod loaded successfully
[07Oct2025 19:36:46.820] [main/DEBUG] [net.minecraftforge.coremod.CoreModEngine/COREMOD]: Loading CoreMod from META-INF/asm/mount.js
[07Oct2025 19:36:46.845] [main/DEBUG] [net.minecraftforge.coremod.CoreModEngine/COREMOD]: CoreMod loaded successfully
[07Oct2025 19:36:46.846] [main/DEBUG] [net.minecraftforge.coremod.CoreModEngine/COREMOD]: Loading CoreMod from META-INF/asm/book.js
[07Oct2025 19:36:46.864] [main/DEBUG] [net.minecraftforge.coremod.CoreModEngine/COREMOD]: CoreMod loaded successfully
[07Oct2025 19:36:46.864] [main/DEBUG] [net.minecraftforge.coremod.CoreModEngine/COREMOD]: Loading CoreMod from META-INF/asm/conquered.js
[07Oct2025 19:36:46.877] [main/DEBUG] [net.minecraftforge.coremod.CoreModEngine/COREMOD]: CoreMod loaded successfully
[07Oct2025 19:36:46.878] [main/DEBUG] [net.minecraftforge.coremod.CoreModEngine/COREMOD]: Loading CoreMod from META-INF/asm/reach.js
[07Oct2025 19:36:46.897] [main/DEBUG] [net.minecraftforge.coremod.CoreModEngine/COREMOD]: CoreMod loaded successfully
[07Oct2025 19:36:46.897] [main/DEBUG] [net.minecraftforge.coremod.CoreModEngine/COREMOD]: Loading CoreMod from META-INF/asm/shroom.js
[07Oct2025 19:36:46.916] [main/DEBUG] [net.minecraftforge.coremod.CoreModEngine/COREMOD]: CoreMod loaded successfully
[07Oct2025 19:36:46.917] [main/DEBUG] [net.minecraftforge.coremod.CoreModEngine/COREMOD]: Loading CoreMod from META-INF/asm/cloud.js
[07Oct2025 19:36:46.944] [main/DEBUG] [net.minecraftforge.coremod.CoreModEngine/COREMOD]: CoreMod loaded successfully
[07Oct2025 19:36:46.945] [main/DEBUG] [net.minecraftforge.coremod.CoreModEngine/COREMOD]: Loading CoreMod from META-INF/asm/lead.js
[07Oct2025 19:36:46.962] [main/DEBUG] [net.minecraftforge.coremod.CoreModEngine/COREMOD]: CoreMod loaded successfully
[07Oct2025 19:36:46.962] [main/DEBUG] [net.minecraftforge.coremod.CoreModEngine/COREMOD]: Loading CoreMod from coremods/field_to_method.js
[07Oct2025 19:36:46.987] [main/DEBUG] [net.minecraftforge.coremod.CoreModEngine/COREMOD]: CoreMod loaded successfully
[07Oct2025 19:36:46.988] [main/DEBUG] [net.minecraftforge.coremod.CoreModEngine/COREMOD]: Loading CoreMod from coremods/field_to_instanceof.js
[07Oct2025 19:36:47.020] [main/DEBUG] [net.minecraftforge.coremod.CoreModEngine/COREMOD]: CoreMod loaded successfully
[07Oct2025 19:36:47.023] [main/DEBUG] [net.minecraftforge.coremod.CoreModEngine/COREMOD]: Loading CoreMod from coremods/add_bouncer_method.js
[07Oct2025 19:36:47.065] [main/DEBUG] [net.minecraftforge.coremod.CoreModEngine/COREMOD]: CoreMod loaded successfully
[07Oct2025 19:36:47.066] [main/DEBUG] [net.minecraftforge.coremod.CoreModEngine/COREMOD]: Loading CoreMod from coremods/method_redirector.js
[07Oct2025 19:36:47.138] [main/DEBUG] [net.minecraftforge.coremod.CoreModEngine/COREMOD]: CoreMod loaded successfully
[07Oct2025 19:36:47.152] [main/DEBUG] [cpw.mods.modlauncher.TransformStore/MODLAUNCHER]: Adding transformer net.minecraftforge.coremod.transformer.CoreModMethodTransformer@7c40ffef to Target : METHOD {Lnet/minecraft/client/gui/Gui;} {m_93028_} {(Lcom/mojang/blaze3d/vertex/PoseStack;)V}
[07Oct2025 19:36:47.153] [main/DEBUG] [cpw.mods.modlauncher.TransformStore/MODLAUNCHER]: Adding transformer net.minecraftforge.coremod.transformer.CoreModMethodTransformer@1e1232cf to Target : METHOD {Lnet/minecraft/world/level/levelgen/WorldOptions;} {<init>} {(JZZLjava/util/Optional;)V}
[07Oct2025 19:36:47.153] [main/DEBUG] [cpw.mods.modlauncher.TransformStore/MODLAUNCHER]: Adding transformer net.minecraftforge.coremod.transformer.CoreModMethodTransformer@6f6efa4f to Target : METHOD {Lnet/minecraft/client/gui/MapRenderer$MapInstance;} {m_93291_} {(Lcom/mojang/blaze3d/vertex/PoseStack;Lnet/minecraft/client/renderer/MultiBufferSource;ZI)V}
[07Oct2025 19:36:47.153] [main/DEBUG] [cpw.mods.modlauncher.TransformStore/MODLAUNCHER]: Adding transformer net.minecraftforge.coremod.transformer.CoreModMethodTransformer@4451f60c to Target : METHOD {Lnet/minecraft/client/renderer/ItemInHandRenderer;} {m_109371_} {(Lnet/minecraft/client/player/AbstractClientPlayer;FFLnet/minecraft/world/InteractionHand;FLnet/minecraft/world/item/ItemStack;FLcom/mojang/blaze3d/vertex/PoseStack;Lnet/minecraft/client/renderer/MultiBufferSource;I)V}
[07Oct2025 19:36:47.154] [main/DEBUG] [cpw.mods.modlauncher.TransformStore/MODLAUNCHER]: Adding transformer net.minecraftforge.coremod.transformer.CoreModMethodTransformer@6b357eb6 to Target : METHOD {Lnet/minecraft/world/entity/decoration/ItemFrame;} {m_218868_} {()Ljava/util/OptionalInt;}
[07Oct2025 19:36:47.154] [main/DEBUG] [cpw.mods.modlauncher.TransformStore/MODLAUNCHER]: Adding transformer net.minecraftforge.coremod.transformer.CoreModMethodTransformer@64bebd55 to Target : METHOD {Lnet/minecraft/client/renderer/ItemInHandRenderer;} {m_109366_} {(Lcom/mojang/blaze3d/vertex/PoseStack;Lnet/minecraft/client/renderer/MultiBufferSource;ILnet/minecraft/world/item/ItemStack;)V}
[07Oct2025 19:36:47.154] [main/DEBUG] [cpw.mods.modlauncher.TransformStore/MODLAUNCHER]: Adding transformer net.minecraftforge.coremod.transformer.CoreModMethodTransformer@7c1a8f0f to Target : METHOD {Lnet/minecraft/world/item/MapItem;} {m_7373_} {(Lnet/minecraft/world/item/ItemStack;Lnet/minecraft/world/level/Level;Ljava/util/List;Lnet/minecraft/world/item/TooltipFlag;)V}
[07Oct2025 19:36:47.154] [main/DEBUG] [cpw.mods.modlauncher.TransformStore/MODLAUNCHER]: Adding transformer net.minecraftforge.coremod.transformer.CoreModMethodTransformer@3730f716 to Target : METHOD {Lnet/minecraft/client/sounds/MusicManager;} {m_120183_} {()V}
[07Oct2025 19:36:47.155] [main/DEBUG] [cpw.mods.modlauncher.TransformStore/MODLAUNCHER]: Adding transformer net.minecraftforge.coremod.transformer.CoreModMethodTransformer@7730ef88 to Target : METHOD {Lnet/minecraft/server/level/ServerEntity;} {m_8543_} {()V}
[07Oct2025 19:36:47.155] [main/DEBUG] [cpw.mods.modlauncher.TransformStore/MODLAUNCHER]: Adding transformer net.minecraftforge.coremod.transformer.CoreModMethodTransformer@66f5a02e to Target : METHOD {Lnet/minecraft/client/renderer/entity/EntityRenderDispatcher;} {m_6213_} {(Lnet/minecraft/server/packs/resources/ResourceManager;)V}
[07Oct2025 19:36:47.155] [main/DEBUG] [cpw.mods.modlauncher.TransformStore/MODLAUNCHER]: Adding transformer net.minecraftforge.coremod.transformer.CoreModMethodTransformer@4e3f2908 to Target : METHOD {Lnet/minecraft/client/renderer/entity/EntityRenderDispatcher;} {m_114382_} {(Lnet/minecraft/world/entity/Entity;)Lnet/minecraft/client/renderer/entity/EntityRenderer;}
[07Oct2025 19:36:47.155] [main/DEBUG] [cpw.mods.modlauncher.TransformStore/MODLAUNCHER]: Adding transformer net.minecraftforge.coremod.transformer.CoreModMethodTransformer@7e87ef9e to Target : METHOD {Lnet/minecraft/client/renderer/LevelRenderer;} {m_109599_} {(Lcom/mojang/blaze3d/vertex/PoseStack;FJZLnet/minecraft/client/Camera;Lnet/minecraft/client/renderer/GameRenderer;Lnet/minecraft/client/renderer/LightTexture;Lorg/joml/Matrix4f;)V}
[07Oct2025 19:36:47.155] [main/DEBUG] [cpw.mods.modlauncher.TransformStore/MODLAUNCHER]: Adding transformer net.minecraftforge.coremod.transformer.CoreModMethodTransformer@e3b0369 to Target : METHOD {Lnet/minecraft/client/renderer/BiomeColors;} {m_108807_} {(Lnet/minecraft/world/level/biome/Biome;DD)I}
[07Oct2025 19:36:47.156] [main/DEBUG] [cpw.mods.modlauncher.TransformStore/MODLAUNCHER]: Adding transformer net.minecraftforge.coremod.transformer.CoreModMethodTransformer@45843650 to Target : METHOD {Lnet/minecraft/client/player/LocalPlayer;} {m_6083_} {()V}
[07Oct2025 19:36:47.156] [main/DEBUG] [cpw.mods.modlauncher.TransformStore/MODLAUNCHER]: Adding transformer net.minecraftforge.coremod.transformer.CoreModMethodTransformer@72443081 to Target : METHOD {Lnet/minecraft/world/item/WrittenBookItem;} {m_7626_} {(Lnet/minecraft/world/item/ItemStack;)Lnet/minecraft/network/chat/Component;}
[07Oct2025 19:36:47.156] [main/DEBUG] [cpw.mods.modlauncher.TransformStore/MODLAUNCHER]: Adding transformer net.minecraftforge.coremod.transformer.CoreModMethodTransformer@33feda48 to Target : METHOD {Lnet/minecraft/world/level/levelgen/structure/StructureStart;} {m_226857_} {(Lnet/minecraft/world/level/levelgen/structure/pieces/StructurePieceSerializationContext;Lnet/minecraft/nbt/CompoundTag;J)Lnet/minecraft/world/level/levelgen/structure/StructureStart;}
[07Oct2025 19:36:47.156] [main/DEBUG] [cpw.mods.modlauncher.TransformStore/MODLAUNCHER]: Adding transformer net.minecraftforge.coremod.transformer.CoreModMethodTransformer@6588b715 to Target : METHOD {Lnet/minecraft/world/item/Item;} {m_41435_} {(Lnet/minecraft/world/level/Level;Lnet/minecraft/world/entity/player/Player;Lnet/minecraft/world/level/ClipContext$Fluid;)Lnet/minecraft/world/phys/BlockHitResult;}
[07Oct2025 19:36:47.156] [main/DEBUG] [cpw.mods.modlauncher.TransformStore/MODLAUNCHER]: Adding transformer net.minecraftforge.coremod.transformer.CoreModMethodTransformer@15a3b42 to Target : METHOD {Lnet/minecraft/world/level/block/MushroomBlock;} {m_7898_} {(Lnet/minecraft/world/level/block/state/BlockState;Lnet/minecraft/world/level/LevelReader;Lnet/minecraft/core/BlockPos;)Z}
[07Oct2025 19:36:47.157] [main/DEBUG] [cpw.mods.modlauncher.TransformStore/MODLAUNCHER]: Adding transformer net.minecraftforge.coremod.transformer.CoreModMethodTransformer@52c9d3d0 to Target : METHOD {Lnet/minecraft/world/level/Level;} {m_46758_} {(Lnet/minecraft/core/BlockPos;)Z}
[07Oct2025 19:36:47.157] [main/DEBUG] [cpw.mods.modlauncher.TransformStore/MODLAUNCHER]: Adding transformer net.minecraftforge.coremod.transformer.CoreModMethodTransformer@17207f5b to Target : METHOD {Lnet/minecraft/world/entity/decoration/LeashFenceKnotEntity;} {m_7088_} {()Z}
[07Oct2025 19:36:47.157] [main/DEBUG] [cpw.mods.modlauncher.TransformStore/MODLAUNCHER]: Adding transformer net.minecraftforge.coremod.transformer.CoreModClassTransformer@67e0ff3a to Target : CLASS {Lnet/minecraft/world/level/biome/Biome;} {} {V}
[07Oct2025 19:36:47.158] [main/DEBUG] [cpw.mods.modlauncher.TransformStore/MODLAUNCHER]: Adding transformer net.minecraftforge.coremod.transformer.CoreModClassTransformer@7b2bf745 to Target : CLASS {Lnet/minecraft/world/level/levelgen/structure/Structure;} {} {V}
[07Oct2025 19:36:47.158] [main/DEBUG] [cpw.mods.modlauncher.TransformStore/MODLAUNCHER]: Adding transformer net.minecraftforge.coremod.transformer.CoreModClassTransformer@6fe595dc to Target : CLASS {Lnet/minecraft/world/effect/MobEffectInstance;} {} {V}
[07Oct2025 19:36:47.158] [main/DEBUG] [cpw.mods.modlauncher.TransformStore/MODLAUNCHER]: Adding transformer net.minecraftforge.coremod.transformer.CoreModClassTransformer@5af5d76f to Target : CLASS {Lnet/minecraft/world/level/block/LiquidBlock;} {} {V}
[07Oct2025 19:36:47.158] [main/DEBUG] [cpw.mods.modlauncher.TransformStore/MODLAUNCHER]: Adding transformer net.minecraftforge.coremod.transformer.CoreModClassTransformer@3a8cea24 to Target : CLASS {Lnet/minecraft/world/item/BucketItem;} {} {V}
[07Oct2025 19:36:47.159] [main/DEBUG] [cpw.mods.modlauncher.TransformStore/MODLAUNCHER]: Adding transformer net.minecraftforge.coremod.transformer.CoreModClassTransformer@1eb9a3ef to Target : CLASS {Lnet/minecraft/world/level/block/StairBlock;} {} {V}
[07Oct2025 19:36:47.159] [main/DEBUG] [cpw.mods.modlauncher.TransformStore/MODLAUNCHER]: Adding transformer net.minecraftforge.coremod.transformer.CoreModClassTransformer@5d318e91 to Target : CLASS {Lnet/minecraft/world/level/block/FlowerPotBlock;} {} {V}
[07Oct2025 19:36:47.159] [main/DEBUG] [cpw.mods.modlauncher.TransformStore/MODLAUNCHER]: Adding transformer net.minecraftforge.coremod.transformer.CoreModClassTransformer@298b64f7 to Target : CLASS {Lnet/minecraft/world/item/ItemStack;} {} {V}
[07Oct2025 19:36:47.159] [main/DEBUG] [cpw.mods.modlauncher.TransformStore/MODLAUNCHER]: Adding transformer net.minecraftforge.coremod.transformer.CoreModClassTransformer@740b6628 to Target : CLASS {Lnet/minecraft/network/play/client/CClientSettingsPacket;} {} {V}
[07Oct2025 19:36:47.160] [main/DEBUG] [cpw.mods.modlauncher.TransformStore/MODLAUNCHER]: Adding transformer net.minecraftforge.coremod.transformer.CoreModClassTransformer@27fe059d to Target : CLASS {Lnet/minecraft/world/entity/animal/frog/Tadpole;} {} {V}
[07Oct2025 19:36:47.160] [main/DEBUG] [cpw.mods.modlauncher.TransformStore/MODLAUNCHER]: Adding transformer net.minecraftforge.coremod.transformer.CoreModClassTransformer@27fe059d to Target : CLASS {Lnet/minecraft/world/level/NaturalSpawner;} {} {V}
[07Oct2025 19:36:47.160] [main/DEBUG] [cpw.mods.modlauncher.TransformStore/MODLAUNCHER]: Adding transformer net.minecraftforge.coremod.transformer.CoreModClassTransformer@27fe059d to Target : CLASS {Lnet/minecraft/world/entity/monster/Strider;} {} {V}
[07Oct2025 19:36:47.160] [main/DEBUG] [cpw.mods.modlauncher.TransformStore/MODLAUNCHER]: Adding transformer net.minecraftforge.coremod.transformer.CoreModClassTransformer@27fe059d to Target : CLASS {Lnet/minecraft/world/level/levelgen/structure/templatesystem/StructureTemplate;} {} {V}
[07Oct2025 19:36:47.160] [main/DEBUG] [cpw.mods.modlauncher.TransformStore/MODLAUNCHER]: Adding transformer net.minecraftforge.coremod.transformer.CoreModClassTransformer@27fe059d to Target : CLASS {Lnet/minecraft/world/level/levelgen/structure/structures/SwampHutPiece;} {} {V}
[07Oct2025 19:36:47.160] [main/DEBUG] [cpw.mods.modlauncher.TransformStore/MODLAUNCHER]: Adding transformer net.minecraftforge.coremod.transformer.CoreModClassTransformer@27fe059d to Target : CLASS {Lnet/minecraft/world/entity/EntityType;} {} {V}
[07Oct2025 19:36:47.161] [main/DEBUG] [cpw.mods.modlauncher.TransformStore/MODLAUNCHER]: Adding transformer net.minecraftforge.coremod.transformer.CoreModClassTransformer@27fe059d to Target : CLASS {Lnet/minecraft/world/entity/monster/Evoker$EvokerSummonSpellGoal;} {} {V}
[07Oct2025 19:36:47.161] [main/DEBUG] [cpw.mods.modlauncher.TransformStore/MODLAUNCHER]: Adding transformer net.minecraftforge.coremod.transformer.CoreModClassTransformer@27fe059d to Target : CLASS {Lnet/minecraft/world/entity/monster/ZombieVillager;} {} {V}
[07Oct2025 19:36:47.161] [main/DEBUG] [cpw.mods.modlauncher.TransformStore/MODLAUNCHER]: Adding transformer net.minecraftforge.coremod.transformer.CoreModClassTransformer@27fe059d to Target : CLASS {Lnet/minecraft/world/entity/animal/horse/SkeletonTrapGoal;} {} {V}
[07Oct2025 19:36:47.161] [main/DEBUG] [cpw.mods.modlauncher.TransformStore/MODLAUNCHER]: Adding transformer net.minecraftforge.coremod.transformer.CoreModClassTransformer@27fe059d to Target : CLASS {Lnet/minecraft/world/entity/raid/Raid;} {} {V}
[07Oct2025 19:36:47.161] [main/DEBUG] [cpw.mods.modlauncher.TransformStore/MODLAUNCHER]: Adding transformer net.minecraftforge.coremod.transformer.CoreModClassTransformer@27fe059d to Target : CLASS {Lnet/minecraft/world/entity/npc/CatSpawner;} {} {V}
[07Oct2025 19:36:47.161] [main/DEBUG] [cpw.mods.modlauncher.TransformStore/MODLAUNCHER]: Adding transformer net.minecraftforge.coremod.transformer.CoreModClassTransformer@27fe059d to Target : CLASS {Lnet/minecraft/world/entity/npc/Villager;} {} {V}
[07Oct2025 19:36:47.162] [main/DEBUG] [cpw.mods.modlauncher.TransformStore/MODLAUNCHER]: Adding transformer net.minecraftforge.coremod.transformer.CoreModClassTransformer@27fe059d to Target : CLASS {Lnet/minecraft/server/commands/SummonCommand;} {} {V}
[07Oct2025 19:36:47.162] [main/DEBUG] [cpw.mods.modlauncher.TransformStore/MODLAUNCHER]: Adding transformer net.minecraftforge.coremod.transformer.CoreModClassTransformer@27fe059d to Target : CLASS {Lnet/minecraft/world/entity/ai/village/VillageSiege;} {} {V}
[07Oct2025 19:36:47.162] [main/DEBUG] [cpw.mods.modlauncher.TransformStore/MODLAUNCHER]: Adding transformer net.minecraftforge.coremod.transformer.CoreModClassTransformer@27fe059d to Target : CLASS {Lnet/minecraft/world/level/levelgen/PatrolSpawner;} {} {V}
[07Oct2025 19:36:47.162] [main/DEBUG] [cpw.mods.modlauncher.TransformStore/MODLAUNCHER]: Adding transformer net.minecraftforge.coremod.transformer.CoreModClassTransformer@27fe059d to Target : CLASS {Lnet/minecraft/world/level/levelgen/structure/structures/OceanRuinPieces$OceanRuinPiece;} {} {V}
[07Oct2025 19:36:47.162] [main/DEBUG] [cpw.mods.modlauncher.TransformStore/MODLAUNCHER]: Adding transformer net.minecraftforge.coremod.transformer.CoreModClassTransformer@27fe059d to Target : CLASS {Lnet/minecraft/server/commands/RaidCommand;} {} {V}
[07Oct2025 19:36:47.162] [main/DEBUG] [cpw.mods.modlauncher.TransformStore/MODLAUNCHER]: Adding transformer net.minecraftforge.coremod.transformer.CoreModClassTransformer@27fe059d to Target : CLASS {Lnet/minecraft/world/entity/monster/Spider;} {} {V}
[07Oct2025 19:36:47.162] [main/DEBUG] [cpw.mods.modlauncher.TransformStore/MODLAUNCHER]: Adding transformer net.minecraftforge.coremod.transformer.CoreModClassTransformer@27fe059d to Target : CLASS {Lnet/minecraft/world/level/levelgen/structure/structures/WoodlandMansionPieces$WoodlandMansionPiece;} {} {V}
[07Oct2025 19:36:47.163] [main/DEBUG] [cpw.mods.modlauncher.TransformStore/MODLAUNCHER]: Adding transformer net.minecraftforge.coremod.transformer.CoreModClassTransformer@27fe059d to Target : CLASS {Lnet/minecraft/world/entity/monster/Zombie;} {} {V}
[07Oct2025 19:36:47.163] [main/DEBUG] [cpw.mods.modlauncher.TransformStore/MODLAUNCHER]: Adding transformer net.minecraftforge.coremod.transformer.CoreModClassTransformer@27fe059d to Target : CLASS {Lnet/minecraft/world/level/levelgen/structure/structures/OceanMonumentPieces$OceanMonumentPiece;} {} {V}
[07Oct2025 19:36:47.164] [main/DEBUG] [cpw.mods.modlauncher.TransformStore/MODLAUNCHER]: Adding transformer net.minecraftforge.coremod.transformer.CoreModClassTransformer@27fe059d to Target : CLASS {Lnet/minecraft/world/level/levelgen/PhantomSpawner;} {} {V}
[07Oct2025 19:36:47.164] [main/DEBUG] [cpw.mods.modlauncher.TransformationServiceDecorator/MODLAUNCHER]: Initialized transformers for transformation service fml
[07Oct2025 19:36:48.485] [main/DEBUG] [mixin/]: Processing prepare() for PlatformAgent[MixinPlatformAgentDefault:ModLauncher Root Container(ModLauncher:4f56a0a2)]
[07Oct2025 19:36:48.486] [main/DEBUG] [mixin/]: Processing launch tasks for PlatformAgent[MixinPlatformAgentDefault:ModLauncher Root Container(ModLauncher:4f56a0a2)]
[07Oct2025 19:36:48.486] [main/DEBUG] [mixin/]: Adding mixin platform agents for container SecureJarResource(geckolib)
[07Oct2025 19:36:48.486] [main/DEBUG] [mixin/]: Instancing new MixinPlatformAgentMinecraftForge for SecureJarResource(geckolib)
[07Oct2025 19:36:48.486] [main/DEBUG] [mixin/]: MixinPlatformAgentMinecraftForge rejected container SecureJarResource(geckolib)
[07Oct2025 19:36:48.487] [main/DEBUG] [mixin/]: Instancing new MixinPlatformAgentDefault for SecureJarResource(geckolib)
[07Oct2025 19:36:48.487] [main/DEBUG] [mixin/]: MixinPlatformAgentDefault accepted container SecureJarResource(geckolib)
[07Oct2025 19:36:48.487] [main/DEBUG] [mixin/]: Processing prepare() for PlatformAgent[MixinPlatformAgentDefault:SecureJarResource(geckolib)]
[07Oct2025 19:36:48.487] [main/DEBUG] [mixin/]: Registering mixin config: geckolib.mixins.json
[07Oct2025 19:36:48.502] [main/DEBUG] [mixin/]: Compatibility level JAVA_17 specified by geckolib.mixins.json is higher than the maximum level supported by this version of mixin (JAVA_13).
[07Oct2025 19:36:48.505] [main/INFO] [mixin/]: Compatibility level set to JAVA_17
[07Oct2025 19:36:48.508] [main/DEBUG] [mixin/]: Adding mixin platform agents for container SecureJarResource(easymagic)
[07Oct2025 19:36:48.508] [main/DEBUG] [mixin/]: Instancing new MixinPlatformAgentMinecraftForge for SecureJarResource(easymagic)
[07Oct2025 19:36:48.508] [main/DEBUG] [mixin/]: MixinPlatformAgentMinecraftForge rejected container SecureJarResource(easymagic)
[07Oct2025 19:36:48.509] [main/DEBUG] [mixin/]: Instancing new MixinPlatformAgentDefault for SecureJarResource(easymagic)
[07Oct2025 19:36:48.509] [main/DEBUG] [mixin/]: MixinPlatformAgentDefault accepted container SecureJarResource(easymagic)
[07Oct2025 19:36:48.509] [main/DEBUG] [mixin/]: Processing prepare() for PlatformAgent[MixinPlatformAgentDefault:SecureJarResource(easymagic)]
[07Oct2025 19:36:48.509] [main/DEBUG] [mixin/]: Registering mixin config: easymagic.common.mixins.json
[07Oct2025 19:36:48.511] [main/DEBUG] [mixin/]: Adding mixin platform agents for container SecureJarResource(lithostitched)
[07Oct2025 19:36:48.513] [main/DEBUG] [mixin/]: Instancing new MixinPlatformAgentMinecraftForge for SecureJarResource(lithostitched)
[07Oct2025 19:36:48.513] [main/DEBUG] [mixin/]: MixinPlatformAgentMinecraftForge rejected container SecureJarResource(lithostitched)
[07Oct2025 19:36:48.513] [main/DEBUG] [mixin/]: Instancing new MixinPlatformAgentDefault for SecureJarResource(lithostitched)
[07Oct2025 19:36:48.513] [main/DEBUG] [mixin/]: MixinPlatformAgentDefault accepted container SecureJarResource(lithostitched)
[07Oct2025 19:36:48.514] [main/DEBUG] [mixin/]: Processing prepare() for PlatformAgent[MixinPlatformAgentDefault:SecureJarResource(lithostitched)]
[07Oct2025 19:36:48.514] [main/DEBUG] [mixin/]: Registering mixin config: lithostitched.mixins.json
[07Oct2025 19:36:48.519] [main/DEBUG] [mixin/]: Registering mixin config: lithostitched.forge.mixins.json
[07Oct2025 19:36:48.522] [main/DEBUG] [mixin/]: Adding mixin platform agents for container SecureJarResource(goblintraders)
[07Oct2025 19:36:48.524] [main/DEBUG] [mixin/]: Instancing new MixinPlatformAgentMinecraftForge for SecureJarResource(goblintraders)
[07Oct2025 19:36:48.524] [main/DEBUG] [mixin/]: MixinPlatformAgentMinecraftForge rejected container SecureJarResource(goblintraders)
[07Oct2025 19:36:48.525] [main/DEBUG] [mixin/]: Instancing new MixinPlatformAgentDefault for SecureJarResource(goblintraders)
[07Oct2025 19:36:48.527] [main/DEBUG] [mixin/]: MixinPlatformAgentDefault accepted container SecureJarResource(goblintraders)
[07Oct2025 19:36:48.527] [main/DEBUG] [mixin/]: Processing prepare() for PlatformAgent[MixinPlatformAgentDefault:SecureJarResource(goblintraders)]
[07Oct2025 19:36:48.528] [main/DEBUG] [mixin/]: Registering mixin config: goblintraders.common.mixins.json
[07Oct2025 19:36:48.529] [main/DEBUG] [mixin/]: Adding mixin platform agents for container SecureJarResource(mcwwindows)
[07Oct2025 19:36:48.529] [main/DEBUG] [mixin/]: Instancing new MixinPlatformAgentMinecraftForge for SecureJarResource(mcwwindows)
[07Oct2025 19:36:48.530] [main/DEBUG] [mixin/]: MixinPlatformAgentMinecraftForge rejected container SecureJarResource(mcwwindows)
[07Oct2025 19:36:48.530] [main/DEBUG] [mixin/]: Instancing new MixinPlatformAgentDefault for SecureJarResource(mcwwindows)
[07Oct2025 19:36:48.530] [main/DEBUG] [mixin/]: MixinPlatformAgentDefault accepted container SecureJarResource(mcwwindows)
[07Oct2025 19:36:48.530] [main/DEBUG] [mixin/]: Processing prepare() for PlatformAgent[MixinPlatformAgentDefault:SecureJarResource(mcwwindows)]
[07Oct2025 19:36:48.530] [main/DEBUG] [mixin/]: Adding mixin platform agents for container SecureJarResource(obscure_api)
[07Oct2025 19:36:48.530] [main/DEBUG] [mixin/]: Instancing new MixinPlatformAgentMinecraftForge for SecureJarResource(obscure_api)
[07Oct2025 19:36:48.530] [main/DEBUG] [mixin/]: MixinPlatformAgentMinecraftForge rejected container SecureJarResource(obscure_api)
[07Oct2025 19:36:48.533] [main/DEBUG] [mixin/]: Instancing new MixinPlatformAgentDefault for SecureJarResource(obscure_api)
[07Oct2025 19:36:48.533] [main/DEBUG] [mixin/]: MixinPlatformAgentDefault accepted container SecureJarResource(obscure_api)
[07Oct2025 19:36:48.533] [main/DEBUG] [mixin/]: Processing prepare() for PlatformAgent[MixinPlatformAgentDefault:SecureJarResource(obscure_api)]
[07Oct2025 19:36:48.533] [main/DEBUG] [mixin/]: Registering mixin config: obscure_api.mixins.json
[07Oct2025 19:36:48.535] [main/DEBUG] [mixin/]: Adding mixin platform agents for container SecureJarResource(journeymap)
[07Oct2025 19:36:48.535] [main/DEBUG] [mixin/]: Instancing new MixinPlatformAgentMinecraftForge for SecureJarResource(journeymap)
[07Oct2025 19:36:48.536] [main/DEBUG] [mixin/]: MixinPlatformAgentMinecraftForge rejected container SecureJarResource(journeymap)
[07Oct2025 19:36:48.536] [main/DEBUG] [mixin/]: Instancing new MixinPlatformAgentDefault for SecureJarResource(journeymap)
[07Oct2025 19:36:48.536] [main/DEBUG] [mixin/]: MixinPlatformAgentDefault accepted container SecureJarResource(journeymap)
[07Oct2025 19:36:48.536] [main/DEBUG] [mixin/]: Processing prepare() for PlatformAgent[MixinPlatformAgentDefault:SecureJarResource(journeymap)]
[07Oct2025 19:36:48.536] [main/DEBUG] [mixin/]: Registering mixin config: journeymap.mixins.json
[07Oct2025 19:36:48.537] [main/DEBUG] [mixin/]: Adding mixin platform agents for container SecureJarResource(modernfix)
[07Oct2025 19:36:48.539] [main/DEBUG] [mixin/]: Instancing new MixinPlatformAgentMinecraftForge for SecureJarResource(modernfix)
[07Oct2025 19:36:48.540] [main/DEBUG] [mixin/]: MixinPlatformAgentMinecraftForge rejected container SecureJarResource(modernfix)
[07Oct2025 19:36:48.540] [main/DEBUG] [mixin/]: Instancing new MixinPlatformAgentDefault for SecureJarResource(modernfix)
[07Oct2025 19:36:48.541] [main/DEBUG] [mixin/]: MixinPlatformAgentDefault accepted container SecureJarResource(modernfix)
[07Oct2025 19:36:48.541] [main/DEBUG] [mixin/]: Processing prepare() for PlatformAgent[MixinPlatformAgentDefault:SecureJarResource(modernfix)]
[07Oct2025 19:36:48.542] [main/DEBUG] [mixin/]: Registering mixin config: modernfix-common.mixins.json
[07Oct2025 19:36:48.545] [main/DEBUG] [mixin/]: Registering mixin config: modernfix-forge.mixins.json
[07Oct2025 19:36:48.550] [main/DEBUG] [mixin/]: Adding mixin platform agents for container SecureJarResource(jei)
[07Oct2025 19:36:48.550] [main/DEBUG] [mixin/]: Instancing new MixinPlatformAgentMinecraftForge for SecureJarResource(jei)
[07Oct2025 19:36:48.550] [main/DEBUG] [mixin/]: MixinPlatformAgentMinecraftForge rejected container SecureJarResource(jei)
[07Oct2025 19:36:48.550] [main/DEBUG] [mixin/]: Instancing new MixinPlatformAgentDefault for SecureJarResource(jei)
[07Oct2025 19:36:48.550] [main/DEBUG] [mixin/]: MixinPlatformAgentDefault accepted container SecureJarResource(jei)
[07Oct2025 19:36:48.550] [main/DEBUG] [mixin/]: Processing prepare() for PlatformAgent[MixinPlatformAgentDefault:SecureJarResource(jei)]
[07Oct2025 19:36:48.550] [main/DEBUG] [mixin/]: Adding mixin platform agents for container SecureJarResource(citadel)
[07Oct2025 19:36:48.550] [main/DEBUG] [mixin/]: Instancing new MixinPlatformAgentMinecraftForge for SecureJarResource(citadel)
[07Oct2025 19:36:48.550] [main/DEBUG] [mixin/]: MixinPlatformAgentMinecraftForge rejected container SecureJarResource(citadel)
[07Oct2025 19:36:48.550] [main/DEBUG] [mixin/]: Instancing new MixinPlatformAgentDefault for SecureJarResource(citadel)
[07Oct2025 19:36:48.551] [main/DEBUG] [mixin/]: MixinPlatformAgentDefault accepted container SecureJarResource(citadel)
[07Oct2025 19:36:48.551] [main/DEBUG] [mixin/]: Processing prepare() for PlatformAgent[MixinPlatformAgentDefault:SecureJarResource(citadel)]
[07Oct2025 19:36:48.551] [main/DEBUG] [mixin/]: Registering mixin config: citadel.mixins.json
[07Oct2025 19:36:48.552] [main/DEBUG] [mixin/]: Adding mixin platform agents for container SecureJarResource(travelersbackpack)
[07Oct2025 19:36:48.555] [main/DEBUG] [mixin/]: Instancing new MixinPlatformAgentMinecraftForge for SecureJarResource(travelersbackpack)
[07Oct2025 19:36:48.555] [main/DEBUG] [mixin/]: MixinPlatformAgentMinecraftForge rejected container SecureJarResource(travelersbackpack)
[07Oct2025 19:36:48.555] [main/DEBUG] [mixin/]: Instancing new MixinPlatformAgentDefault for SecureJarResource(travelersbackpack)
[07Oct2025 19:36:48.556] [main/DEBUG] [mixin/]: MixinPlatformAgentDefault accepted container SecureJarResource(travelersbackpack)
[07Oct2025 19:36:48.556] [main/DEBUG] [mixin/]: Processing prepare() for PlatformAgent[MixinPlatformAgentDefault:SecureJarResource(travelersbackpack)]
[07Oct2025 19:36:48.556] [main/DEBUG] [mixin/]: Adding mixin platform agents for container SecureJarResource(artifacts)
[07Oct2025 19:36:48.556] [main/DEBUG] [mixin/]: Instancing new MixinPlatformAgentMinecraftForge for SecureJarResource(artifacts)
[07Oct2025 19:36:48.556] [main/DEBUG] [mixin/]: MixinPlatformAgentMinecraftForge rejected container SecureJarResource(artifacts)
[07Oct2025 19:36:48.557] [main/DEBUG] [mixin/]: Instancing new MixinPlatformAgentDefault for SecureJarResource(artifacts)
[07Oct2025 19:36:48.557] [main/DEBUG] [mixin/]: MixinPlatformAgentDefault accepted container SecureJarResource(artifacts)
[07Oct2025 19:36:48.557] [main/DEBUG] [mixin/]: Processing prepare() for PlatformAgent[MixinPlatformAgentDefault:SecureJarResource(artifacts)]
[07Oct2025 19:36:48.557] [main/DEBUG] [mixin/]: Registering mixin config: mixins.artifacts.common.json
[07Oct2025 19:36:48.559] [main/DEBUG] [mixin/]: Registering mixin config: mixins.artifacts.forge.json
[07Oct2025 19:36:48.560] [main/DEBUG] [mixin/]: Adding mixin platform agents for container SecureJarResource(mixinextras)
[07Oct2025 19:36:48.561] [main/DEBUG] [mixin/]: Instancing new MixinPlatformAgentMinecraftForge for SecureJarResource(mixinextras)
[07Oct2025 19:36:48.561] [main/DEBUG] [mixin/]: MixinPlatformAgentMinecraftForge rejected container SecureJarResource(mixinextras)
[07Oct2025 19:36:48.561] [main/DEBUG] [mixin/]: Instancing new MixinPlatformAgentDefault for SecureJarResource(mixinextras)
[07Oct2025 19:36:48.561] [main/DEBUG] [mixin/]: MixinPlatformAgentDefault accepted container SecureJarResource(mixinextras)
[07Oct2025 19:36:48.561] [main/DEBUG] [mixin/]: Processing prepare() for PlatformAgent[MixinPlatformAgentDefault:SecureJarResource(mixinextras)]
[07Oct2025 19:36:48.561] [main/DEBUG] [mixin/]: Registering mixin config: mixinextras.init.mixins.json
[07Oct2025 19:36:48.565] [main/DEBUG] [mixin/]: Adding mixin platform agents for container SecureJarResource(bookshelf)
[07Oct2025 19:36:48.565] [main/DEBUG] [mixin/]: Instancing new MixinPlatformAgentMinecraftForge for SecureJarResource(bookshelf)
[07Oct2025 19:36:48.566] [main/DEBUG] [mixin/]: MixinPlatformAgentMinecraftForge rejected container SecureJarResource(bookshelf)
[07Oct2025 19:36:48.566] [main/DEBUG] [mixin/]: Instancing new MixinPlatformAgentDefault for SecureJarResource(bookshelf)
[07Oct2025 19:36:48.566] [main/DEBUG] [mixin/]: MixinPlatformAgentDefault accepted container SecureJarResource(bookshelf)
[07Oct2025 19:36:48.566] [main/DEBUG] [mixin/]: Processing prepare() for PlatformAgent[MixinPlatformAgentDefault:SecureJarResource(bookshelf)]
[07Oct2025 19:36:48.566] [main/DEBUG] [mixin/]: Registering mixin config: bookshelf.common.mixins.json
[07Oct2025 19:36:48.568] [main/DEBUG] [mixin/]: Registering mixin config: bookshelf.forge.mixins.json
[07Oct2025 19:36:48.572] [main/DEBUG] [mixin/]: Adding mixin platform agents for container SecureJarResource(mcwdoors)
[07Oct2025 19:36:48.572] [main/DEBUG] [mixin/]: Instancing new MixinPlatformAgentMinecraftForge for SecureJarResource(mcwdoors)
[07Oct2025 19:36:48.572] [main/DEBUG] [mixin/]: MixinPlatformAgentMinecraftForge rejected container SecureJarResource(mcwdoors)
[07Oct2025 19:36:48.572] [main/DEBUG] [mixin/]: Instancing new MixinPlatformAgentDefault for SecureJarResource(mcwdoors)
[07Oct2025 19:36:48.573] [main/DEBUG] [mixin/]: MixinPlatformAgentDefault accepted container SecureJarResource(mcwdoors)
[07Oct2025 19:36:48.573] [main/DEBUG] [mixin/]: Processing prepare() for PlatformAgent[MixinPlatformAgentDefault:SecureJarResource(mcwdoors)]
[07Oct2025 19:36:48.573] [main/DEBUG] [mixin/]: Adding mixin platform agents for container SecureJarResource(iceandfire)
[07Oct2025 19:36:48.573] [main/DEBUG] [mixin/]: Instancing new MixinPlatformAgentMinecraftForge for SecureJarResource(iceandfire)
[07Oct2025 19:36:48.573] [main/DEBUG] [mixin/]: MixinPlatformAgentMinecraftForge rejected container SecureJarResource(iceandfire)
[07Oct2025 19:36:48.574] [main/DEBUG] [mixin/]: Instancing new MixinPlatformAgentDefault for SecureJarResource(iceandfire)
[07Oct2025 19:36:48.574] [main/DEBUG] [mixin/]: MixinPlatformAgentDefault accepted container SecureJarResource(iceandfire)
[07Oct2025 19:36:48.574] [main/DEBUG] [mixin/]: Processing prepare() for PlatformAgent[MixinPlatformAgentDefault:SecureJarResource(iceandfire)]
[07Oct2025 19:36:48.574] [main/DEBUG] [mixin/]: Registering mixin config: iceandfire.mixins.json
[07Oct2025 19:36:48.576] [main/DEBUG] [mixin/]: Adding mixin platform agents for container SecureJarResource(bosses_of_mass_destruction)
[07Oct2025 19:36:48.578] [main/DEBUG] [mixin/]: Instancing new MixinPlatformAgentMinecraftForge for SecureJarResource(bosses_of_mass_destruction)
[07Oct2025 19:36:48.578] [main/DEBUG] [mixin/]: MixinPlatformAgentMinecraftForge rejected container SecureJarResource(bosses_of_mass_destruction)
[07Oct2025 19:36:48.578] [main/DEBUG] [mixin/]: Instancing new MixinPlatformAgentDefault for SecureJarResource(bosses_of_mass_destruction)
[07Oct2025 19:36:48.578] [main/DEBUG] [mixin/]: MixinPlatformAgentDefault accepted container SecureJarResource(bosses_of_mass_destruction)
[07Oct2025 19:36:48.579] [main/DEBUG] [mixin/]: Processing prepare() for PlatformAgent[MixinPlatformAgentDefault:SecureJarResource(bosses_of_mass_destruction)]
[07Oct2025 19:36:48.579] [main/DEBUG] [mixin/]: Registering mixin config: mixins.bosses_of_mass_destruction.json
[07Oct2025 19:36:48.582] [main/DEBUG] [mixin/]: Adding mixin platform agents for container SecureJarResource(puzzlesaccessapi)
[07Oct2025 19:36:48.583] [main/DEBUG] [mixin/]: Instancing new MixinPlatformAgentMinecraftForge for SecureJarResource(puzzlesaccessapi)
[07Oct2025 19:36:48.583] [main/DEBUG] [mixin/]: MixinPlatformAgentMinecraftForge rejected container SecureJarResource(puzzlesaccessapi)
[07Oct2025 19:36:48.583] [main/DEBUG] [mixin/]: Instancing new MixinPlatformAgentDefault for SecureJarResource(puzzlesaccessapi)
[07Oct2025 19:36:48.583] [main/DEBUG] [mixin/]: MixinPlatformAgentDefault accepted container SecureJarResource(puzzlesaccessapi)
[07Oct2025 19:36:48.583] [main/DEBUG] [mixin/]: Processing prepare() for PlatformAgent[MixinPlatformAgentDefault:SecureJarResource(puzzlesaccessapi)]
[07Oct2025 19:36:48.583] [main/DEBUG] [mixin/]: Adding mixin platform agents for container SecureJarResource(cloth_config)
[07Oct2025 19:36:48.583] [main/DEBUG] [mixin/]: Instancing new MixinPlatformAgentMinecraftForge for SecureJarResource(cloth_config)
[07Oct2025 19:36:48.583] [main/DEBUG] [mixin/]: MixinPlatformAgentMinecraftForge rejected container SecureJarResource(cloth_config)
[07Oct2025 19:36:48.584] [main/DEBUG] [mixin/]: Instancing new MixinPlatformAgentDefault for SecureJarResource(cloth_config)
[07Oct2025 19:36:48.584] [main/DEBUG] [mixin/]: MixinPlatformAgentDefault accepted container SecureJarResource(cloth_config)
[07Oct2025 19:36:48.584] [main/DEBUG] [mixin/]: Processing prepare() for PlatformAgent[MixinPlatformAgentDefault:SecureJarResource(cloth_config)]
[07Oct2025 19:36:48.584] [main/DEBUG] [mixin/]: Adding mixin platform agents for container SecureJarResource(twilightforest)
[07Oct2025 19:36:48.584] [main/DEBUG] [mixin/]: Instancing new MixinPlatformAgentMinecraftForge for SecureJarResource(twilightforest)
[07Oct2025 19:36:48.584] [main/DEBUG] [mixin/]: MixinPlatformAgentMinecraftForge rejected container SecureJarResource(twilightforest)
[07Oct2025 19:36:48.585] [main/DEBUG] [mixin/]: Instancing new MixinPlatformAgentDefault for SecureJarResource(twilightforest)
[07Oct2025 19:36:48.585] [main/DEBUG] [mixin/]: MixinPlatformAgentDefault accepted container SecureJarResource(twilightforest)
[07Oct2025 19:36:48.586] [main/DEBUG] [mixin/]: Processing prepare() for PlatformAgent[MixinPlatformAgentDefault:SecureJarResource(twilightforest)]
[07Oct2025 19:36:48.586] [main/DEBUG] [mixin/]: Adding mixin platform agents for container SecureJarResource(tlskincape)
[07Oct2025 19:36:48.586] [main/DEBUG] [mixin/]: Instancing new MixinPlatformAgentMinecraftForge for SecureJarResource(tlskincape)
[07Oct2025 19:36:48.586] [main/DEBUG] [mixin/]: MixinPlatformAgentMinecraftForge rejected container SecureJarResource(tlskincape)
[07Oct2025 19:36:48.586] [main/DEBUG] [mixin/]: Instancing new MixinPlatformAgentDefault for SecureJarResource(tlskincape)
[07Oct2025 19:36:48.586] [main/DEBUG] [mixin/]: MixinPlatformAgentDefault accepted container SecureJarResource(tlskincape)
[07Oct2025 19:36:48.587] [main/DEBUG] [mixin/]: Processing prepare() for PlatformAgent[MixinPlatformAgentDefault:SecureJarResource(tlskincape)]
[07Oct2025 19:36:48.587] [main/DEBUG] [mixin/]: Adding mixin platform agents for container SecureJarResource(athena)
[07Oct2025 19:36:48.587] [main/DEBUG] [mixin/]: Instancing new MixinPlatformAgentMinecraftForge for SecureJarResource(athena)
[07Oct2025 19:36:48.587] [main/DEBUG] [mixin/]: MixinPlatformAgentMinecraftForge rejected container SecureJarResource(athena)
[07Oct2025 19:36:48.588] [main/DEBUG] [mixin/]: Instancing new MixinPlatformAgentDefault for SecureJarResource(athena)
[07Oct2025 19:36:48.588] [main/DEBUG] [mixin/]: MixinPlatformAgentDefault accepted container SecureJarResource(athena)
[07Oct2025 19:36:48.589] [main/DEBUG] [mixin/]: Processing prepare() for PlatformAgent[MixinPlatformAgentDefault:SecureJarResource(athena)]
[07Oct2025 19:36:48.589] [main/DEBUG] [mixin/]: Registering mixin config: athena.mixins.json
[07Oct2025 19:36:48.591] [main/DEBUG] [mixin/]: Registering mixin config: athena-forge.mixins.json
[07Oct2025 19:36:48.593] [main/DEBUG] [mixin/]: Adding mixin platform agents for container SecureJarResource(dungeons_arise)
[07Oct2025 19:36:48.594] [main/DEBUG] [mixin/]: Instancing new MixinPlatformAgentMinecraftForge for SecureJarResource(dungeons_arise)
[07Oct2025 19:36:48.594] [main/DEBUG] [mixin/]: MixinPlatformAgentMinecraftForge rejected container SecureJarResource(dungeons_arise)
[07Oct2025 19:36:48.596] [main/DEBUG] [mixin/]: Instancing new MixinPlatformAgentDefault for SecureJarResource(dungeons_arise)
[07Oct2025 19:36:48.596] [main/DEBUG] [mixin/]: MixinPlatformAgentDefault accepted container SecureJarResource(dungeons_arise)
[07Oct2025 19:36:48.596] [main/DEBUG] [mixin/]: Processing prepare() for PlatformAgent[MixinPlatformAgentDefault:SecureJarResource(dungeons_arise)]
[07Oct2025 19:36:48.596] [main/DEBUG] [mixin/]: Adding mixin platform agents for container SecureJarResource(minecraft)
[07Oct2025 19:36:48.597] [main/DEBUG] [mixin/]: Instancing new MixinPlatformAgentMinecraftForge for SecureJarResource(minecraft)
[07Oct2025 19:36:48.597] [main/DEBUG] [mixin/]: MixinPlatformAgentMinecraftForge rejected container SecureJarResource(minecraft)
[07Oct2025 19:36:48.597] [main/DEBUG] [mixin/]: Instancing new MixinPlatformAgentDefault for SecureJarResource(minecraft)
[07Oct2025 19:36:48.597] [main/DEBUG] [mixin/]: MixinPlatformAgentDefault accepted container SecureJarResource(minecraft)
[07Oct2025 19:36:48.597] [main/DEBUG] [mixin/]: Processing prepare() for PlatformAgent[MixinPlatformAgentDefault:SecureJarResource(minecraft)]
[07Oct2025 19:36:48.597] [main/DEBUG] [mixin/]: Adding mixin platform agents for container SecureJarResource(handcrafted)
[07Oct2025 19:36:48.597] [main/DEBUG] [mixin/]: Instancing new MixinPlatformAgentMinecraftForge for SecureJarResource(handcrafted)
[07Oct2025 19:36:48.597] [main/DEBUG] [mixin/]: MixinPlatformAgentMinecraftForge rejected container SecureJarResource(handcrafted)
[07Oct2025 19:36:48.597] [main/DEBUG] [mixin/]: Instancing new MixinPlatformAgentDefault for SecureJarResource(handcrafted)
[07Oct2025 19:36:48.597] [main/DEBUG] [mixin/]: MixinPlatformAgentDefault accepted container SecureJarResource(handcrafted)
[07Oct2025 19:36:48.597] [main/DEBUG] [mixin/]: Processing prepare() for PlatformAgent[MixinPlatformAgentDefault:SecureJarResource(handcrafted)]
[07Oct2025 19:36:48.597] [main/DEBUG] [mixin/]: Registering mixin config: handcrafted-common.mixins.json
[07Oct2025 19:36:48.599] [main/DEBUG] [mixin/]: Registering mixin config: handcrafted.mixins.json
[07Oct2025 19:36:48.600] [main/DEBUG] [mixin/]: Adding mixin platform agents for container SecureJarResource(alexscaves)
[07Oct2025 19:36:48.600] [main/DEBUG] [mixin/]: Instancing new MixinPlatformAgentMinecraftForge for SecureJarResource(alexscaves)
[07Oct2025 19:36:48.600] [main/DEBUG] [mixin/]: MixinPlatformAgentMinecraftForge rejected container SecureJarResource(alexscaves)
[07Oct2025 19:36:48.600] [main/DEBUG] [mixin/]: Instancing new MixinPlatformAgentDefault for SecureJarResource(alexscaves)
[07Oct2025 19:36:48.600] [main/DEBUG] [mixin/]: MixinPlatformAgentDefault accepted container SecureJarResource(alexscaves)
[07Oct2025 19:36:48.600] [main/DEBUG] [mixin/]: Processing prepare() for PlatformAgent[MixinPlatformAgentDefault:SecureJarResource(alexscaves)]
[07Oct2025 19:36:48.600] [main/DEBUG] [mixin/]: Registering mixin config: citadel.mixins.json
[07Oct2025 19:36:48.600] [main/DEBUG] [mixin/]: Registering mixin config: alexscaves.mixins.json
[07Oct2025 19:36:48.602] [main/DEBUG] [mixin/]: Adding mixin platform agents for container SecureJarResource(voicechat)
[07Oct2025 19:36:48.602] [main/DEBUG] [mixin/]: Instancing new MixinPlatformAgentMinecraftForge for SecureJarResource(voicechat)
[07Oct2025 19:36:48.602] [main/DEBUG] [mixin/]: MixinPlatformAgentMinecraftForge rejected container SecureJarResource(voicechat)
[07Oct2025 19:36:48.602] [main/DEBUG] [mixin/]: Instancing new MixinPlatformAgentDefault for SecureJarResource(voicechat)
[07Oct2025 19:36:48.602] [main/DEBUG] [mixin/]: MixinPlatformAgentDefault accepted container SecureJarResource(voicechat)
[07Oct2025 19:36:48.602] [main/DEBUG] [mixin/]: Processing prepare() for PlatformAgent[MixinPlatformAgentDefault:SecureJarResource(voicechat)]
[07Oct2025 19:36:48.602] [main/DEBUG] [mixin/]: Adding mixin platform agents for container SecureJarResource(enchdesc)
[07Oct2025 19:36:48.602] [main/DEBUG] [mixin/]: Instancing new MixinPlatformAgentMinecraftForge for SecureJarResource(enchdesc)
[07Oct2025 19:36:48.602] [main/DEBUG] [mixin/]: MixinPlatformAgentMinecraftForge rejected container SecureJarResource(enchdesc)
[07Oct2025 19:36:48.602] [main/DEBUG] [mixin/]: Instancing new MixinPlatformAgentDefault for SecureJarResource(enchdesc)
[07Oct2025 19:36:48.603] [main/DEBUG] [mixin/]: MixinPlatformAgentDefault accepted container SecureJarResource(enchdesc)
[07Oct2025 19:36:48.603] [main/DEBUG] [mixin/]: Processing prepare() for PlatformAgent[MixinPlatformAgentDefault:SecureJarResource(enchdesc)]
[07Oct2025 19:36:48.603] [main/DEBUG] [mixin/]: Adding mixin platform agents for container SecureJarResource(morebowsandarrows)
[07Oct2025 19:36:48.603] [main/DEBUG] [mixin/]: Instancing new MixinPlatformAgentMinecraftForge for SecureJarResource(morebowsandarrows)
[07Oct2025 19:36:48.603] [main/DEBUG] [mixin/]: MixinPlatformAgentMinecraftForge rejected container SecureJarResource(morebowsandarrows)
[07Oct2025 19:36:48.603] [main/DEBUG] [mixin/]: Instancing new MixinPlatformAgentDefault for SecureJarResource(morebowsandarrows)
[07Oct2025 19:36:48.603] [main/DEBUG] [mixin/]: MixinPlatformAgentDefault accepted container SecureJarResource(morebowsandarrows)
[07Oct2025 19:36:48.603] [main/DEBUG] [mixin/]: Processing prepare() for PlatformAgent[MixinPlatformAgentDefault:SecureJarResource(morebowsandarrows)]
[07Oct2025 19:36:48.603] [main/DEBUG] [mixin/]: Registering mixin config: forge-morebowsandarrows.forge.mixins.json
[07Oct2025 19:36:48.605] [main/DEBUG] [mixin/]: Adding mixin platform agents for container SecureJarResource(silentlib)
[07Oct2025 19:36:48.605] [main/DEBUG] [mixin/]: Instancing new MixinPlatformAgentMinecraftForge for SecureJarResource(silentlib)
[07Oct2025 19:36:48.605] [main/DEBUG] [mixin/]: MixinPlatformAgentMinecraftForge rejected container SecureJarResource(silentlib)
[07Oct2025 19:36:48.605] [main/DEBUG] [mixin/]: Instancing new MixinPlatformAgentDefault for SecureJarResource(silentlib)
[07Oct2025 19:36:48.605] [main/DEBUG] [mixin/]: MixinPlatformAgentDefault accepted container SecureJarResource(silentlib)
[07Oct2025 19:36:48.605] [main/DEBUG] [mixin/]: Processing prepare() for PlatformAgent[MixinPlatformAgentDefault:SecureJarResource(silentlib)]
[07Oct2025 19:36:48.605] [main/DEBUG] [mixin/]: Adding mixin platform agents for container SecureJarResource(jade)
[07Oct2025 19:36:48.605] [main/DEBUG] [mixin/]: Instancing new MixinPlatformAgentMinecraftForge for SecureJarResource(jade)
[07Oct2025 19:36:48.605] [main/DEBUG] [mixin/]: MixinPlatformAgentMinecraftForge rejected container SecureJarResource(jade)
[07Oct2025 19:36:48.605] [main/DEBUG] [mixin/]: Instancing new MixinPlatformAgentDefault for SecureJarResource(jade)
[07Oct2025 19:36:48.605] [main/DEBUG] [mixin/]: MixinPlatformAgentDefault accepted container SecureJarResource(jade)
[07Oct2025 19:36:48.605] [main/DEBUG] [mixin/]: Processing prepare() for PlatformAgent[MixinPlatformAgentDefault:SecureJarResource(jade)]
[07Oct2025 19:36:48.605] [main/DEBUG] [mixin/]: Registering mixin config: jade.mixins.json
[07Oct2025 19:36:48.607] [main/DEBUG] [mixin/]: Compatibility level JAVA_16 specified by jade.mixins.json is higher than the maximum level supported by this version of mixin (JAVA_13).
[07Oct2025 19:36:48.607] [main/DEBUG] [mixin/]: Adding mixin platform agents for container SecureJarResource(born_in_chaos_v1)
[07Oct2025 19:36:48.607] [main/DEBUG] [mixin/]: Instancing new MixinPlatformAgentMinecraftForge for SecureJarResource(born_in_chaos_v1)
[07Oct2025 19:36:48.607] [main/DEBUG] [mixin/]: MixinPlatformAgentMinecraftForge rejected container SecureJarResource(born_in_chaos_v1)
[07Oct2025 19:36:48.607] [main/DEBUG] [mixin/]: Instancing new MixinPlatformAgentDefault for SecureJarResource(born_in_chaos_v1)
[07Oct2025 19:36:48.608] [main/DEBUG] [mixin/]: MixinPlatformAgentDefault accepted container SecureJarResource(born_in_chaos_v1)
[07Oct2025 19:36:48.608] [main/DEBUG] [mixin/]: Processing prepare() for PlatformAgent[MixinPlatformAgentDefault:SecureJarResource(born_in_chaos_v1)]
[07Oct2025 19:36:48.608] [main/DEBUG] [mixin/]: Adding mixin platform agents for container SecureJarResource(curios)
[07Oct2025 19:36:48.608] [main/DEBUG] [mixin/]: Instancing new MixinPlatformAgentMinecraftForge for SecureJarResource(curios)
[07Oct2025 19:36:48.608] [main/DEBUG] [mixin/]: MixinPlatformAgentMinecraftForge rejected container SecureJarResource(curios)
[07Oct2025 19:36:48.608] [main/DEBUG] [mixin/]: Instancing new MixinPlatformAgentDefault for SecureJarResource(curios)
[07Oct2025 19:36:48.608] [main/DEBUG] [mixin/]: MixinPlatformAgentDefault accepted container SecureJarResource(curios)
[07Oct2025 19:36:48.608] [main/DEBUG] [mixin/]: Processing prepare() for PlatformAgent[MixinPlatformAgentDefault:SecureJarResource(curios)]
[07Oct2025 19:36:48.608] [main/DEBUG] [mixin/]: Registering mixin config: curios.mixins.json
[07Oct2025 19:36:48.609] [main/DEBUG] [mixin/]: Adding mixin platform agents for container SecureJarResource(ars_nouveau)
[07Oct2025 19:36:48.610] [main/DEBUG] [mixin/]: Instancing new MixinPlatformAgentMinecraftForge for SecureJarResource(ars_nouveau)
[07Oct2025 19:36:48.610] [main/DEBUG] [mixin/]: MixinPlatformAgentMinecraftForge rejected container SecureJarResource(ars_nouveau)
[07Oct2025 19:36:48.610] [main/DEBUG] [mixin/]: Instancing new MixinPlatformAgentDefault for SecureJarResource(ars_nouveau)
[07Oct2025 19:36:48.610] [main/DEBUG] [mixin/]: MixinPlatformAgentDefault accepted container SecureJarResource(ars_nouveau)
[07Oct2025 19:36:48.610] [main/DEBUG] [mixin/]: Processing prepare() for PlatformAgent[MixinPlatformAgentDefault:SecureJarResource(ars_nouveau)]
[07Oct2025 19:36:48.610] [main/DEBUG] [mixin/]: Registering mixin config: ars_nouveau.mixins.json
[07Oct2025 19:36:48.611] [main/DEBUG] [mixin/]: Adding mixin platform agents for container SecureJarResource(spartanshields)
[07Oct2025 19:36:48.611] [main/DEBUG] [mixin/]: Instancing new MixinPlatformAgentMinecraftForge for SecureJarResource(spartanshields)
[07Oct2025 19:36:48.611] [main/DEBUG] [mixin/]: MixinPlatformAgentMinecraftForge rejected container SecureJarResource(spartanshields)
[07Oct2025 19:36:48.611] [main/DEBUG] [mixin/]: Instancing new MixinPlatformAgentDefault for SecureJarResource(spartanshields)
[07Oct2025 19:36:48.611] [main/DEBUG] [mixin/]: MixinPlatformAgentDefault accepted container SecureJarResource(spartanshields)
[07Oct2025 19:36:48.612] [main/DEBUG] [mixin/]: Processing prepare() for PlatformAgent[MixinPlatformAgentDefault:SecureJarResource(spartanshields)]
[07Oct2025 19:36:48.612] [main/DEBUG] [mixin/]: Adding mixin platform agents for container SecureJarResource(patchouli)
[07Oct2025 19:36:48.612] [main/DEBUG] [mixin/]: Instancing new MixinPlatformAgentMinecraftForge for SecureJarResource(patchouli)
[07Oct2025 19:36:48.612] [main/DEBUG] [mixin/]: MixinPlatformAgentMinecraftForge rejected container SecureJarResource(patchouli)
[07Oct2025 19:36:48.612] [main/DEBUG] [mixin/]: Instancing new MixinPlatformAgentDefault for SecureJarResource(patchouli)
[07Oct2025 19:36:48.612] [main/DEBUG] [mixin/]: MixinPlatformAgentDefault accepted container SecureJarResource(patchouli)
[07Oct2025 19:36:48.612] [main/DEBUG] [mixin/]: Processing prepare() for PlatformAgent[MixinPlatformAgentDefault:SecureJarResource(patchouli)]
[07Oct2025 19:36:48.612] [main/DEBUG] [mixin/]: Registering mixin config: patchouli_xplat.mixins.json
[07Oct2025 19:36:48.613] [main/DEBUG] [mixin/]: Adding mixin platform agents for container SecureJarResource(cerbons_api)
[07Oct2025 19:36:48.613] [main/DEBUG] [mixin/]: Instancing new MixinPlatformAgentMinecraftForge for SecureJarResource(cerbons_api)
[07Oct2025 19:36:48.613] [main/DEBUG] [mixin/]: MixinPlatformAgentMinecraftForge rejected container SecureJarResource(cerbons_api)
[07Oct2025 19:36:48.613] [main/DEBUG] [mixin/]: Instancing new MixinPlatformAgentDefault for SecureJarResource(cerbons_api)
[07Oct2025 19:36:48.614] [main/DEBUG] [mixin/]: MixinPlatformAgentDefault accepted container SecureJarResource(cerbons_api)
[07Oct2025 19:36:48.614] [main/DEBUG] [mixin/]: Processing prepare() for PlatformAgent[MixinPlatformAgentDefault:SecureJarResource(cerbons_api)]
[07Oct2025 19:36:48.614] [main/DEBUG] [mixin/]: Registering mixin config: cerbons_api.mixins.json
[07Oct2025 19:36:48.615] [main/DEBUG] [mixin/]: Registering mixin config: cerbons_api-common.mixins.json
[07Oct2025 19:36:48.616] [main/DEBUG] [mixin/]: Adding mixin platform agents for container SecureJarResource(camera)
[07Oct2025 19:36:48.616] [main/DEBUG] [mixin/]: Instancing new MixinPlatformAgentMinecraftForge for SecureJarResource(camera)
[07Oct2025 19:36:48.616] [main/DEBUG] [mixin/]: MixinPlatformAgentMinecraftForge rejected container SecureJarResource(camera)
[07Oct2025 19:36:48.616] [main/DEBUG] [mixin/]: Instancing new MixinPlatformAgentDefault for SecureJarResource(camera)
[07Oct2025 19:36:48.616] [main/DEBUG] [mixin/]: MixinPlatformAgentDefault accepted container SecureJarResource(camera)
[07Oct2025 19:36:48.616] [main/DEBUG] [mixin/]: Processing prepare() for PlatformAgent[MixinPlatformAgentDefault:SecureJarResource(camera)]
[07Oct2025 19:36:48.617] [main/DEBUG] [mixin/]: Adding mixin platform agents for container SecureJarResource(storagedrawers)
[07Oct2025 19:36:48.617] [main/DEBUG] [mixin/]: Instancing new MixinPlatformAgentMinecraftForge for SecureJarResource(storagedrawers)
[07Oct2025 19:36:48.617] [main/DEBUG] [mixin/]: MixinPlatformAgentMinecraftForge rejected container SecureJarResource(storagedrawers)
[07Oct2025 19:36:48.617] [main/DEBUG] [mixin/]: Instancing new MixinPlatformAgentDefault for SecureJarResource(storagedrawers)
[07Oct2025 19:36:48.617] [main/DEBUG] [mixin/]: MixinPlatformAgentDefault accepted container SecureJarResource(storagedrawers)
[07Oct2025 19:36:48.617] [main/DEBUG] [mixin/]: Processing prepare() for PlatformAgent[MixinPlatformAgentDefault:SecureJarResource(storagedrawers)]
[07Oct2025 19:36:48.617] [main/DEBUG] [mixin/]: Adding mixin platform agents for container SecureJarResource(ars_elemental)
[07Oct2025 19:36:48.617] [main/DEBUG] [mixin/]: Instancing new MixinPlatformAgentMinecraftForge for SecureJarResource(ars_elemental)
[07Oct2025 19:36:48.617] [main/DEBUG] [mixin/]: MixinPlatformAgentMinecraftForge rejected container SecureJarResource(ars_elemental)
[07Oct2025 19:36:48.617] [main/DEBUG] [mixin/]: Instancing new MixinPlatformAgentDefault for SecureJarResource(ars_elemental)
[07Oct2025 19:36:48.617] [main/DEBUG] [mixin/]: MixinPlatformAgentDefault accepted container SecureJarResource(ars_elemental)
[07Oct2025 19:36:48.617] [main/DEBUG] [mixin/]: Processing prepare() for PlatformAgent[MixinPlatformAgentDefault:SecureJarResource(ars_elemental)]
[07Oct2025 19:36:48.617] [main/DEBUG] [mixin/]: Registering mixin config: ars_elemental.mixins.json
[07Oct2025 19:36:48.618] [main/DEBUG] [mixin/]: Adding mixin platform agents for container SecureJarResource(tombstone)
[07Oct2025 19:36:48.619] [main/DEBUG] [mixin/]: Instancing new MixinPlatformAgentMinecraftForge for SecureJarResource(tombstone)
[07Oct2025 19:36:48.619] [main/DEBUG] [mixin/]: MixinPlatformAgentMinecraftForge rejected container SecureJarResource(tombstone)
[07Oct2025 19:36:48.619] [main/DEBUG] [mixin/]: Instancing new MixinPlatformAgentDefault for SecureJarResource(tombstone)
[07Oct2025 19:36:48.619] [main/DEBUG] [mixin/]: MixinPlatformAgentDefault accepted container SecureJarResource(tombstone)
[07Oct2025 19:36:48.619] [main/DEBUG] [mixin/]: Processing prepare() for PlatformAgent[MixinPlatformAgentDefault:SecureJarResource(tombstone)]
[07Oct2025 19:36:48.619] [main/DEBUG] [mixin/]: Registering mixin config: tombstone.mixins.json
[07Oct2025 19:36:48.620] [main/DEBUG] [mixin/]: Adding mixin platform agents for container SecureJarResource(cryonicconfig)
[07Oct2025 19:36:48.620] [main/DEBUG] [mixin/]: Instancing new MixinPlatformAgentMinecraftForge for SecureJarResource(cryonicconfig)
[07Oct2025 19:36:48.620] [main/DEBUG] [mixin/]: MixinPlatformAgentMinecraftForge rejected container SecureJarResource(cryonicconfig)
[07Oct2025 19:36:48.620] [main/DEBUG] [mixin/]: Instancing new MixinPlatformAgentDefault for SecureJarResource(cryonicconfig)
[07Oct2025 19:36:48.620] [main/DEBUG] [mixin/]: MixinPlatformAgentDefault accepted container SecureJarResource(cryonicconfig)
[07Oct2025 19:36:48.620] [main/DEBUG] [mixin/]: Processing prepare() for PlatformAgent[MixinPlatformAgentDefault:SecureJarResource(cryonicconfig)]
[07Oct2025 19:36:48.620] [main/DEBUG] [mixin/]: Registering mixin config: cryonicconfig.mixins.json
[07Oct2025 19:36:48.622] [main/DEBUG] [mixin/]: Adding mixin platform agents for container SecureJarResource(resourcefullib)
[07Oct2025 19:36:48.622] [main/DEBUG] [mixin/]: Instancing new MixinPlatformAgentMinecraftForge for SecureJarResource(resourcefullib)
[07Oct2025 19:36:48.622] [main/DEBUG] [mixin/]: MixinPlatformAgentMinecraftForge rejected container SecureJarResource(resourcefullib)
[07Oct2025 19:36:48.622] [main/DEBUG] [mixin/]: Instancing new MixinPlatformAgentDefault for SecureJarResource(resourcefullib)
[07Oct2025 19:36:48.622] [main/DEBUG] [mixin/]: MixinPlatformAgentDefault accepted container SecureJarResource(resourcefullib)
[07Oct2025 19:36:48.622] [main/DEBUG] [mixin/]: Processing prepare() for PlatformAgent[MixinPlatformAgentDefault:SecureJarResource(resourcefullib)]
[07Oct2025 19:36:48.622] [main/DEBUG] [mixin/]: Adding mixin platform agents for container SecureJarResource(deeperdarker)
[07Oct2025 19:36:48.622] [main/DEBUG] [mixin/]: Instancing new MixinPlatformAgentMinecraftForge for SecureJarResource(deeperdarker)
[07Oct2025 19:36:48.622] [main/DEBUG] [mixin/]: MixinPlatformAgentMinecraftForge rejected container SecureJarResource(deeperdarker)
[07Oct2025 19:36:48.622] [main/DEBUG] [mixin/]: Instancing new MixinPlatformAgentDefault for SecureJarResource(deeperdarker)
[07Oct2025 19:36:48.622] [main/DEBUG] [mixin/]: MixinPlatformAgentDefault accepted container SecureJarResource(deeperdarker)
[07Oct2025 19:36:48.622] [main/DEBUG] [mixin/]: Processing prepare() for PlatformAgent[MixinPlatformAgentDefault:SecureJarResource(deeperdarker)]
[07Oct2025 19:36:48.622] [main/DEBUG] [mixin/]: Registering mixin config: mixins.deeperdarker.json
[07Oct2025 19:36:48.624] [main/DEBUG] [mixin/]: Adding mixin platform agents for container SecureJarResource(architectury)
[07Oct2025 19:36:48.624] [main/DEBUG] [mixin/]: Instancing new MixinPlatformAgentMinecraftForge for SecureJarResource(architectury)
[07Oct2025 19:36:48.624] [main/DEBUG] [mixin/]: MixinPlatformAgentMinecraftForge rejected container SecureJarResource(architectury)
[07Oct2025 19:36:48.624] [main/DEBUG] [mixin/]: Instancing new MixinPlatformAgentDefault for SecureJarResource(architectury)
[07Oct2025 19:36:48.624] [main/DEBUG] [mixin/]: MixinPlatformAgentDefault accepted container SecureJarResource(architectury)
[07Oct2025 19:36:48.624] [main/DEBUG] [mixin/]: Processing prepare() for PlatformAgent[MixinPlatformAgentDefault:SecureJarResource(architectury)]
[07Oct2025 19:36:48.624] [main/DEBUG] [mixin/]: Registering mixin config: architectury.mixins.json
[07Oct2025 19:36:48.625] [main/DEBUG] [mixin/]: Compatibility level JAVA_16 specified by architectury.mixins.json is higher than the maximum level supported by this version of mixin (JAVA_13).
[07Oct2025 19:36:48.625] [main/DEBUG] [mixin/]: Registering mixin config: architectury-common.mixins.json
[07Oct2025 19:36:48.627] [main/DEBUG] [mixin/]: Compatibility level JAVA_16 specified by architectury-common.mixins.json is higher than the maximum level supported by this version of mixin (JAVA_13).
[07Oct2025 19:36:48.627] [main/DEBUG] [mixin/]: Adding mixin platform agents for container SecureJarResource(simplyswords)
[07Oct2025 19:36:48.627] [main/DEBUG] [mixin/]: Instancing new MixinPlatformAgentMinecraftForge for SecureJarResource(simplyswords)
[07Oct2025 19:36:48.627] [main/DEBUG] [mixin/]: MixinPlatformAgentMinecraftForge rejected container SecureJarResource(simplyswords)
[07Oct2025 19:36:48.627] [main/DEBUG] [mixin/]: Instancing new MixinPlatformAgentDefault for SecureJarResource(simplyswords)
[07Oct2025 19:36:48.627] [main/DEBUG] [mixin/]: MixinPlatformAgentDefault accepted container SecureJarResource(simplyswords)
[07Oct2025 19:36:48.627] [main/DEBUG] [mixin/]: Processing prepare() for PlatformAgent[MixinPlatformAgentDefault:SecureJarResource(simplyswords)]
[07Oct2025 19:36:48.627] [main/DEBUG] [mixin/]: Registering mixin config: simplyswords-common.mixins.json
[07Oct2025 19:36:48.628] [main/DEBUG] [mixin/]: Registering mixin config: simplyswords.mixins.json
[07Oct2025 19:36:48.630] [main/DEBUG] [mixin/]: Adding mixin platform agents for container SecureJarResource(ferritecore)
[07Oct2025 19:36:48.630] [main/DEBUG] [mixin/]: Instancing new MixinPlatformAgentMinecraftForge for SecureJarResource(ferritecore)
[07Oct2025 19:36:48.630] [main/DEBUG] [mixin/]: MixinPlatformAgentMinecraftForge rejected container SecureJarResource(ferritecore)
[07Oct2025 19:36:48.630] [main/DEBUG] [mixin/]: Instancing new MixinPlatformAgentDefault for SecureJarResource(ferritecore)
[07Oct2025 19:36:48.630] [main/DEBUG] [mixin/]: MixinPlatformAgentDefault accepted container SecureJarResource(ferritecore)
[07Oct2025 19:36:48.630] [main/DEBUG] [mixin/]: Processing prepare() for PlatformAgent[MixinPlatformAgentDefault:SecureJarResource(ferritecore)]
[07Oct2025 19:36:48.630] [main/DEBUG] [mixin/]: Registering mixin config: ferritecore.predicates.mixin.json
[07Oct2025 19:36:48.631] [main/DEBUG] [mixin/]: Registering mixin config: ferritecore.fastmap.mixin.json
[07Oct2025 19:36:48.633] [main/DEBUG] [mixin/]: Registering mixin config: ferritecore.mrl.mixin.json
[07Oct2025 19:36:48.634] [main/DEBUG] [mixin/]: Registering mixin config: ferritecore.dedupmultipart.mixin.json
[07Oct2025 19:36:48.635] [main/DEBUG] [mixin/]: Registering mixin config: ferritecore.blockstatecache.mixin.json
[07Oct2025 19:36:48.636] [main/DEBUG] [mixin/]: Registering mixin config: ferritecore.dedupbakedquad.mixin.json
[07Oct2025 19:36:48.638] [main/DEBUG] [mixin/]: Registering mixin config: ferritecore.threaddetec.mixin.json
[07Oct2025 19:36:48.639] [main/DEBUG] [mixin/]: Registering mixin config: ferritecore.modelsides.mixin.json
[07Oct2025 19:36:48.640] [main/DEBUG] [mixin/]: Adding mixin platform agents for container SecureJarResource(chisel)
[07Oct2025 19:36:48.640] [main/DEBUG] [mixin/]: Instancing new MixinPlatformAgentMinecraftForge for SecureJarResource(chisel)
[07Oct2025 19:36:48.640] [main/DEBUG] [mixin/]: MixinPlatformAgentMinecraftForge rejected container SecureJarResource(chisel)
[07Oct2025 19:36:48.640] [main/DEBUG] [mixin/]: Instancing new MixinPlatformAgentDefault for SecureJarResource(chisel)
[07Oct2025 19:36:48.640] [main/DEBUG] [mixin/]: MixinPlatformAgentDefault accepted container SecureJarResource(chisel)
[07Oct2025 19:36:48.640] [main/DEBUG] [mixin/]: Processing prepare() for PlatformAgent[MixinPlatformAgentDefault:SecureJarResource(chisel)]
[07Oct2025 19:36:48.640] [main/DEBUG] [mixin/]: Registering mixin config: chisel.forge.mixins.json
[07Oct2025 19:36:48.642] [main/DEBUG] [mixin/]: Registering mixin config: chisel.mixins.json
[07Oct2025 19:36:48.643] [main/DEBUG] [mixin/]: Adding mixin platform agents for container SecureJarResource(puzzleslib)
[07Oct2025 19:36:48.643] [main/DEBUG] [mixin/]: Instancing new MixinPlatformAgentMinecraftForge for SecureJarResource(puzzleslib)
[07Oct2025 19:36:48.643] [main/DEBUG] [mixin/]: MixinPlatformAgentMinecraftForge rejected container SecureJarResource(puzzleslib)
[07Oct2025 19:36:48.643] [main/DEBUG] [mixin/]: Instancing new MixinPlatformAgentDefault for SecureJarResource(puzzleslib)
[07Oct2025 19:36:48.643] [main/DEBUG] [mixin/]: MixinPlatformAgentDefault accepted container SecureJarResource(puzzleslib)
[07Oct2025 19:36:48.643] [main/DEBUG] [mixin/]: Processing prepare() for PlatformAgent[MixinPlatformAgentDefault:SecureJarResource(puzzleslib)]
[07Oct2025 19:36:48.643] [main/DEBUG] [mixin/]: Registering mixin config: puzzleslib.common.mixins.json
[07Oct2025 19:36:48.644] [main/DEBUG] [mixin/]: Registering mixin config: puzzleslib.forge.mixins.json
[07Oct2025 19:36:48.646] [main/DEBUG] [mixin/]: Adding mixin platform agents for container SecureJarResource(monolib)
[07Oct2025 19:36:48.646] [main/DEBUG] [mixin/]: Instancing new MixinPlatformAgentMinecraftForge for SecureJarResource(monolib)
[07Oct2025 19:36:48.646] [main/DEBUG] [mixin/]: MixinPlatformAgentMinecraftForge rejected container SecureJarResource(monolib)
[07Oct2025 19:36:48.646] [main/DEBUG] [mixin/]: Instancing new MixinPlatformAgentDefault for SecureJarResource(monolib)
[07Oct2025 19:36:48.646] [main/DEBUG] [mixin/]: MixinPlatformAgentDefault accepted container SecureJarResource(monolib)
[07Oct2025 19:36:48.646] [main/DEBUG] [mixin/]: Processing prepare() for PlatformAgent[MixinPlatformAgentDefault:SecureJarResource(monolib)]
[07Oct2025 19:36:48.646] [main/DEBUG] [mixin/]: Registering mixin config: monolib.mixins.json
[07Oct2025 19:36:48.647] [main/DEBUG] [mixin/]: Registering mixin config: monolib.forge.mixins.json
[07Oct2025 19:36:48.648] [main/DEBUG] [mixin/]: Adding mixin platform agents for container SecureJarResource(framework)
[07Oct2025 19:36:48.648] [main/DEBUG] [mixin/]: Instancing new MixinPlatformAgentMinecraftForge for SecureJarResource(framework)
[07Oct2025 19:36:48.648] [main/DEBUG] [mixin/]: MixinPlatformAgentMinecraftForge rejected container SecureJarResource(framework)
[07Oct2025 19:36:48.648] [main/DEBUG] [mixin/]: Instancing new MixinPlatformAgentDefault for SecureJarResource(framework)
[07Oct2025 19:36:48.649] [main/DEBUG] [mixin/]: MixinPlatformAgentDefault accepted container SecureJarResource(framework)
[07Oct2025 19:36:48.649] [main/DEBUG] [mixin/]: Processing prepare() for PlatformAgent[MixinPlatformAgentDefault:SecureJarResource(framework)]
[07Oct2025 19:36:48.649] [main/DEBUG] [mixin/]: Adding mixin platform agents for container SecureJarResource(scalinghealth)
[07Oct2025 19:36:48.649] [main/DEBUG] [mixin/]: Instancing new MixinPlatformAgentMinecraftForge for SecureJarResource(scalinghealth)
[07Oct2025 19:36:48.649] [main/DEBUG] [mixin/]: MixinPlatformAgentMinecraftForge rejected container SecureJarResource(scalinghealth)
[07Oct2025 19:36:48.649] [main/DEBUG] [mixin/]: Instancing new MixinPlatformAgentDefault for SecureJarResource(scalinghealth)
[07Oct2025 19:36:48.649] [main/DEBUG] [mixin/]: MixinPlatformAgentDefault accepted container SecureJarResource(scalinghealth)
[07Oct2025 19:36:48.650] [main/DEBUG] [mixin/]: Processing prepare() for PlatformAgent[MixinPlatformAgentDefault:SecureJarResource(scalinghealth)]
[07Oct2025 19:36:48.650] [main/DEBUG] [mixin/]: Adding mixin platform agents for container SecureJarResource(forge)
[07Oct2025 19:36:48.650] [main/DEBUG] [mixin/]: Instancing new MixinPlatformAgentMinecraftForge for SecureJarResource(forge)
[07Oct2025 19:36:48.650] [main/DEBUG] [mixin/]: MixinPlatformAgentMinecraftForge rejected container SecureJarResource(forge)
[07Oct2025 19:36:48.650] [main/DEBUG] [mixin/]: Instancing new MixinPlatformAgentDefault for SecureJarResource(forge)
[07Oct2025 19:36:48.650] [main/DEBUG] [mixin/]: MixinPlatformAgentDefault accepted container SecureJarResource(forge)
[07Oct2025 19:36:48.650] [main/DEBUG] [mixin/]: Processing prepare() for PlatformAgent[MixinPlatformAgentDefault:SecureJarResource(forge)]
[07Oct2025 19:36:48.650] [main/DEBUG] [mixin/]: Adding mixin platform agents for container SecureJarResource(aquaculture)
[07Oct2025 19:36:48.650] [main/DEBUG] [mixin/]: Instancing new MixinPlatformAgentMinecraftForge for SecureJarResource(aquaculture)
[07Oct2025 19:36:48.650] [main/DEBUG] [mixin/]: MixinPlatformAgentMinecraftForge rejected container SecureJarResource(aquaculture)
[07Oct2025 19:36:48.650] [main/DEBUG] [mixin/]: Instancing new MixinPlatformAgentDefault for SecureJarResource(aquaculture)
[07Oct2025 19:36:48.650] [main/DEBUG] [mixin/]: MixinPlatformAgentDefault accepted container SecureJarResource(aquaculture)
[07Oct2025 19:36:48.651] [main/DEBUG] [mixin/]: Processing prepare() for PlatformAgent[MixinPlatformAgentDefault:SecureJarResource(aquaculture)]
[07Oct2025 19:36:48.651] [main/DEBUG] [mixin/]: Adding mixin platform agents for container SecureJarResource(expandability)
[07Oct2025 19:36:48.651] [main/DEBUG] [mixin/]: Instancing new MixinPlatformAgentMinecraftForge for SecureJarResource(expandability)
[07Oct2025 19:36:48.651] [main/DEBUG] [mixin/]: MixinPlatformAgentMinecraftForge rejected container SecureJarResource(expandability)
[07Oct2025 19:36:48.651] [main/DEBUG] [mixin/]: Instancing new MixinPlatformAgentDefault for SecureJarResource(expandability)
[07Oct2025 19:36:48.651] [main/DEBUG] [mixin/]: MixinPlatformAgentDefault accepted container SecureJarResource(expandability)
[07Oct2025 19:36:48.651] [main/DEBUG] [mixin/]: Processing prepare() for PlatformAgent[MixinPlatformAgentDefault:SecureJarResource(expandability)]
[07Oct2025 19:36:48.651] [main/DEBUG] [mixin/]: Registering mixin config: expandability.mixins.json
[07Oct2025 19:36:48.652] [main/DEBUG] [mixin/]: Registering mixin config: expandability-common.mixins.json
[07Oct2025 19:36:48.657] [main/DEBUG] [mixin/]: Adding mixin platform agents for container SecureJarResource(aquamirae)
[07Oct2025 19:36:48.657] [main/DEBUG] [mixin/]: Instancing new MixinPlatformAgentMinecraftForge for SecureJarResource(aquamirae)
[07Oct2025 19:36:48.657] [main/DEBUG] [mixin/]: MixinPlatformAgentMinecraftForge rejected container SecureJarResource(aquamirae)
[07Oct2025 19:36:48.657] [main/DEBUG] [mixin/]: Instancing new MixinPlatformAgentDefault for SecureJarResource(aquamirae)
[07Oct2025 19:36:48.657] [main/DEBUG] [mixin/]: MixinPlatformAgentDefault accepted container SecureJarResource(aquamirae)
[07Oct2025 19:36:48.657] [main/DEBUG] [mixin/]: Processing prepare() for PlatformAgent[MixinPlatformAgentDefault:SecureJarResource(aquamirae)]
[07Oct2025 19:36:48.657] [main/DEBUG] [mixin/]: Registering mixin config: aquamirae.mixins.json
[07Oct2025 19:36:48.658] [main/DEBUG] [mixin/]: Compatibility level JAVA_8 specified by aquamirae.mixins.json is lower than the default level supported by the current mixin service (JAVA_16).
[07Oct2025 19:36:48.658] [main/DEBUG] [mixin/]: Adding mixin platform agents for container SecureJarResource(mclib)
[07Oct2025 19:36:48.658] [main/DEBUG] [mixin/]: Instancing new MixinPlatformAgentMinecraftForge for SecureJarResource(mclib)
[07Oct2025 19:36:48.658] [main/DEBUG] [mixin/]: MixinPlatformAgentMinecraftForge rejected container SecureJarResource(mclib)
[07Oct2025 19:36:48.659] [main/DEBUG] [mixin/]: Instancing new MixinPlatformAgentDefault for SecureJarResource(mclib)
[07Oct2025 19:36:48.659] [main/DEBUG] [mixin/]: MixinPlatformAgentDefault accepted container SecureJarResource(mclib)
[07Oct2025 19:36:48.659] [main/DEBUG] [mixin/]: Processing prepare() for PlatformAgent[MixinPlatformAgentDefault:SecureJarResource(mclib)]
[07Oct2025 19:36:48.659] [main/DEBUG] [mixin/]: Adding mixin platform agents for container SecureJarResource(bytecodecs)
[07Oct2025 19:36:48.659] [main/DEBUG] [mixin/]: Instancing new MixinPlatformAgentMinecraftForge for SecureJarResource(bytecodecs)
[07Oct2025 19:36:48.659] [main/DEBUG] [mixin/]: MixinPlatformAgentMinecraftForge rejected container SecureJarResource(bytecodecs)
[07Oct2025 19:36:48.659] [main/DEBUG] [mixin/]: Instancing new MixinPlatformAgentDefault for SecureJarResource(bytecodecs)
[07Oct2025 19:36:48.659] [main/DEBUG] [mixin/]: MixinPlatformAgentDefault accepted container SecureJarResource(bytecodecs)
[07Oct2025 19:36:48.659] [main/DEBUG] [mixin/]: Processing prepare() for PlatformAgent[MixinPlatformAgentDefault:SecureJarResource(bytecodecs)]
[07Oct2025 19:36:48.659] [main/DEBUG] [mixin/]: Adding mixin platform agents for container SecureJarResource(yabn)
[07Oct2025 19:36:48.659] [main/DEBUG] [mixin/]: Instancing new MixinPlatformAgentMinecraftForge for SecureJarResource(yabn)
[07Oct2025 19:36:48.659] [main/DEBUG] [mixin/]: MixinPlatformAgentMinecraftForge rejected container SecureJarResource(yabn)
[07Oct2025 19:36:48.659] [main/DEBUG] [mixin/]: Instancing new MixinPlatformAgentDefault for SecureJarResource(yabn)
[07Oct2025 19:36:48.659] [main/DEBUG] [mixin/]: MixinPlatformAgentDefault accepted container SecureJarResource(yabn)
[07Oct2025 19:36:48.659] [main/DEBUG] [mixin/]: Processing prepare() for PlatformAgent[MixinPlatformAgentDefault:SecureJarResource(yabn)]
[07Oct2025 19:36:48.659] [main/DEBUG] [mixin/]: Adding mixin platform agents for container SecureJarResource(MixinExtras)
[07Oct2025 19:36:48.659] [main/DEBUG] [mixin/]: Instancing new MixinPlatformAgentMinecraftForge for SecureJarResource(MixinExtras)
[07Oct2025 19:36:48.659] [main/DEBUG] [mixin/]: MixinPlatformAgentMinecraftForge rejected container SecureJarResource(MixinExtras)
[07Oct2025 19:36:48.659] [main/DEBUG] [mixin/]: Instancing new MixinPlatformAgentDefault for SecureJarResource(MixinExtras)
[07Oct2025 19:36:48.659] [main/DEBUG] [mixin/]: MixinPlatformAgentDefault accepted container SecureJarResource(MixinExtras)
[07Oct2025 19:36:48.659] [main/DEBUG] [mixin/]: Processing prepare() for PlatformAgent[MixinPlatformAgentDefault:SecureJarResource(MixinExtras)]
[07Oct2025 19:36:48.659] [main/DEBUG] [mixin/]: inject() running with 61 agents
[07Oct2025 19:36:48.659] [main/DEBUG] [mixin/]: Processing inject() for PlatformAgent[MixinPlatformAgentDefault:ModLauncher Root Container(ModLauncher:4f56a0a2)]
[07Oct2025 19:36:48.660] [main/DEBUG] [mixin/]: Processing inject() for PlatformAgent[MixinPlatformAgentDefault:SecureJarResource(geckolib)]
[07Oct2025 19:36:48.660] [main/DEBUG] [mixin/]: Processing inject() for PlatformAgent[MixinPlatformAgentDefault:SecureJarResource(easymagic)]
[07Oct2025 19:36:48.660] [main/DEBUG] [mixin/]: Processing inject() for PlatformAgent[MixinPlatformAgentDefault:SecureJarResource(lithostitched)]
[07Oct2025 19:36:48.660] [main/DEBUG] [mixin/]: Processing inject() for PlatformAgent[MixinPlatformAgentDefault:SecureJarResource(goblintraders)]
[07Oct2025 19:36:48.660] [main/DEBUG] [mixin/]: Processing inject() for PlatformAgent[MixinPlatformAgentDefault:SecureJarResource(mcwwindows)]
[07Oct2025 19:36:48.660] [main/DEBUG] [mixin/]: Processing inject() for PlatformAgent[MixinPlatformAgentDefault:SecureJarResource(obscure_api)]
[07Oct2025 19:36:48.660] [main/DEBUG] [mixin/]: Processing inject() for PlatformAgent[MixinPlatformAgentDefault:SecureJarResource(journeymap)]
[07Oct2025 19:36:48.660] [main/DEBUG] [mixin/]: Processing inject() for PlatformAgent[MixinPlatformAgentDefault:SecureJarResource(modernfix)]
[07Oct2025 19:36:48.660] [main/DEBUG] [mixin/]: Processing inject() for PlatformAgent[MixinPlatformAgentDefault:SecureJarResource(jei)]
[07Oct2025 19:36:48.660] [main/DEBUG] [mixin/]: Processing inject() for PlatformAgent[MixinPlatformAgentDefault:SecureJarResource(citadel)]
[07Oct2025 19:36:48.660] [main/DEBUG] [mixin/]: Processing inject() for PlatformAgent[MixinPlatformAgentDefault:SecureJarResource(travelersbackpack)]
[07Oct2025 19:36:48.660] [main/DEBUG] [mixin/]: Processing inject() for PlatformAgent[MixinPlatformAgentDefault:SecureJarResource(artifacts)]
[07Oct2025 19:36:48.660] [main/DEBUG] [mixin/]: Processing inject() for PlatformAgent[MixinPlatformAgentDefault:SecureJarResource(mixinextras)]
[07Oct2025 19:36:48.660] [main/DEBUG] [mixin/]: Processing inject() for PlatformAgent[MixinPlatformAgentDefault:SecureJarResource(bookshelf)]
[07Oct2025 19:36:48.660] [main/DEBUG] [mixin/]: Processing inject() for PlatformAgent[MixinPlatformAgentDefault:SecureJarResource(mcwdoors)]
[07Oct2025 19:36:48.660] [main/DEBUG] [mixin/]: Processing inject() for PlatformAgent[MixinPlatformAgentDefault:SecureJarResource(iceandfire)]
[07Oct2025 19:36:48.660] [main/DEBUG] [mixin/]: Processing inject() for PlatformAgent[MixinPlatformAgentDefault:SecureJarResource(bosses_of_mass_destruction)]
[07Oct2025 19:36:48.660] [main/DEBUG] [mixin/]: Processing inject() for PlatformAgent[MixinPlatformAgentDefault:SecureJarResource(puzzlesaccessapi)]
[07Oct2025 19:36:48.660] [main/DEBUG] [mixin/]: Processing inject() for PlatformAgent[MixinPlatformAgentDefault:SecureJarResource(cloth_config)]
[07Oct2025 19:36:48.660] [main/DEBUG] [mixin/]: Processing inject() for PlatformAgent[MixinPlatformAgentDefault:SecureJarResource(twilightforest)]
[07Oct2025 19:36:48.660] [main/DEBUG] [mixin/]: Processing inject() for PlatformAgent[MixinPlatformAgentDefault:SecureJarResource(tlskincape)]
[07Oct2025 19:36:48.660] [main/DEBUG] [mixin/]: Processing inject() for PlatformAgent[MixinPlatformAgentDefault:SecureJarResource(athena)]
[07Oct2025 19:36:48.661] [main/DEBUG] [mixin/]: Processing inject() for PlatformAgent[MixinPlatformAgentDefault:SecureJarResource(dungeons_arise)]
[07Oct2025 19:36:48.661] [main/DEBUG] [mixin/]: Processing inject() for PlatformAgent[MixinPlatformAgentDefault:SecureJarResource(minecraft)]
[07Oct2025 19:36:48.661] [main/DEBUG] [mixin/]: Processing inject() for PlatformAgent[MixinPlatformAgentDefault:SecureJarResource(handcrafted)]
[07Oct2025 19:36:48.661] [main/DEBUG] [mixin/]: Processing inject() for PlatformAgent[MixinPlatformAgentDefault:SecureJarResource(alexscaves)]
[07Oct2025 19:36:48.661] [main/DEBUG] [mixin/]: Processing inject() for PlatformAgent[MixinPlatformAgentDefault:SecureJarResource(voicechat)]
[07Oct2025 19:36:48.661] [main/DEBUG] [mixin/]: Processing inject() for PlatformAgent[MixinPlatformAgentDefault:SecureJarResource(enchdesc)]
[07Oct2025 19:36:48.661] [main/DEBUG] [mixin/]: Processing inject() for PlatformAgent[MixinPlatformAgentDefault:SecureJarResource(morebowsandarrows)]
[07Oct2025 19:36:48.661] [main/DEBUG] [mixin/]: Processing inject() for PlatformAgent[MixinPlatformAgentDefault:SecureJarResource(silentlib)]
[07Oct2025 19:36:48.661] [main/DEBUG] [mixin/]: Processing inject() for PlatformAgent[MixinPlatformAgentDefault:SecureJarResource(jade)]
[07Oct2025 19:36:48.661] [main/DEBUG] [mixin/]: Processing inject() for PlatformAgent[MixinPlatformAgentDefault:SecureJarResource(born_in_chaos_v1)]
[07Oct2025 19:36:48.661] [main/DEBUG] [mixin/]: Processing inject() for PlatformAgent[MixinPlatformAgentDefault:SecureJarResource(curios)]
[07Oct2025 19:36:48.661] [main/DEBUG] [mixin/]: Processing inject() for PlatformAgent[MixinPlatformAgentDefault:SecureJarResource(ars_nouveau)]
[07Oct2025 19:36:48.661] [main/DEBUG] [mixin/]: Processing inject() for PlatformAgent[MixinPlatformAgentDefault:SecureJarResource(spartanshields)]
[07Oct2025 19:36:48.661] [main/DEBUG] [mixin/]: Processing inject() for PlatformAgent[MixinPlatformAgentDefault:SecureJarResource(patchouli)]
[07Oct2025 19:36:48.661] [main/DEBUG] [mixin/]: Processing inject() for PlatformAgent[MixinPlatformAgentDefault:SecureJarResource(cerbons_api)]
[07Oct2025 19:36:48.662] [main/DEBUG] [mixin/]: Processing inject() for PlatformAgent[MixinPlatformAgentDefault:SecureJarResource(camera)]
[07Oct2025 19:36:48.662] [main/DEBUG] [mixin/]: Processing inject() for PlatformAgent[MixinPlatformAgentDefault:SecureJarResource(storagedrawers)]
[07Oct2025 19:36:48.662] [main/DEBUG] [mixin/]: Processing inject() for PlatformAgent[MixinPlatformAgentDefault:SecureJarResource(ars_elemental)]
[07Oct2025 19:36:48.662] [main/DEBUG] [mixin/]: Processing inject() for PlatformAgent[MixinPlatformAgentDefault:SecureJarResource(tombstone)]
[07Oct2025 19:36:48.662] [main/DEBUG] [mixin/]: Processing inject() for PlatformAgent[MixinPlatformAgentDefault:SecureJarResource(cryonicconfig)]
[07Oct2025 19:36:48.662] [main/DEBUG] [mixin/]: Processing inject() for PlatformAgent[MixinPlatformAgentDefault:SecureJarResource(resourcefullib)]
[07Oct2025 19:36:48.662] [main/DEBUG] [mixin/]: Processing inject() for PlatformAgent[MixinPlatformAgentDefault:SecureJarResource(deeperdarker)]
[07Oct2025 19:36:48.662] [main/DEBUG] [mixin/]: Processing inject() for PlatformAgent[MixinPlatformAgentDefault:SecureJarResource(architectury)]
[07Oct2025 19:36:48.662] [main/DEBUG] [mixin/]: Processing inject() for PlatformAgent[MixinPlatformAgentDefault:SecureJarResource(simplyswords)]
[07Oct2025 19:36:48.662] [main/DEBUG] [mixin/]: Processing inject() for PlatformAgent[MixinPlatformAgentDefault:SecureJarResource(ferritecore)]
[07Oct2025 19:36:48.662] [main/DEBUG] [mixin/]: Processing inject() for PlatformAgent[MixinPlatformAgentDefault:SecureJarResource(chisel)]
[07Oct2025 19:36:48.662] [main/DEBUG] [mixin/]: Processing inject() for PlatformAgent[MixinPlatformAgentDefault:SecureJarResource(puzzleslib)]
[07Oct2025 19:36:48.662] [main/DEBUG] [mixin/]: Processing inject() for PlatformAgent[MixinPlatformAgentDefault:SecureJarResource(monolib)]
[07Oct2025 19:36:48.662] [main/DEBUG] [mixin/]: Processing inject() for PlatformAgent[MixinPlatformAgentDefault:SecureJarResource(framework)]
[07Oct2025 19:36:48.662] [main/DEBUG] [mixin/]: Processing inject() for PlatformAgent[MixinPlatformAgentDefault:SecureJarResource(scalinghealth)]
[07Oct2025 19:36:48.662] [main/DEBUG] [mixin/]: Processing inject() for PlatformAgent[MixinPlatformAgentDefault:SecureJarResource(forge)]
[07Oct2025 19:36:48.662] [main/DEBUG] [mixin/]: Processing inject() for PlatformAgent[MixinPlatformAgentDefault:SecureJarResource(aquaculture)]
[07Oct2025 19:36:48.662] [main/DEBUG] [mixin/]: Processing inject() for PlatformAgent[MixinPlatformAgentDefault:SecureJarResource(expandability)]
[07Oct2025 19:36:48.662] [main/DEBUG] [mixin/]: Processing inject() for PlatformAgent[MixinPlatformAgentDefault:SecureJarResource(aquamirae)]
[07Oct2025 19:36:48.662] [main/DEBUG] [mixin/]: Processing inject() for PlatformAgent[MixinPlatformAgentDefault:SecureJarResource(mclib)]
[07Oct2025 19:36:48.662] [main/DEBUG] [mixin/]: Processing inject() for PlatformAgent[MixinPlatformAgentDefault:SecureJarResource(bytecodecs)]
[07Oct2025 19:36:48.662] [main/DEBUG] [mixin/]: Processing inject() for PlatformAgent[MixinPlatformAgentDefault:SecureJarResource(yabn)]
[07Oct2025 19:36:48.662] [main/DEBUG] [mixin/]: Processing inject() for PlatformAgent[MixinPlatformAgentDefault:SecureJarResource(MixinExtras)]
[07Oct2025 19:36:48.686] [main/DEBUG] [mixin/]: Error cleaning class output directory: .mixin.out
[07Oct2025 19:36:48.688] [main/DEBUG] [mixin/]: Preparing mixins for MixinEnvironment[PREINIT]
[07Oct2025 19:36:48.696] [main/INFO] [mixin/]: Successfully loaded Mixin Connector [org.tlauncher.MixinConnector]
[07Oct2025 19:36:48.698] [main/INFO] [mixin/]: Successfully loaded Mixin Connector [de.maxhenkel.camera.MixinConnector]
[07Oct2025 19:36:48.702] [main/DEBUG] [mixin/]: Compatibility level JAVA_16 specified by tlskincape-mixins.json is higher than the maximum level supported by this version of mixin (JAVA_13).
[07Oct2025 19:36:48.704] [main/INFO] [cpw.mods.modlauncher.LaunchServiceHandler/MODLAUNCHER]: Launching target 'forgeserver' with arguments [nogui]
[07Oct2025 19:36:48.707] [main/DEBUG] [mixin/]: Preparing mixins for MixinEnvironment[DEFAULT]
[07Oct2025 19:36:48.707] [main/DEBUG] [mixin/]: Selecting config geckolib.mixins.json
[07Oct2025 19:36:48.712] [main/DEBUG] [mixin/]: Selecting config easymagic.common.mixins.json
[07Oct2025 19:36:48.714] [main/DEBUG] [mixin/]: Selecting config lithostitched.mixins.json
[07Oct2025 19:36:48.716] [main/DEBUG] [mixin/]: Selecting config lithostitched.forge.mixins.json
[07Oct2025 19:36:48.717] [main/DEBUG] [mixin/]: Selecting config goblintraders.common.mixins.json
[07Oct2025 19:36:48.721] [main/DEBUG] [mixin/]: Selecting config obscure_api.mixins.json
[07Oct2025 19:36:48.722] [main/DEBUG] [mixin/]: Selecting config journeymap.mixins.json
[07Oct2025 19:36:48.724] [main/DEBUG] [mixin/]: Selecting config modernfix-common.mixins.json
[07Oct2025 19:36:48.806] [main/INFO] [ModernFix/]: Loaded configuration file for ModernFix 5.18.10+mc1.20.1: 83 options available, 0 override(s) found
[07Oct2025 19:36:48.807] [main/INFO] [ModernFix/]: Applying Nashorn fix
[07Oct2025 19:36:48.821] [main/INFO] [ModernFix/]: Applied Forge config corruption patch
[07Oct2025 19:36:48.829] [main/DEBUG] [mixin/]: Selecting config modernfix-forge.mixins.json
[07Oct2025 19:36:48.831] [main/DEBUG] [mixin/]: Selecting config citadel.mixins.json
[07Oct2025 19:36:48.833] [main/DEBUG] [mixin/]: Selecting config mixins.artifacts.common.json
[07Oct2025 19:36:48.835] [main/DEBUG] [mixin/]: Selecting config mixins.artifacts.forge.json
[07Oct2025 19:36:48.837] [main/DEBUG] [mixin/]: Selecting config mixinextras.init.mixins.json
[07Oct2025 19:36:48.865] [main/DEBUG] [MixinExtras|Service/]: com.llamalad7.mixinextras.service.MixinExtrasServiceImpl(version=0.3.5) is taking over from null
[07Oct2025 19:36:48.892] [main/DEBUG] [mixin/]: Registering new injector for @Inject with org.spongepowered.asm.mixin.injection.struct.CallbackInjectionInfo
[07Oct2025 19:36:48.893] [main/DEBUG] [mixin/]: Registering new injector for @ModifyArg with org.spongepowered.asm.mixin.injection.struct.ModifyArgInjectionInfo
[07Oct2025 19:36:48.894] [main/DEBUG] [mixin/]: Registering new injector for @ModifyArgs with org.spongepowered.asm.mixin.injection.struct.ModifyArgsInjectionInfo
[07Oct2025 19:36:48.895] [main/DEBUG] [mixin/]: Registering new injector for @Redirect with org.spongepowered.asm.mixin.injection.struct.RedirectInjectionInfo
[07Oct2025 19:36:48.896] [main/DEBUG] [mixin/]: Registering new injector for @ModifyVariable with org.spongepowered.asm.mixin.injection.struct.ModifyVariableInjectionInfo
[07Oct2025 19:36:48.897] [main/DEBUG] [mixin/]: Registering new injector for @ModifyConstant with org.spongepowered.asm.mixin.injection.struct.ModifyConstantInjectionInfo
[07Oct2025 19:36:48.912] [main/DEBUG] [mixin/]: Selecting config bookshelf.common.mixins.json
[07Oct2025 19:36:48.914] [main/DEBUG] [mixin/]: Selecting config bookshelf.forge.mixins.json
[07Oct2025 19:36:48.916] [main/DEBUG] [mixin/]: Selecting config iceandfire.mixins.json
[07Oct2025 19:36:48.918] [main/DEBUG] [mixin/]: Selecting config mixins.bosses_of_mass_destruction.json
[07Oct2025 19:36:48.920] [main/DEBUG] [mixin/]: Selecting config athena.mixins.json
[07Oct2025 19:36:48.921] [main/DEBUG] [mixin/]: Selecting config athena-forge.mixins.json
[07Oct2025 19:36:48.923] [main/DEBUG] [mixin/]: Selecting config handcrafted-common.mixins.json
[07Oct2025 19:36:48.924] [main/DEBUG] [mixin/]: Selecting config handcrafted.mixins.json
[07Oct2025 19:36:48.926] [main/WARN] [mixin/]: Reference map 'handcrafted-forge-1.20.1-forge-refmap.json' for handcrafted.mixins.json could not be read. If this is a development environment you can ignore this message
[07Oct2025 19:36:48.926] [main/DEBUG] [mixin/]: Selecting config alexscaves.mixins.json
[07Oct2025 19:36:48.929] [main/DEBUG] [mixin/]: Selecting config forge-morebowsandarrows.forge.mixins.json
[07Oct2025 19:36:48.932] [main/DEBUG] [mixin/]: Selecting config jade.mixins.json
[07Oct2025 19:36:48.934] [main/DEBUG] [mixin/]: Selecting config curios.mixins.json
[07Oct2025 19:36:48.935] [main/DEBUG] [mixin/]: Selecting config ars_nouveau.mixins.json
[07Oct2025 19:36:48.938] [main/DEBUG] [mixin/]: Selecting config patchouli_xplat.mixins.json
[07Oct2025 19:36:48.940] [main/DEBUG] [mixin/]: Selecting config cerbons_api.mixins.json
[07Oct2025 19:36:48.943] [main/WARN] [mixin/]: Reference map 'CerbonsAPI-Forge-1.20.1-forge-refmap.json' for cerbons_api.mixins.json could not be read. If this is a development environment you can ignore this message
[07Oct2025 19:36:48.943] [main/DEBUG] [mixin/]: Selecting config cerbons_api-common.mixins.json
[07Oct2025 19:36:48.945] [main/DEBUG] [mixin/]: Selecting config ars_elemental.mixins.json
[07Oct2025 19:36:48.946] [main/DEBUG] [mixin/]: Selecting config tombstone.mixins.json
[07Oct2025 19:36:48.950] [main/DEBUG] [mixin/]: Selecting config cryonicconfig.mixins.json
[07Oct2025 19:36:48.951] [main/DEBUG] [mixin/]: Selecting config mixins.deeperdarker.json
[07Oct2025 19:36:48.953] [main/DEBUG] [mixin/]: Selecting config architectury.mixins.json
[07Oct2025 19:36:48.955] [main/DEBUG] [mixin/]: Selecting config architectury-common.mixins.json
[07Oct2025 19:36:48.957] [main/DEBUG] [mixin/]: Selecting config simplyswords-common.mixins.json
[07Oct2025 19:36:48.962] [main/DEBUG] [mixin/]: Selecting config simplyswords.mixins.json
[07Oct2025 19:36:48.963] [main/WARN] [mixin/]: Reference map 'simplyswords-forge-refmap.json' for simplyswords.mixins.json could not be read. If this is a development environment you can ignore this message
[07Oct2025 19:36:48.963] [main/DEBUG] [mixin/]: Selecting config ferritecore.predicates.mixin.json
[07Oct2025 19:36:48.982] [main/DEBUG] [mixin/]: Selecting config ferritecore.fastmap.mixin.json
[07Oct2025 19:36:48.984] [main/DEBUG] [mixin/]: Selecting config ferritecore.mrl.mixin.json
[07Oct2025 19:36:48.986] [main/DEBUG] [mixin/]: Selecting config ferritecore.dedupmultipart.mixin.json
[07Oct2025 19:36:48.988] [main/DEBUG] [mixin/]: Selecting config ferritecore.blockstatecache.mixin.json
[07Oct2025 19:36:48.989] [main/DEBUG] [mixin/]: Selecting config ferritecore.dedupbakedquad.mixin.json
[07Oct2025 19:36:48.994] [main/DEBUG] [mixin/]: Selecting config ferritecore.threaddetec.mixin.json
[07Oct2025 19:36:48.997] [main/DEBUG] [mixin/]: Selecting config ferritecore.modelsides.mixin.json
[07Oct2025 19:36:48.999] [main/DEBUG] [mixin/]: Selecting config chisel.forge.mixins.json
[07Oct2025 19:36:49.000] [main/DEBUG] [mixin/]: Selecting config chisel.mixins.json
[07Oct2025 19:36:49.001] [main/DEBUG] [mixin/]: Selecting config puzzleslib.common.mixins.json
[07Oct2025 19:36:49.020] [main/INFO] [Puzzles Lib/]: Loading 56 mods:
	- alexscaves 1.1.5
	- aquaculture 2.5.2
	- aquamirae 6.1.0
	- architectury 9.2.14
	- ars_elemental 0.6.7.8
	- ars_nouveau 4.12.7
	- artifacts 9.5.16
		|-- expandability 9.0.4
		\-- mixinextras 0.3.5
	- athena 3.1.2
	- bookshelf 20.2.13
	- born_in_chaos_v1 1.7.2
	- bosses_of_mass_destruction 1.1.2
	- camera 1.20.1-1.0.12
	- cerbons_api 1.1.0
	- chisel 2.0.0+mc1.20.1
	- citadel 2.6.0
	- cloth_config 11.1.118
	- cryonicconfig 1.0.0+mc1.20.1
	- curios 5.14.1+1.20.1
	- deeperdarker 1.3.3
	- dungeons_arise 2.1.58-1.20.x
	- easymagic 8.0.1
	- enchdesc 17.1.19
	- ferritecore 6.0.1
	- forge 47.3.7
	- framework 0.7.6
	- geckolib 4.4.7
	- goblintraders 1.9.3
	- handcrafted 3.0.6
	- iceandfire 2.1.13-1.20.1
	- jade 11.9.4+forge
	- jei 15.8.0.16
	- journeymap 5.10.1
	- lithostitched 1.1.5
	- mcwdoors 1.1.2
	- mcwwindows 2.4.1
	- minecraft 1.20.1
	- modernfix 5.18.10+mc1.20.1
	- monolib 1.3.0
	- morebowsandarrows 3.0.1
	- obscure_api 15
	- patchouli 1.20.1-84.1-FORGE
	- puzzleslib 8.1.21
		\-- puzzlesaccessapi 8.0.7
	- resourcefullib 2.1.29
	- scalinghealth 8.0.2+9
	- silentlib 8.0.0
	- simplyswords 1.55.0-1.20.1
	- spartanshields 3.1.1
	- storagedrawers 12.14.3
	- tlskincape 1.32
	- tombstone 8.6.7
	- travelersbackpack 9.1.15
	- twilightforest 4.3.2508
	- voicechat 1.20.1-2.5.20
[07Oct2025 19:36:49.023] [main/DEBUG] [mixin/]: Selecting config puzzleslib.forge.mixins.json
[07Oct2025 19:36:49.024] [main/DEBUG] [mixin/]: Selecting config monolib.mixins.json
[07Oct2025 19:36:49.026] [main/DEBUG] [mixin/]: Selecting config monolib.forge.mixins.json
[07Oct2025 19:36:49.027] [main/DEBUG] [mixin/]: Selecting config expandability.mixins.json
[07Oct2025 19:36:49.029] [main/DEBUG] [mixin/]: Selecting config expandability-common.mixins.json
[07Oct2025 19:36:49.032] [main/DEBUG] [mixin/]: Selecting config aquamirae.mixins.json
[07Oct2025 19:36:49.033] [main/WARN] [mixin/]: Reference map 'Aquamirae.refmap.json' for aquamirae.mixins.json could not be read. If this is a development environment you can ignore this message
[07Oct2025 19:36:49.034] [main/DEBUG] [mixin/]: Selecting config tlskincape-mixins.json
[07Oct2025 19:36:49.035] [main/DEBUG] [mixin/]: Selecting config assets/camera/camera.mixins.json
[07Oct2025 19:36:49.036] [main/DEBUG] [mixin/]: Preparing geckolib.mixins.json (1)
[07Oct2025 19:36:49.036] [main/DEBUG] [mixin/]: Preparing easymagic.common.mixins.json (5)
[07Oct2025 19:36:49.115] [main/DEBUG] [mixin/]: Preparing lithostitched.mixins.json (7)
[07Oct2025 19:36:49.127] [main/DEBUG] [mixin/]: Preparing lithostitched.forge.mixins.json (1)
[07Oct2025 19:36:49.129] [main/DEBUG] [mixin/]: Preparing goblintraders.common.mixins.json (5)
[07Oct2025 19:36:49.138] [main/DEBUG] [mixin/]: Preparing obscure_api.mixins.json (6)
[07Oct2025 19:36:49.187] [main/DEBUG] [mixin/]: Preparing journeymap.mixins.json (3)
[07Oct2025 19:36:49.187] [main/DEBUG] [mixin/]: Preparing modernfix-common.mixins.json (94)
[07Oct2025 19:36:49.200] [main/DEBUG] [ModernFix/]: No rules matched mixin 'perf.compact_mojang_registries.MappedRegistryMixin', treating as foreign and disabling!
[07Oct2025 19:36:49.280] [main/DEBUG] [net.minecraftforge.coremod.transformer.CoreModBaseTransformer/COREMOD]: Transforming net/minecraft/world/level/biome/Biome
[07Oct2025 19:36:49.378] [main/DEBUG] [mixin/]: Preparing modernfix-forge.mixins.json (46)
[07Oct2025 19:36:49.459] [main/DEBUG] [net.minecraftforge.coremod.transformer.CoreModBaseTransformer/COREMOD]: Transforming m_41435_ with desc (Lnet/minecraft/world/level/Level;Lnet/minecraft/world/entity/player/Player;Lnet/minecraft/world/level/ClipContext$Fluid;)Lnet/minecraft/world/phys/BlockHitResult;
[07Oct2025 19:36:49.538] [main/DEBUG] [mixin/]: Preparing citadel.mixins.json (15)
[07Oct2025 19:36:49.555] [main/DEBUG] [net.minecraftforge.coremod.transformer.CoreModBaseTransformer/COREMOD]: Transforming m_46758_ with desc (Lnet/minecraft/core/BlockPos;)Z
[07Oct2025 19:36:49.630] [main/DEBUG] [mixin/]: Preparing mixins.artifacts.common.json (21)
[07Oct2025 19:36:49.676] [main/DEBUG] [net.minecraftforge.coremod.transformer.CoreModBaseTransformer/COREMOD]: Transforming net/minecraft/world/level/NaturalSpawner
[07Oct2025 19:36:49.942] [main/DEBUG] [net.minecraftforge.coremod.transformer.CoreModBaseTransformer/COREMOD]: Transforming net/minecraft/world/entity/npc/Villager
[07Oct2025 19:36:50.145] [main/DEBUG] [mixin/]: Preparing mixins.artifacts.forge.json (3)
[07Oct2025 19:36:50.147] [main/DEBUG] [mixin/]: Preparing mixinextras.init.mixins.json (0)
[07Oct2025 19:36:50.147] [main/DEBUG] [mixin/]: Preparing bookshelf.common.mixins.json (23)
[07Oct2025 19:36:50.160] [main/DEBUG] [net.minecraftforge.coremod.transformer.CoreModBaseTransformer/COREMOD]: Transforming net/minecraft/world/effect/MobEffectInstance
[07Oct2025 19:36:50.175] [main/DEBUG] [mixin/]: Preparing bookshelf.forge.mixins.json (1)
[07Oct2025 19:36:50.177] [main/DEBUG] [mixin/]: Preparing iceandfire.mixins.json (2)
[07Oct2025 19:36:50.179] [main/DEBUG] [mixin/]: Preparing mixins.bosses_of_mass_destruction.json (6)
[07Oct2025 19:36:50.182] [main/DEBUG] [mixin/]: Preparing athena.mixins.json (1)
[07Oct2025 19:36:50.182] [main/DEBUG] [mixin/]: Preparing athena-forge.mixins.json (1)
[07Oct2025 19:36:50.183] [main/DEBUG] [mixin/]: Preparing handcrafted-common.mixins.json (1)
[07Oct2025 19:36:50.183] [main/DEBUG] [mixin/]: Preparing handcrafted.mixins.json (0)
[07Oct2025 19:36:50.183] [main/DEBUG] [mixin/]: Preparing alexscaves.mixins.json (49)
[07Oct2025 19:36:50.226] [main/DEBUG] [mixin/]: Preparing forge-morebowsandarrows.forge.mixins.json (1)
[07Oct2025 19:36:50.226] [main/DEBUG] [mixin/]: Preparing jade.mixins.json (3)
[07Oct2025 19:36:50.226] [main/DEBUG] [mixin/]: Preparing curios.mixins.json (13)
[07Oct2025 19:36:50.238] [main/DEBUG] [mixin/]: Preparing ars_nouveau.mixins.json (31)
[07Oct2025 19:36:50.264] [main/DEBUG] [net.minecraftforge.coremod.transformer.CoreModBaseTransformer/COREMOD]: Transforming net/minecraft/world/level/levelgen/structure/templatesystem/StructureTemplate
[07Oct2025 19:36:50.432] [main/DEBUG] [mixin/]: Preparing patchouli_xplat.mixins.json (10)
[07Oct2025 19:36:50.436] [main/DEBUG] [mixin/]: Preparing cerbons_api.mixins.json (0)
[07Oct2025 19:36:50.436] [main/DEBUG] [mixin/]: Preparing cerbons_api-common.mixins.json (8)
[07Oct2025 19:36:50.442] [main/DEBUG] [mixin/]: Preparing ars_elemental.mixins.json (15)
[07Oct2025 19:36:50.459] [main/DEBUG] [net.minecraftforge.coremod.transformer.CoreModBaseTransformer/COREMOD]: Transforming net/minecraft/world/entity/monster/Zombie
[07Oct2025 19:36:50.572] [main/DEBUG] [mixin/]: Preparing tombstone.mixins.json (29)
[07Oct2025 19:36:50.580] [main/DEBUG] [net.minecraftforge.coremod.transformer.CoreModBaseTransformer/COREMOD]: Transforming net/minecraft/world/item/ItemStack
[07Oct2025 19:36:50.604] [main/DEBUG] [mixin/]: Preparing cryonicconfig.mixins.json (3)
[07Oct2025 19:36:50.605] [main/DEBUG] [mixin/]: Preparing mixins.deeperdarker.json (8)
[07Oct2025 19:36:50.621] [main/WARN] [mixin/]: Error loading class: net/minecraft/client/renderer/entity/PhantomRenderer (java.lang.ClassNotFoundException: net.minecraft.client.renderer.entity.PhantomRenderer)
[07Oct2025 19:36:50.622] [main/WARN] [mixin/]: @Mixin target net.minecraft.client.renderer.entity.PhantomRenderer was not found mixins.deeperdarker.json:PhantomRendererMixin
[07Oct2025 19:36:50.624] [main/DEBUG] [mixin/]: Preparing architectury.mixins.json (9)
[07Oct2025 19:36:50.633] [main/DEBUG] [mixin/]: Preparing architectury-common.mixins.json (10)
[07Oct2025 19:36:50.635] [main/DEBUG] [net.minecraftforge.coremod.transformer.CoreModBaseTransformer/COREMOD]: Transforming net/minecraft/world/item/BucketItem
[07Oct2025 19:36:50.642] [main/DEBUG] [net.minecraftforge.coremod.transformer.CoreModBaseTransformer/COREMOD]: Transforming net/minecraft/world/entity/EntityType
[07Oct2025 19:36:50.712] [main/DEBUG] [net.minecraftforge.coremod.transformer.CoreModBaseTransformer/COREMOD]: Transforming net/minecraft/world/level/block/LiquidBlock
[07Oct2025 19:36:50.719] [main/DEBUG] [mixin/]: Preparing simplyswords-common.mixins.json (2)
[07Oct2025 19:36:50.721] [main/DEBUG] [mixin/]: Preparing simplyswords.mixins.json (0)
[07Oct2025 19:36:50.721] [main/DEBUG] [mixin/]: Preparing ferritecore.predicates.mixin.json (3)
[07Oct2025 19:36:50.721] [main/DEBUG] [mixin/]: Preparing ferritecore.fastmap.mixin.json (1)
[07Oct2025 19:36:50.723] [main/DEBUG] [mixin/]: Preparing ferritecore.mrl.mixin.json (2)
[07Oct2025 19:36:50.723] [main/DEBUG] [mixin/]: Preparing ferritecore.dedupmultipart.mixin.json (2)
[07Oct2025 19:36:50.723] [main/DEBUG] [mixin/]: Preparing ferritecore.blockstatecache.mixin.json (8)
[07Oct2025 19:36:50.727] [main/DEBUG] [mixin/]: @Mixin target net/minecraft/world/level/block/state/BlockBehaviour$BlockStateBase$Cache is public in ferritecore.blockstatecache.mixin.json:BlockStateCacheMixin and should be specified in value
[07Oct2025 19:36:50.728] [main/DEBUG] [mixin/]: Preparing ferritecore.dedupbakedquad.mixin.json (2)
[07Oct2025 19:36:50.729] [main/DEBUG] [mixin/]: Preparing ferritecore.threaddetec.mixin.json (1)
[07Oct2025 19:36:50.729] [main/DEBUG] [mixin/]: Preparing ferritecore.modelsides.mixin.json (1)
[07Oct2025 19:36:50.729] [main/DEBUG] [mixin/]: Preparing chisel.forge.mixins.json (1)
[07Oct2025 19:36:50.729] [main/DEBUG] [mixin/]: Preparing chisel.mixins.json (3)
[07Oct2025 19:36:50.730] [main/DEBUG] [mixin/]: Preparing puzzleslib.common.mixins.json (3)
[07Oct2025 19:36:50.731] [main/DEBUG] [mixin/]: Preparing puzzleslib.forge.mixins.json (13)
[07Oct2025 19:36:50.737] [main/DEBUG] [mixin/]: Preparing monolib.mixins.json (1)
[07Oct2025 19:36:50.737] [main/DEBUG] [mixin/]: Preparing monolib.forge.mixins.json (1)
[07Oct2025 19:36:50.737] [main/DEBUG] [mixin/]: Preparing expandability.mixins.json (4)
[07Oct2025 19:36:50.738] [main/DEBUG] [mixin/]: Preparing expandability-common.mixins.json (9)
[07Oct2025 19:36:50.740] [main/DEBUG] [mixin/]: Preparing aquamirae.mixins.json (0)
[07Oct2025 19:36:50.740] [main/DEBUG] [mixin/]: Preparing tlskincape-mixins.json (4)
[07Oct2025 19:36:50.742] [main/ERROR] [net.minecraftforge.fml.loading.RuntimeDistCleaner/DISTXFORM]: Attempted to load class net/minecraft/client/player/AbstractClientPlayer for invalid dist DEDICATED_SERVER
[07Oct2025 19:36:50.743] [main/WARN] [mixin/]: Error loading class: net/minecraft/client/player/AbstractClientPlayer (java.lang.RuntimeException: Attempted to load class net/minecraft/client/player/AbstractClientPlayer for invalid dist DEDICATED_SERVER)
[07Oct2025 19:36:50.743] [main/WARN] [mixin/]: @Mixin target net.minecraft.client.player.AbstractClientPlayer was not found tlskincape-mixins.json:MixinAbstractPlayer
[07Oct2025 19:36:50.744] [main/ERROR] [net.minecraftforge.fml.loading.RuntimeDistCleaner/DISTXFORM]: Attempted to load class net/minecraft/client/gui/screens/TitleScreen for invalid dist DEDICATED_SERVER
[07Oct2025 19:36:50.744] [main/WARN] [mixin/]: Error loading class: net/minecraft/client/gui/screens/TitleScreen (java.lang.RuntimeException: Attempted to load class net/minecraft/client/gui/screens/TitleScreen for invalid dist DEDICATED_SERVER)
[07Oct2025 19:36:50.744] [main/WARN] [mixin/]: @Mixin target net.minecraft.client.gui.screens.TitleScreen was not found tlskincape-mixins.json:MixinMainMenu
[07Oct2025 19:36:50.749] [main/WARN] [mixin/]: Error loading class: net/minecraft/client/model/PlayerModel (java.lang.ClassNotFoundException: net.minecraft.client.model.PlayerModel)
[07Oct2025 19:36:50.749] [main/WARN] [mixin/]: @Mixin target net.minecraft.client.model.PlayerModel was not found tlskincape-mixins.json:MixinPlayerModel
[07Oct2025 19:36:50.749] [main/DEBUG] [mixin/]: Preparing assets/camera/camera.mixins.json (1)
[07Oct2025 19:36:50.888] [main/DEBUG] [mixin/]: Prepared 284 mixins in 2.180 sec (7.7ms avg) (0ms load, 0ms transform, 0ms plugin)
[07Oct2025 19:36:50.892] [main/INFO] [MixinExtras|Service/]: Initializing MixinExtras via com.llamalad7.mixinextras.service.MixinExtrasServiceImpl(version=0.3.5).
[07Oct2025 19:36:50.893] [main/DEBUG] [mixin/]: Registering new injector for @SugarWrapper with com.llamalad7.mixinextras.sugar.impl.SugarWrapperInjectionInfo
[07Oct2025 19:36:50.894] [main/DEBUG] [mixin/]: Registering new injector for @FactoryRedirectWrapper with com.llamalad7.mixinextras.wrapper.factory.FactoryRedirectWrapperInjectionInfo
[07Oct2025 19:36:50.901] [main/DEBUG] [mixin/]: Mixing server.MainMixin from cryonicconfig.mixins.json into net.minecraft.server.Main
[07Oct2025 19:36:50.990] [main/DEBUG] [mixin/]: Mixing perf.dedicated_reload_executor.MinecraftServerMixin from modernfix-common.mixins.json into net.minecraft.server.MinecraftServer
[07Oct2025 19:36:50.992] [main/DEBUG] [mixin/]: Mixing core.MinecraftServerMixin from modernfix-common.mixins.json into net.minecraft.server.MinecraftServer
[07Oct2025 19:36:50.995] [main/DEBUG] [mixin/]: Mixing MinecraftServerMixin from citadel.mixins.json into net.minecraft.server.MinecraftServer
[07Oct2025 19:36:51.075] [main/DEBUG] [mixin/]: Mixing perf.fix_loop_spin_waiting.BlockableEventLoopMixin from modernfix-common.mixins.json into net.minecraft.util.thread.BlockableEventLoop
[07Oct2025 19:36:51.085] [main/DEBUG] [mixin/]: Mixing common.GameTestServerMixin from lithostitched.mixins.json into net.minecraft.gametest.framework.GameTestServer
[07Oct2025 19:36:51.100] [main/DEBUG] [mixin/]: Mixing server.DedicatedServerMixin from lithostitched.mixins.json into net.minecraft.server.dedicated.DedicatedServer
[07Oct2025 19:36:51.104] [main/DEBUG] [mixin/]: Mixing DedicatedServerMixin from tombstone.mixins.json into net.minecraft.server.dedicated.DedicatedServer
[07Oct2025 19:36:51.152] [main/DEBUG] [io.netty.util.internal.logging.InternalLoggerFactory/]: Using SLF4J as the default logging framework
[07Oct2025 19:36:51.154] [main/DEBUG] [io.netty.util.ResourceLeakDetector/]: -Dio.netty.leakDetection.level: simple
[07Oct2025 19:36:51.155] [main/DEBUG] [io.netty.util.ResourceLeakDetector/]: -Dio.netty.leakDetection.targetRecords: 4
[07Oct2025 19:36:51.238] [main/DEBUG] [mixin/]: Mixing perf.tag_id_caching.TagOrElementLocationMixin from modernfix-forge.mixins.json into net.minecraft.util.ExtraCodecs$TagOrElementLocation
[07Oct2025 19:36:51.299] [main/WARN] [net.minecraft.SystemReport/]: Failed retrieving info for group hardware
java.lang.NoClassDefFoundError: com/sun/jna/Platform
	at oshi.SystemInfo.<clinit>(SystemInfo.java:60) ~[oshi-core-6.2.2.jar%2369!/:6.2.2]
	at net.minecraft.SystemReport.m_143564_(SystemReport.java:52) ~[server-1.20.1-20230612.114412-srg.jar%23199!/:?]
	at net.minecraft.SystemReport.m_143516_(SystemReport.java:82) ~[server-1.20.1-20230612.114412-srg.jar%23199!/:?]
	at net.minecraft.SystemReport.<init>(SystemReport.java:52) ~[server-1.20.1-20230612.114412-srg.jar%23199!/:?]
	at net.minecraft.CrashReport.<init>(CrashReport.java:31) ~[server-1.20.1-20230612.114412-srg.jar%23199!/:?]
	at net.minecraft.CrashReport.m_127529_(CrashReport.java:216) ~[server-1.20.1-20230612.114412-srg.jar%23199!/:?]
	at net.minecraft.server.Main.main(Main.java:116) ~[server-1.20.1-20230612.114412-srg.jar%23199!/:?]
	at jdk.internal.reflect.NativeMethodAccessorImpl.invoke0(Native Method) ~[?:?]
	at jdk.internal.reflect.NativeMethodAccessorImpl.invoke(NativeMethodAccessorImpl.java:77) ~[?:?]
	at jdk.internal.reflect.DelegatingMethodAccessorImpl.invoke(DelegatingMethodAccessorImpl.java:43) ~[?:?]
	at java.lang.reflect.Method.invoke(Method.java:569) ~[?:?]
	at net.minecraftforge.fml.loading.targets.CommonLaunchHandler.runTarget(CommonLaunchHandler.java:111) ~[fmlloader-1.20.1-47.3.7.jar%2367!/:?]
	at net.minecraftforge.fml.loading.targets.CommonLaunchHandler.serverService(CommonLaunchHandler.java:103) ~[fmlloader-1.20.1-47.3.7.jar%2367!/:?]
	at net.minecraftforge.fml.loading.targets.CommonServerLaunchHandler.lambda$makeService$0(CommonServerLaunchHandler.java:27) ~[fmlloader-1.20.1-47.3.7.jar%2367!/:?]
	at cpw.mods.modlauncher.LaunchServiceHandlerDecorator.launch(LaunchServiceHandlerDecorator.java:30) ~[modlauncher-10.0.9.jar%2353!/:?]
	at cpw.mods.modlauncher.LaunchServiceHandler.launch(LaunchServiceHandler.java:53) ~[modlauncher-10.0.9.jar%2353!/:?]
	at cpw.mods.modlauncher.LaunchServiceHandler.launch(LaunchServiceHandler.java:71) ~[modlauncher-10.0.9.jar%2353!/:?]
	at cpw.mods.modlauncher.Launcher.run(Launcher.java:108) ~[modlauncher-10.0.9.jar%2353!/:?]
	at cpw.mods.modlauncher.Launcher.main(Launcher.java:78) ~[modlauncher-10.0.9.jar%2353!/:?]
	at cpw.mods.modlauncher.BootstrapLaunchConsumer.accept(BootstrapLaunchConsumer.java:26) ~[modlauncher-10.0.9.jar%2353!/:?]
	at cpw.mods.modlauncher.BootstrapLaunchConsumer.accept(BootstrapLaunchConsumer.java:23) ~[modlauncher-10.0.9.jar%2353!/:?]
	at cpw.mods.bootstraplauncher.BootstrapLauncher.main(BootstrapLauncher.java:141) ~[bootstraplauncher-1.1.2.jar:?]
Caused by: java.lang.ClassNotFoundException: com.sun.jna.Platform
	at jdk.internal.loader.BuiltinClassLoader.loadClass(BuiltinClassLoader.java:641) ~[?:?]
	at java.lang.ClassLoader.loadClass(ClassLoader.java:525) ~[?:?]
	at cpw.mods.cl.ModuleClassLoader.loadClass(ModuleClassLoader.java:137) ~[securejarhandler-2.1.10.jar:?]
	at java.lang.ClassLoader.loadClass(ClassLoader.java:525) ~[?:?]
	... 22 more
[07Oct2025 19:36:51.313] [main/DEBUG] [mixin/]: Mixing perf.thread_priorities.UtilMixin from modernfix-common.mixins.json into net.minecraft.Util
[07Oct2025 19:36:51.315] [main/DEBUG] [mixin/]: Renaming synthetic method lambda$adjustPriorityOfThreadFactory$0(Ljava/util/concurrent/ForkJoinPool$ForkJoinWorkerThreadFactory;Ljava/util/concurrent/ForkJoinPool;)Ljava/util/concurrent/ForkJoinWorkerThread; to md8d6fe1$lambda$adjustPriorityOfThreadFactory$0$0 in modernfix-common.mixins.json:perf.thread_priorities.UtilMixin
[07Oct2025 19:36:51.361] [main/DEBUG] [mixin/]: Mixing feature.measure_time.BootstrapMixin from modernfix-common.mixins.json into net.minecraft.server.Bootstrap
[07Oct2025 19:36:51.365] [main/DEBUG] [mixin/]: Mixing core.BootstrapMixin from modernfix-forge.mixins.json into net.minecraft.server.Bootstrap
[07Oct2025 19:36:51.418] [main/INFO] [net.minecraft.server.Bootstrap/]: ModernFix reached bootstrap stage (9.401 s after launch)
[07Oct2025 19:36:51.430] [main/DEBUG] [mixin/]: Mixing perf.mojang_registry_size.MappedRegistryMixin from modernfix-common.mixins.json into net.minecraft.core.MappedRegistry
[07Oct2025 19:36:51.463] [main/DEBUG] [mixin/]: Mixing perf.mojang_registry_size.ResourceKeyMixin from modernfix-common.mixins.json into net.minecraft.resources.ResourceKey
[07Oct2025 19:36:51.463] [main/DEBUG] [mixin/]: Renaming synthetic method lambda$createEfficient$0(Lnet/minecraft/resources/ResourceLocation;)Ljava/util/Map; to md8d6fe1$lambda$createEfficient$0$0 in modernfix-common.mixins.json:perf.mojang_registry_size.ResourceKeyMixin
[07Oct2025 19:36:51.493] [main/DEBUG] [mixin/]: Mixing inject.MixinGameEvent from architectury-common.mixins.json into net.minecraft.world.level.gameevent.GameEvent
[07Oct2025 19:36:51.502] [main/DEBUG] [mixin/]: Mixing perf.reduce_blockstate_cache_rebuilds.GameDataMixin from modernfix-forge.mixins.json into net.minecraftforge.registries.GameData
[07Oct2025 19:36:51.520] [main/DEBUG] [mixin/]: Mixing perf.fast_registry_validation.ForgeRegistryMixin from modernfix-forge.mixins.json into net.minecraftforge.registries.ForgeRegistry
[07Oct2025 19:36:51.525] [main/DEBUG] [mixin/]: Mixing perf.forge_registry_alloc.ForgeRegistryMixin from modernfix-forge.mixins.json into net.minecraftforge.registries.ForgeRegistry
[07Oct2025 19:36:51.536] [main/DEBUG] [mixin/]: Mixing accessor.ForgeRegistryForgeAccessor from puzzleslib.forge.mixins.json into net.minecraftforge.registries.ForgeRegistry
[07Oct2025 19:36:51.553] [main/WARN] [mixin/]: @Final field delegatesByName:Ljava/util/Map; in modernfix-forge.mixins.json:perf.forge_registry_alloc.ForgeRegistryMixin should be final
[07Oct2025 19:36:51.554] [main/WARN] [mixin/]: @Final field delegatesByValue:Ljava/util/Map; in modernfix-forge.mixins.json:perf.forge_registry_alloc.ForgeRegistryMixin should be final
[07Oct2025 19:36:51.585] [main/DEBUG] [mixin/]: Mixing perf.reduce_blockstate_cache_rebuilds.BlockCallbacksMixin from modernfix-forge.mixins.json into net.minecraftforge.registries.GameData$BlockCallbacks
[07Oct2025 19:36:51.594] [main/DEBUG] [mixin/]: Mixing perf.forge_registry_alloc.DelegateHolderMixin from modernfix-forge.mixins.json into net.minecraft.world.level.block.Block
[07Oct2025 19:36:51.595] [main/DEBUG] [mixin/]: Mixing inject.MixinBlock from architectury-common.mixins.json into net.minecraft.world.level.block.Block
[07Oct2025 19:36:51.596] [main/DEBUG] [mixin/]: Mixing accessor.BlockAccessor from puzzleslib.common.mixins.json into net.minecraft.world.level.block.Block
[07Oct2025 19:36:51.617] [main/DEBUG] [mixin/]: Mixing bugfix.chunk_deadlock.BlockStateBaseMixin from modernfix-common.mixins.json into net.minecraft.world.level.block.state.BlockBehaviour$BlockStateBase
[07Oct2025 19:36:51.618] [main/DEBUG] [mixin/]: Mixing perf.reduce_blockstate_cache_rebuilds.BlockStateBaseMixin from modernfix-common.mixins.json into net.minecraft.world.level.block.state.BlockBehaviour$BlockStateBase
[07Oct2025 19:36:51.629] [main/DEBUG] [mixin/]: Mixing redstone.RedstoneLevelMixin from ars_nouveau.mixins.json into net.minecraft.world.level.block.state.BlockBehaviour$BlockStateBase
[07Oct2025 19:36:51.630] [main/DEBUG] [mixin/]: Mixing BlockStateBaseMixin from ferritecore.blockstatecache.mixin.json into net.minecraft.world.level.block.state.BlockBehaviour$BlockStateBase
[07Oct2025 19:36:51.632] [main/DEBUG] [mixin/]: Mixing fluidcollision.BlockStateBaseMixin from expandability-common.mixins.json into net.minecraft.world.level.block.state.BlockBehaviour$BlockStateBase
[07Oct2025 19:36:51.700] [main/DEBUG] [mixin/]: Mixing FastMapStateHolderMixin from ferritecore.fastmap.mixin.json into net.minecraft.world.level.block.state.StateHolder
[07Oct2025 19:36:51.720] [main/DEBUG] [mixin/]: Mixing perf.model_optimizations.PropertyMixin from modernfix-common.mixins.json into net.minecraft.world.level.block.state.properties.Property
[07Oct2025 19:36:51.746] [main/DEBUG] [mixin/]: Mixing item.umbrella.EntityMixin from mixins.artifacts.common.json into net.minecraft.world.entity.Entity
[07Oct2025 19:36:51.749] [main/DEBUG] [mixin/]: Mixing item.wearable.aquadashers.EntityMixin from mixins.artifacts.common.json into net.minecraft.world.entity.Entity
[07Oct2025 19:36:51.768] [main/DEBUG] [mixin/]: Mixing accessors.entity.AccessorEntity from bookshelf.common.mixins.json into net.minecraft.world.entity.Entity
[07Oct2025 19:36:51.769] [main/DEBUG] [mixin/]: Mixing EntityMixin from alexscaves.mixins.json into net.minecraft.world.entity.Entity
[07Oct2025 19:36:51.825] [main/DEBUG] [mixin/]: Mixing AccessorEntity from curios.mixins.json into net.minecraft.world.entity.Entity
[07Oct2025 19:36:51.830] [main/DEBUG] [mixin/]: Mixing EntityMixin from ars_nouveau.mixins.json into net.minecraft.world.entity.Entity
[07Oct2025 19:36:51.837] [main/DEBUG] [mixin/]: Mixing rewind.RewindEntityMixin from ars_nouveau.mixins.json into net.minecraft.world.entity.Entity
[07Oct2025 19:36:51.850] [main/DEBUG] [mixin/]: Mixing multipart_entities.EntityMixin from cerbons_api-common.mixins.json into net.minecraft.world.entity.Entity
[07Oct2025 19:36:51.853] [main/DEBUG] [mixin/]: Mixing EntityMixin from tombstone.mixins.json into net.minecraft.world.entity.Entity
[07Oct2025 19:36:51.858] [main/DEBUG] [mixin/]: Mixing swimming.EntityMixin from expandability.mixins.json into net.minecraft.world.entity.Entity
[07Oct2025 19:36:51.862] [main/DEBUG] [mixin/]: Mixing swimming.EntityMixin from expandability-common.mixins.json into net.minecraft.world.entity.Entity
[07Oct2025 19:36:52.021] [main/DEBUG] [mixin/]: Mixing perf.forge_cap_retrieval.LivingEntityMixin from modernfix-forge.mixins.json into net.minecraft.world.entity.LivingEntity
[07Oct2025 19:36:52.022] [main/DEBUG] [mixin/]: Mixing LivingEntityMixin from citadel.mixins.json into net.minecraft.world.entity.LivingEntity
[07Oct2025 19:36:52.025] [main/DEBUG] [mixin/]: Mixing accessors.LivingEntityAccessor from mixins.artifacts.common.json into net.minecraft.world.entity.LivingEntity
[07Oct2025 19:36:52.026] [main/DEBUG] [mixin/]: Mixing item.hurtsound.LivingEntityMixin from mixins.artifacts.common.json into net.minecraft.world.entity.LivingEntity
[07Oct2025 19:36:52.028] [main/DEBUG] [mixin/]: Mixing item.wearable.chorustotem.LivingEntityMixin from mixins.artifacts.common.json into net.minecraft.world.entity.LivingEntity
[07Oct2025 19:36:52.047] [main/DEBUG] [mixin/]: Mixing item.wearable.snowshoes.LivingEntityMixin from mixins.artifacts.forge.json into net.minecraft.world.entity.LivingEntity
[07Oct2025 19:36:52.049] [main/DEBUG] [mixin/]: Mixing accessors.entity.AccessorLivingEntity from bookshelf.common.mixins.json into net.minecraft.world.entity.LivingEntity
[07Oct2025 19:36:52.049] [main/DEBUG] [mixin/]: Mixing patches.entity.MixinLivingEntity from bookshelf.common.mixins.json into net.minecraft.world.entity.LivingEntity
[07Oct2025 19:36:52.052] [main/DEBUG] [mixin/]: Mixing LivingEntityMixin from mixins.bosses_of_mass_destruction.json into net.minecraft.world.entity.LivingEntity
[07Oct2025 19:36:52.055] [main/DEBUG] [mixin/]: Mixing LivingEntityMixin from alexscaves.mixins.json into net.minecraft.world.entity.LivingEntity
[07Oct2025 19:36:52.062] [main/DEBUG] [mixin/]: Mixing MixinLivingEntity from curios.mixins.json into net.minecraft.world.entity.LivingEntity
[07Oct2025 19:36:52.063] [main/DEBUG] [mixin/]: Mixing LivingAccessor from ars_nouveau.mixins.json into net.minecraft.world.entity.LivingEntity
[07Oct2025 19:36:52.064] [main/DEBUG] [mixin/]: Mixing elytra.MixinLivingEntity from ars_nouveau.mixins.json into net.minecraft.world.entity.LivingEntity
[07Oct2025 19:36:52.065] [main/DEBUG] [mixin/]: Mixing perks.PerkLivingEntity from ars_nouveau.mixins.json into net.minecraft.world.entity.LivingEntity
[07Oct2025 19:36:52.066] [main/DEBUG] [mixin/]: Mixing LivingEntityMixin from tombstone.mixins.json into net.minecraft.world.entity.LivingEntity
[07Oct2025 19:36:52.069] [main/DEBUG] [mixin/]: Mixing LivingEntityMixin from simplyswords-common.mixins.json into net.minecraft.world.entity.LivingEntity
[07Oct2025 19:36:52.086] [main/DEBUG] [mixin/]: Mixing swimming.LivingEntityMixin from expandability.mixins.json into net.minecraft.world.entity.LivingEntity
[07Oct2025 19:36:52.087] [main/DEBUG] [mixin/]: Mixing swimming.LivingEntityMixin from expandability-common.mixins.json into net.minecraft.world.entity.LivingEntity
[07Oct2025 19:36:52.088] [main/DEBUG] [mixin/]: Mixing LivingEntityMixin from obscure_api.mixins.json into net.minecraft.world.entity.LivingEntity
[07Oct2025 19:36:52.197] [main/DEBUG] [net.minecraftforge.coremod.transformer.CoreModBaseTransformer/COREMOD]: Transforming m_46758_ with desc (Lnet/minecraft/core/BlockPos;)Z
[07Oct2025 19:36:52.242] [main/DEBUG] [mixin/]: Mixing perf.model_optimizations.BooleanPropertyMixin from modernfix-common.mixins.json into net.minecraft.world.level.block.state.properties.BooleanProperty
[07Oct2025 19:36:52.248] [main/DEBUG] [net.minecraftforge.coremod.transformer.CoreModBaseTransformer/COREMOD]: Transforming m_46758_ with desc (Lnet/minecraft/core/BlockPos;)Z
[07Oct2025 19:36:52.251] [main/DEBUG] [mixin/]: Mixing LevelMixin from citadel.mixins.json into net.minecraft.world.level.Level
[07Oct2025 19:36:52.268] [main/DEBUG] [mixin/]: Mixing bugfix.chunk_deadlock.ServerLevelMixin from modernfix-common.mixins.json into net.minecraft.server.level.ServerLevel
[07Oct2025 19:36:52.269] [main/DEBUG] [mixin/]: Mixing perf.faster_structure_location.ServerLevelMixin from modernfix-common.mixins.json into net.minecraft.server.level.ServerLevel
[07Oct2025 19:36:52.269] [main/DEBUG] [mixin/]: Mixing perf.cache_strongholds.ServerLevelMixin from modernfix-common.mixins.json into net.minecraft.server.level.ServerLevel
[07Oct2025 19:36:52.271] [main/DEBUG] [mixin/]: Mixing ServerLevelMixin from citadel.mixins.json into net.minecraft.server.level.ServerLevel
[07Oct2025 19:36:52.272] [main/DEBUG] [mixin/]: Mixing ExplosionMixin from mixins.bosses_of_mass_destruction.json into net.minecraft.server.level.ServerLevel
[07Oct2025 19:36:52.274] [main/DEBUG] [mixin/]: Mixing ServerLevelMixin from ars_elemental.mixins.json into net.minecraft.server.level.ServerLevel
[07Oct2025 19:36:52.305] [main/DEBUG] [mixin/]: Mixing ItemEntityMixin from ars_elemental.mixins.json into net.minecraft.world.entity.item.ItemEntity
[07Oct2025 19:36:52.312] [main/DEBUG] [mixin/]: Mixing accessor.PlayerAccessor from easymagic.common.mixins.json into net.minecraft.world.entity.player.Player
[07Oct2025 19:36:52.312] [main/DEBUG] [mixin/]: Mixing elytra.ElytraPlayerMixin from ars_nouveau.mixins.json into net.minecraft.world.entity.player.Player
[07Oct2025 19:36:52.312] [main/DEBUG] [mixin/]: Mixing PlayerMixin from tombstone.mixins.json into net.minecraft.world.entity.player.Player
[07Oct2025 19:36:52.313] [main/DEBUG] [mixin/]: Mixing swimming.PlayerMixin from expandability-common.mixins.json into net.minecraft.world.entity.player.Player
[07Oct2025 19:36:52.313] [main/DEBUG] [mixin/]: Mixing MixinPlayer from tlskincape-mixins.json into net.minecraft.world.entity.player.Player
[07Oct2025 19:36:52.313] [main/DEBUG] [mixin/]: tlskincape-mixins.json:MixinPlayer: Class version 61 required is higher than the class version supported by the current version of Mixin (JAVA_16 supports class version 60)
[07Oct2025 19:36:52.402] [main/DEBUG] [mixin/]: Mixing perf.fast_forge_dummies.NamespacedHolderHelperMixin from modernfix-forge.mixins.json into net.minecraftforge.registries.NamespacedWrapper
[07Oct2025 19:36:52.410] [main/DEBUG] [mixin/]: Mixing inject.MixinFluid from architectury-common.mixins.json into net.minecraft.world.level.material.Fluid
[07Oct2025 19:36:52.414] [main/DEBUG] [net.minecraftforge.coremod.transformer.CoreModBaseTransformer/COREMOD]: Transforming m_41435_ with desc (Lnet/minecraft/world/level/Level;Lnet/minecraft/world/entity/player/Player;Lnet/minecraft/world/level/ClipContext$Fluid;)Lnet/minecraft/world/phys/BlockHitResult;
[07Oct2025 19:36:52.415] [main/DEBUG] [mixin/]: Mixing perf.forge_registry_alloc.DelegateHolderMixin from modernfix-forge.mixins.json into net.minecraft.world.item.Item
[07Oct2025 19:36:52.416] [main/DEBUG] [mixin/]: Mixing accessors.item.AccessorItem from bookshelf.common.mixins.json into net.minecraft.world.item.Item
[07Oct2025 19:36:52.416] [main/DEBUG] [mixin/]: Mixing ItemMixin from tombstone.mixins.json into net.minecraft.world.item.Item
[07Oct2025 19:36:52.416] [main/DEBUG] [mixin/]: Renaming synthetic method lambda$methodIsFoil$1(Lnet/minecraft/world/item/ItemStack;Lovh/corail/tombstone/api/capability/ISoulConsumer;)Ljava/lang/Boolean; to md8d6fe1$lambda$methodIsFoil$1$0 in tombstone.mixins.json:ItemMixin
[07Oct2025 19:36:52.416] [main/DEBUG] [mixin/]: Renaming synthetic method lambda$methodGetName$0(Lnet/minecraft/world/item/ItemStack;Lovh/corail/tombstone/api/capability/ISoulConsumer;)Ljava/lang/Boolean; to md8d6fe1$lambda$methodGetName$0$1 in tombstone.mixins.json:ItemMixin
[07Oct2025 19:36:52.439] [main/DEBUG] [mixin/]: Mixing inject.MixinItem from architectury-common.mixins.json into net.minecraft.world.item.Item
[07Oct2025 19:36:52.458] [main/DEBUG] [net.minecraftforge.coremod.transformer.CoreModBaseTransformer/COREMOD]: Transforming net/minecraft/world/entity/EntityType
[07Oct2025 19:36:52.515] [main/DEBUG] [mixin/]: Mixing inject.MixinEntityType from architectury-common.mixins.json into net.minecraft.world.entity.EntityType
[07Oct2025 19:36:52.524] [main/DEBUG] [mixin/]: Mixing EnchantmentMixin from goblintraders.common.mixins.json into net.minecraft.world.item.enchantment.Enchantment
[07Oct2025 19:36:52.530] [main/DEBUG] [mixin/]: Mixing perf.dynamic_dfu.BlockEntityTypeMixin from modernfix-common.mixins.json into net.minecraft.world.level.block.entity.BlockEntityType
[07Oct2025 19:36:52.533] [main/DEBUG] [mixin/]: Mixing ChunkStatusMixin from alexscaves.mixins.json into net.minecraft.world.level.chunk.ChunkStatus
[07Oct2025 19:36:52.575] [main/DEBUG] [mixin/]: Mixing accessor.FireBlockForgeAccessor from puzzleslib.forge.mixins.json into net.minecraft.world.level.block.FireBlock
[07Oct2025 19:36:52.596] [main/DEBUG] [mixin/]: Mixing multipart_entities.ShapesMixin from cerbons_api-common.mixins.json into net.minecraft.world.phys.shapes.Shapes
[07Oct2025 19:36:52.601] [main/DEBUG] [mixin/]: Mixing DiscreteVSAccess from ferritecore.blockstatecache.mixin.json into net.minecraft.world.phys.shapes.DiscreteVoxelShape
[07Oct2025 19:36:52.603] [main/DEBUG] [mixin/]: Mixing BitSetDVSAccess from ferritecore.blockstatecache.mixin.json into net.minecraft.world.phys.shapes.BitSetDiscreteVoxelShape
[07Oct2025 19:36:52.608] [main/DEBUG] [mixin/]: Mixing multipart_entities.VoxelShapeMixin from cerbons_api-common.mixins.json into net.minecraft.world.phys.shapes.VoxelShape
[07Oct2025 19:36:52.609] [main/DEBUG] [mixin/]: Mixing VoxelShapeAccess from ferritecore.blockstatecache.mixin.json into net.minecraft.world.phys.shapes.VoxelShape
[07Oct2025 19:36:52.612] [main/DEBUG] [mixin/]: Mixing multipart_entities.InvokerArrayVoxelShape from cerbons_api-common.mixins.json into net.minecraft.world.phys.shapes.ArrayVoxelShape
[07Oct2025 19:36:52.612] [main/DEBUG] [mixin/]: Renaming @Invoker method init(Lnet/minecraft/world/phys/shapes/DiscreteVoxelShape;Lit/unimi/dsi/fastutil/doubles/DoubleList;Lit/unimi/dsi/fastutil/doubles/DoubleList;Lit/unimi/dsi/fastutil/doubles/DoubleList;)Lnet/minecraft/world/phys/shapes/ArrayVoxelShape; to init_$md$8d6fe1$0 in cerbons_api-common.mixins.json:multipart_entities.InvokerArrayVoxelShape
[07Oct2025 19:36:52.612] [main/DEBUG] [mixin/]: Mixing ArrayVSAccess from ferritecore.blockstatecache.mixin.json into net.minecraft.world.phys.shapes.ArrayVoxelShape
[07Oct2025 19:36:52.615] [main/DEBUG] [mixin/]: Mixing SliceShapeAccess from ferritecore.blockstatecache.mixin.json into net.minecraft.world.phys.shapes.SliceShape
[07Oct2025 19:36:52.708] [main/DEBUG] [mixin/]: Mixing perf.reduce_blockstate_cache_rebuilds.BlocksMixin from modernfix-common.mixins.json into net.minecraft.world.level.block.Blocks
[07Oct2025 19:36:52.709] [main/DEBUG] [mixin/]: Renaming synthetic method lambda$getEmptyConsumer$0(Ljava/lang/Object;)V to md8d6fe1$lambda$getEmptyConsumer$0$0 in modernfix-common.mixins.json:perf.reduce_blockstate_cache_rebuilds.BlocksMixin
[07Oct2025 19:36:52.737] [main/DEBUG] [net.minecraftforge.coremod.transformer.CoreModBaseTransformer/COREMOD]: Transforming net/minecraft/world/level/block/LiquidBlock
[07Oct2025 19:36:52.737] [main/DEBUG] [mixin/]: Mixing inject.MixinLiquidBlock from architectury-common.mixins.json into net.minecraft.world.level.block.LiquidBlock
[07Oct2025 19:36:52.750] [main/DEBUG] [mixin/]: Mixing jar.DispenserMixin from ars_nouveau.mixins.json into net.minecraft.world.level.block.DispenserBlock
[07Oct2025 19:36:52.774] [main/DEBUG] [net.minecraftforge.coremod.transformer.CoreModBaseTransformer/COREMOD]: Transforming m_7898_ with desc (Lnet/minecraft/world/level/block/state/BlockState;Lnet/minecraft/world/level/LevelReader;Lnet/minecraft/core/BlockPos;)Z
[07Oct2025 19:36:52.789] [main/DEBUG] [net.minecraftforge.coremod.transformer.CoreModBaseTransformer/COREMOD]: Transforming net/minecraft/world/level/block/StairBlock
[07Oct2025 19:36:52.793] [main/DEBUG] [mixin/]: Mixing ChestBlockMixin from tombstone.mixins.json into net.minecraft.world.level.block.ChestBlock
[07Oct2025 19:36:52.818] [main/DEBUG] [mixin/]: Mixing IceBlockMixin from mixins.bosses_of_mass_destruction.json into net.minecraft.world.level.block.IceBlock
[07Oct2025 19:36:52.822] [main/DEBUG] [net.minecraftforge.coremod.transformer.CoreModBaseTransformer/COREMOD]: Transforming m_226857_ with desc (Lnet/minecraft/world/level/levelgen/structure/pieces/StructurePieceSerializationContext;Lnet/minecraft/nbt/CompoundTag;J)Lnet/minecraft/world/level/levelgen/structure/StructureStart;
[07Oct2025 19:36:52.828] [main/DEBUG] [net.minecraftforge.coremod.transformer.CoreModBaseTransformer/COREMOD]: Transforming net/minecraft/world/level/levelgen/structure/Structure
[07Oct2025 19:36:52.854] [main/DEBUG] [mixin/]: Mixing EnchantmentTableBlockMixin from easymagic.common.mixins.json into net.minecraft.world.level.block.EnchantmentTableBlock
[07Oct2025 19:36:52.879] [main/DEBUG] [mixin/]: Mixing perf.deduplicate_wall_shapes.WallBlockMixin from modernfix-common.mixins.json into net.minecraft.world.level.block.WallBlock
[07Oct2025 19:36:52.890] [main/DEBUG] [net.minecraftforge.coremod.transformer.CoreModBaseTransformer/COREMOD]: Transforming net/minecraft/world/level/block/FlowerPotBlock
[07Oct2025 19:36:52.933] [main/DEBUG] [mixin/]: Mixing swimming.BubbleColumnBlockMixin from expandability-common.mixins.json into net.minecraft.world.level.block.BubbleColumnBlock
[07Oct2025 19:36:52.962] [main/DEBUG] [mixin/]: Mixing MixinPowderSnowBlock from curios.mixins.json into net.minecraft.world.level.block.PowderSnowBlock
[07Oct2025 19:36:53.003] [main/DEBUG] [mixin/]: Mixing perf.state_definition_construct.StateDefinitionMixin from modernfix-common.mixins.json into net.minecraft.world.level.block.state.StateDefinition
[07Oct2025 19:36:53.023] [main/DEBUG] [mixin/]: Mixing FlowingFluidMixin from alexscaves.mixins.json into net.minecraft.world.level.material.FlowingFluid
[07Oct2025 19:36:53.072] [main/INFO] [net.minecraft.server.Bootstrap/]: Vanilla bootstrap took 1650 milliseconds
[07Oct2025 19:36:53.085] [main/DEBUG] [io.netty.util.internal.PlatformDependent0/]: -Dio.netty.noUnsafe: false
[07Oct2025 19:36:53.085] [main/DEBUG] [io.netty.util.internal.PlatformDependent0/]: Java version: 17
[07Oct2025 19:36:53.086] [main/DEBUG] [io.netty.util.internal.PlatformDependent0/]: sun.misc.Unsafe.theUnsafe: available
[07Oct2025 19:36:53.086] [main/DEBUG] [io.netty.util.internal.PlatformDependent0/]: sun.misc.Unsafe.copyMemory: available
[07Oct2025 19:36:53.086] [main/DEBUG] [io.netty.util.internal.PlatformDependent0/]: sun.misc.Unsafe.storeFence: available
[07Oct2025 19:36:53.087] [main/DEBUG] [io.netty.util.internal.PlatformDependent0/]: java.nio.Buffer.address: available
[07Oct2025 19:36:53.087] [main/DEBUG] [io.netty.util.internal.PlatformDependent0/]: direct buffer constructor: unavailable
java.lang.UnsupportedOperationException: Reflective setAccessible(true) disabled
	at io.netty.util.internal.ReflectionUtil.trySetAccessible(ReflectionUtil.java:31) ~[netty-common-4.1.82.Final.jar%2380!/:4.1.82.Final]
	at io.netty.util.internal.PlatformDependent0$5.run(PlatformDependent0.java:288) ~[netty-common-4.1.82.Final.jar%2380!/:4.1.82.Final]
	at java.security.AccessController.doPrivileged(AccessController.java:318) ~[?:?]
	at io.netty.util.internal.PlatformDependent0.<clinit>(PlatformDependent0.java:282) ~[netty-common-4.1.82.Final.jar%2380!/:4.1.82.Final]
	at io.netty.util.internal.PlatformDependent.isAndroid(PlatformDependent.java:333) ~[netty-common-4.1.82.Final.jar%2380!/:4.1.82.Final]
	at io.netty.util.internal.PlatformDependent.<clinit>(PlatformDependent.java:88) ~[netty-common-4.1.82.Final.jar%2380!/:4.1.82.Final]
	at io.netty.util.ConstantPool.<init>(ConstantPool.java:34) ~[netty-common-4.1.82.Final.jar%2380!/:4.1.82.Final]
	at io.netty.util.AttributeKey$1.<init>(AttributeKey.java:27) ~[netty-common-4.1.82.Final.jar%2380!/:4.1.82.Final]
	at io.netty.util.AttributeKey.<clinit>(AttributeKey.java:27) ~[netty-common-4.1.82.Final.jar%2380!/:4.1.82.Final]
	at net.minecraftforge.network.NetworkConstants.<clinit>(NetworkConstants.java:34) ~[forge-1.20.1-47.3.7-universal.jar%23204!/:?]
	at net.minecraft.server.Bootstrap.handler$zdj000$doClassloadHack(Bootstrap.java:1034) ~[server-1.20.1-20230612.114412-srg.jar%23199!/:?]
	at net.minecraft.server.Bootstrap.m_135870_(Bootstrap.java:64) ~[server-1.20.1-20230612.114412-srg.jar%23199!/:?]
	at net.minecraftforge.registries.ForgeRegistries.init(ForgeRegistries.java:212) ~[forge-1.20.1-47.3.7-universal.jar%23204!/:?]
	at net.minecraftforge.registries.ForgeRegistries.<clinit>(ForgeRegistries.java:65) ~[forge-1.20.1-47.3.7-universal.jar%23204!/:?]
	at net.minecraft.world.level.block.LiquidBlock.<init>(LiquidBlock.java:53) ~[server-1.20.1-20230612.114412-srg.jar%23199!/:?]
	at net.minecraft.world.level.block.Blocks.<clinit>(Blocks.java:77) ~[server-1.20.1-20230612.114412-srg.jar%23199!/:?]
	at net.minecraft.world.level.block.FireBlock.m_53484_(FireBlock.java:301) ~[server-1.20.1-20230612.114412-srg.jar%23199!/:?]
	at net.minecraft.server.Bootstrap.m_135870_(Bootstrap.java:46) ~[server-1.20.1-20230612.114412-srg.jar%23199!/:?]
	at net.minecraft.server.Main.main(Main.java:121) ~[server-1.20.1-20230612.114412-srg.jar%23199!/:?]
	at jdk.internal.reflect.NativeMethodAccessorImpl.invoke0(Native Method) ~[?:?]
	at jdk.internal.reflect.NativeMethodAccessorImpl.invoke(NativeMethodAccessorImpl.java:77) ~[?:?]
	at jdk.internal.reflect.DelegatingMethodAccessorImpl.invoke(DelegatingMethodAccessorImpl.java:43) ~[?:?]
	at java.lang.reflect.Method.invoke(Method.java:569) ~[?:?]
	at net.minecraftforge.fml.loading.targets.CommonLaunchHandler.runTarget(CommonLaunchHandler.java:111) ~[fmlloader-1.20.1-47.3.7.jar%2367!/:?]
	at net.minecraftforge.fml.loading.targets.CommonLaunchHandler.serverService(CommonLaunchHandler.java:103) ~[fmlloader-1.20.1-47.3.7.jar%2367!/:?]
	at net.minecraftforge.fml.loading.targets.CommonServerLaunchHandler.lambda$makeService$0(CommonServerLaunchHandler.java:27) ~[fmlloader-1.20.1-47.3.7.jar%2367!/:?]
	at cpw.mods.modlauncher.LaunchServiceHandlerDecorator.launch(LaunchServiceHandlerDecorator.java:30) ~[modlauncher-10.0.9.jar%2353!/:?]
	at cpw.mods.modlauncher.LaunchServiceHandler.launch(LaunchServiceHandler.java:53) ~[modlauncher-10.0.9.jar%2353!/:?]
	at cpw.mods.modlauncher.LaunchServiceHandler.launch(LaunchServiceHandler.java:71) ~[modlauncher-10.0.9.jar%2353!/:?]
	at cpw.mods.modlauncher.Launcher.run(Launcher.java:108) ~[modlauncher-10.0.9.jar%2353!/:?]
	at cpw.mods.modlauncher.Launcher.main(Launcher.java:78) ~[modlauncher-10.0.9.jar%2353!/:?]
	at cpw.mods.modlauncher.BootstrapLaunchConsumer.accept(BootstrapLaunchConsumer.java:26) ~[modlauncher-10.0.9.jar%2353!/:?]
	at cpw.mods.modlauncher.BootstrapLaunchConsumer.accept(BootstrapLaunchConsumer.java:23) ~[modlauncher-10.0.9.jar%2353!/:?]
	at cpw.mods.bootstraplauncher.BootstrapLauncher.main(BootstrapLauncher.java:141) ~[bootstraplauncher-1.1.2.jar:?]
[07Oct2025 19:36:53.088] [main/DEBUG] [io.netty.util.internal.PlatformDependent0/]: java.nio.Bits.unaligned: available, true
[07Oct2025 19:36:53.089] [main/DEBUG] [io.netty.util.internal.PlatformDependent0/]: jdk.internal.misc.Unsafe.allocateUninitializedArray(int): unavailable
java.lang.IllegalAccessException: class io.netty.util.internal.PlatformDependent0$7 (in module io.netty.common) cannot access class jdk.internal.misc.Unsafe (in module java.base) because module java.base does not export jdk.internal.misc to module io.netty.common
	at jdk.internal.reflect.Reflection.newIllegalAccessException(Reflection.java:392) ~[?:?]
	at java.lang.reflect.AccessibleObject.checkAccess(AccessibleObject.java:674) ~[?:?]
	at java.lang.reflect.Method.invoke(Method.java:561) ~[?:?]
	at io.netty.util.internal.PlatformDependent0$7.run(PlatformDependent0.java:410) ~[netty-common-4.1.82.Final.jar%2380!/:4.1.82.Final]
	at java.security.AccessController.doPrivileged(AccessController.java:318) ~[?:?]
	at io.netty.util.internal.PlatformDependent0.<clinit>(PlatformDependent0.java:401) ~[netty-common-4.1.82.Final.jar%2380!/:4.1.82.Final]
	at io.netty.util.internal.PlatformDependent.isAndroid(PlatformDependent.java:333) ~[netty-common-4.1.82.Final.jar%2380!/:4.1.82.Final]
	at io.netty.util.internal.PlatformDependent.<clinit>(PlatformDependent.java:88) ~[netty-common-4.1.82.Final.jar%2380!/:4.1.82.Final]
	at io.netty.util.ConstantPool.<init>(ConstantPool.java:34) ~[netty-common-4.1.82.Final.jar%2380!/:4.1.82.Final]
	at io.netty.util.AttributeKey$1.<init>(AttributeKey.java:27) ~[netty-common-4.1.82.Final.jar%2380!/:4.1.82.Final]
	at io.netty.util.AttributeKey.<clinit>(AttributeKey.java:27) ~[netty-common-4.1.82.Final.jar%2380!/:4.1.82.Final]
	at net.minecraftforge.network.NetworkConstants.<clinit>(NetworkConstants.java:34) ~[forge-1.20.1-47.3.7-universal.jar%23204!/:?]
	at net.minecraft.server.Bootstrap.handler$zdj000$doClassloadHack(Bootstrap.java:1034) ~[server-1.20.1-20230612.114412-srg.jar%23199!/:?]
	at net.minecraft.server.Bootstrap.m_135870_(Bootstrap.java:64) ~[server-1.20.1-20230612.114412-srg.jar%23199!/:?]
	at net.minecraftforge.registries.ForgeRegistries.init(ForgeRegistries.java:212) ~[forge-1.20.1-47.3.7-universal.jar%23204!/:?]
	at net.minecraftforge.registries.ForgeRegistries.<clinit>(ForgeRegistries.java:65) ~[forge-1.20.1-47.3.7-universal.jar%23204!/:?]
	at net.minecraft.world.level.block.LiquidBlock.<init>(LiquidBlock.java:53) ~[server-1.20.1-20230612.114412-srg.jar%23199!/:?]
	at net.minecraft.world.level.block.Blocks.<clinit>(Blocks.java:77) ~[server-1.20.1-20230612.114412-srg.jar%23199!/:?]
	at net.minecraft.world.level.block.FireBlock.m_53484_(FireBlock.java:301) ~[server-1.20.1-20230612.114412-srg.jar%23199!/:?]
	at net.minecraft.server.Bootstrap.m_135870_(Bootstrap.java:46) ~[server-1.20.1-20230612.114412-srg.jar%23199!/:?]
	at net.minecraft.server.Main.main(Main.java:121) ~[server-1.20.1-20230612.114412-srg.jar%23199!/:?]
	at jdk.internal.reflect.NativeMethodAccessorImpl.invoke0(Native Method) ~[?:?]
	at jdk.internal.reflect.NativeMethodAccessorImpl.invoke(NativeMethodAccessorImpl.java:77) ~[?:?]
	at jdk.internal.reflect.DelegatingMethodAccessorImpl.invoke(DelegatingMethodAccessorImpl.java:43) ~[?:?]
	at java.lang.reflect.Method.invoke(Method.java:569) ~[?:?]
	at net.minecraftforge.fml.loading.targets.CommonLaunchHandler.runTarget(CommonLaunchHandler.java:111) ~[fmlloader-1.20.1-47.3.7.jar%2367!/:?]
	at net.minecraftforge.fml.loading.targets.CommonLaunchHandler.serverService(CommonLaunchHandler.java:103) ~[fmlloader-1.20.1-47.3.7.jar%2367!/:?]
	at net.minecraftforge.fml.loading.targets.CommonServerLaunchHandler.lambda$makeService$0(CommonServerLaunchHandler.java:27) ~[fmlloader-1.20.1-47.3.7.jar%2367!/:?]
	at cpw.mods.modlauncher.LaunchServiceHandlerDecorator.launch(LaunchServiceHandlerDecorator.java:30) ~[modlauncher-10.0.9.jar%2353!/:?]
	at cpw.mods.modlauncher.LaunchServiceHandler.launch(LaunchServiceHandler.java:53) ~[modlauncher-10.0.9.jar%2353!/:?]
	at cpw.mods.modlauncher.LaunchServiceHandler.launch(LaunchServiceHandler.java:71) ~[modlauncher-10.0.9.jar%2353!/:?]
	at cpw.mods.modlauncher.Launcher.run(Launcher.java:108) ~[modlauncher-10.0.9.jar%2353!/:?]
	at cpw.mods.modlauncher.Launcher.main(Launcher.java:78) ~[modlauncher-10.0.9.jar%2353!/:?]
	at cpw.mods.modlauncher.BootstrapLaunchConsumer.accept(BootstrapLaunchConsumer.java:26) ~[modlauncher-10.0.9.jar%2353!/:?]
	at cpw.mods.modlauncher.BootstrapLaunchConsumer.accept(BootstrapLaunchConsumer.java:23) ~[modlauncher-10.0.9.jar%2353!/:?]
	at cpw.mods.bootstraplauncher.BootstrapLauncher.main(BootstrapLauncher.java:141) ~[bootstraplauncher-1.1.2.jar:?]
[07Oct2025 19:36:53.090] [main/DEBUG] [io.netty.util.internal.PlatformDependent0/]: java.nio.DirectByteBuffer.<init>(long, int): unavailable
[07Oct2025 19:36:53.090] [main/DEBUG] [io.netty.util.internal.PlatformDependent/]: sun.misc.Unsafe: available
[07Oct2025 19:36:53.090] [main/DEBUG] [io.netty.util.internal.PlatformDependent/]: maxDirectMemory: 12884901888 bytes (maybe)
[07Oct2025 19:36:53.090] [main/DEBUG] [io.netty.util.internal.PlatformDependent/]: -Dio.netty.tmpdir: /tmp (java.io.tmpdir)
[07Oct2025 19:36:53.091] [main/DEBUG] [io.netty.util.internal.PlatformDependent/]: -Dio.netty.bitMode: 64 (sun.arch.data.model)
[07Oct2025 19:36:53.091] [main/DEBUG] [io.netty.util.internal.PlatformDependent/]: -Dio.netty.maxDirectMemory: -1 bytes
[07Oct2025 19:36:53.091] [main/DEBUG] [io.netty.util.internal.PlatformDependent/]: -Dio.netty.uninitializedArrayAllocationThreshold: -1
[07Oct2025 19:36:53.092] [main/DEBUG] [io.netty.util.internal.CleanerJava9/]: java.nio.ByteBuffer.cleaner(): available
[07Oct2025 19:36:53.092] [main/DEBUG] [io.netty.util.internal.PlatformDependent/]: -Dio.netty.noPreferDirect: false
[07Oct2025 19:36:53.203] [main/DEBUG] [mixin/]: Mixing BrushableBlockEntityMixin from tombstone.mixins.json into net.minecraft.world.level.block.entity.BrushableBlockEntity
[07Oct2025 19:36:53.219] [main/DEBUG] [mixin/]: Mixing FallingBlockEntityMixin from alexscaves.mixins.json into net.minecraft.world.entity.item.FallingBlockEntity
[07Oct2025 19:36:53.221] [main/DEBUG] [mixin/]: Mixing MixinFallingBlockEntity from architectury.mixins.json into net.minecraft.world.entity.item.FallingBlockEntity
[07Oct2025 19:36:53.280] [main/DEBUG] [mixin/]: Mixing patches.block.entity.MixinBaseContainerBlockEntity from bookshelf.forge.mixins.json into net.minecraft.world.level.block.entity.BaseContainerBlockEntity
[07Oct2025 19:36:53.288] [main/DEBUG] [mixin/]: Mixing camera.ANServerPlayerMixin from ars_nouveau.mixins.json into net.minecraft.server.level.ServerPlayer
[07Oct2025 19:36:53.289] [main/DEBUG] [mixin/]: Mixing ServerPlayerEntityMixin from simplyswords-common.mixins.json into net.minecraft.server.level.ServerPlayer
[07Oct2025 19:36:53.289] [main/DEBUG] [mixin/]: Renaming synthetic method lambda$simplyswords$tick$3(Lnet/minecraft/tags/TagKey;Lnet/minecraft/world/item/Item;)Z to md8d6fe1$lambda$simplyswords$tick$3$0 in simplyswords-common.mixins.json:ServerPlayerEntityMixin
[07Oct2025 19:36:53.289] [main/DEBUG] [mixin/]: Renaming synthetic method lambda$simplyswords$tick$2(Lnet/minecraft/tags/TagKey;Lnet/minecraft/world/item/Item;)Z to md8d6fe1$lambda$simplyswords$tick$2$1 in simplyswords-common.mixins.json:ServerPlayerEntityMixin
[07Oct2025 19:36:53.289] [main/DEBUG] [mixin/]: Renaming synthetic method lambda$simplyswords$tick$1(Lnet/minecraft/world/entity/player/Player;Lnet/minecraft/world/entity/Entity;)D to md8d6fe1$lambda$simplyswords$tick$1$2 in simplyswords-common.mixins.json:ServerPlayerEntityMixin
[07Oct2025 19:36:53.289] [main/DEBUG] [mixin/]: Renaming synthetic method lambda$simplyswords$tick$0(Lnet/minecraft/world/entity/player/Player;Lnet/minecraft/world/entity/Entity;)Z to md8d6fe1$lambda$simplyswords$tick$0$3 in simplyswords-common.mixins.json:ServerPlayerEntityMixin
[07Oct2025 19:36:53.320] [main/DEBUG] [mixin/]: Mixing ServerPlayerMixin from tombstone.mixins.json into net.minecraft.server.level.ServerPlayer
[07Oct2025 19:36:53.435] [main/DEBUG] [mixin/]: Mixing ChiseledBookShelfBlockEntityMixin from easymagic.common.mixins.json into net.minecraft.world.level.block.entity.ChiseledBookShelfBlockEntity
[07Oct2025 19:36:53.510] [main/DEBUG] [mixin/]: Mixing accessors.inventory.AccessorCraftingMenu from bookshelf.common.mixins.json into net.minecraft.world.inventory.CraftingMenu
[07Oct2025 19:36:53.510] [main/DEBUG] [mixin/]: Mixing ContainerMenuMixin from mixins.deeperdarker.json into net.minecraft.world.inventory.CraftingMenu
[07Oct2025 19:36:53.520] [main/DEBUG] [mixin/]: Mixing accessors.block.entity.AccessorSignBlockEntity from bookshelf.common.mixins.json into net.minecraft.world.level.block.entity.SignBlockEntity
[07Oct2025 19:36:53.546] [main/DEBUG] [mixin/]: Mixing multipart_entities.AABBMixin from cerbons_api-common.mixins.json into net.minecraft.world.phys.AABB
[07Oct2025 19:36:53.553] [main/DEBUG] [mixin/]: Mixing AbstractArrowMixin from alexscaves.mixins.json into net.minecraft.world.entity.projectile.AbstractArrow
[07Oct2025 19:36:53.558] [main/DEBUG] [mixin/]: Mixing multipart_entities.ProjectileMixin from cerbons_api-common.mixins.json into net.minecraft.world.entity.projectile.Projectile
[07Oct2025 19:36:53.576] [main/DEBUG] [mixin/]: Mixing accessors.MobAccessor from mixins.artifacts.common.json into net.minecraft.world.entity.Mob
[07Oct2025 19:36:53.577] [main/DEBUG] [mixin/]: Mixing accessors.entity.AccessorMob from bookshelf.common.mixins.json into net.minecraft.world.entity.Mob
[07Oct2025 19:36:53.577] [main/DEBUG] [mixin/]: Mixing MobMixin from alexscaves.mixins.json into net.minecraft.world.entity.Mob
[07Oct2025 19:36:53.578] [main/DEBUG] [mixin/]: Mixing MobAccessor from ars_nouveau.mixins.json into net.minecraft.world.entity.Mob
[07Oct2025 19:36:53.578] [main/DEBUG] [mixin/]: Mixing jar.MobAccessorMixin from ars_nouveau.mixins.json into net.minecraft.world.entity.Mob
[07Oct2025 19:36:53.578] [main/DEBUG] [mixin/]: Mixing MobMixin from tombstone.mixins.json into net.minecraft.world.entity.Mob
[07Oct2025 19:36:53.579] [main/DEBUG] [mixin/]: Renaming synthetic method lambda$methodSetTarget$2(Lnet/minecraft/world/entity/LivingEntity;Ljava/util/UUID;)Ljava/lang/Boolean; to md8d6fe1$lambda$methodSetTarget$2$0 in tombstone.mixins.json:MobMixin
[07Oct2025 19:36:53.580] [main/DEBUG] [mixin/]: Renaming synthetic method lambda$methodCanBeLeashed$1(Lnet/minecraft/world/entity/player/Player;Ljava/util/UUID;)Ljava/lang/Boolean; to md8d6fe1$lambda$methodCanBeLeashed$1$1 in tombstone.mixins.json:MobMixin
[07Oct2025 19:36:53.580] [main/DEBUG] [mixin/]: Renaming synthetic method lambda$methodTick$0(Lnet/minecraft/world/entity/Mob;Lovh/corail/tombstone/api/capability/ISpellCaster;)V to md8d6fe1$lambda$methodTick$0$2 in tombstone.mixins.json:MobMixin
[07Oct2025 19:36:53.605] [main/DEBUG] [mixin/]: Mixing MonsterMixin from tombstone.mixins.json into net.minecraft.world.entity.monster.Monster
[07Oct2025 19:36:53.634] [main/DEBUG] [mixin/]: Mixing accessor.EnchantmentMenuAccessor from easymagic.common.mixins.json into net.minecraft.world.inventory.EnchantmentMenu
[07Oct2025 19:36:53.634] [main/DEBUG] [mixin/]: Mixing ContainerMenuMixin from mixins.deeperdarker.json into net.minecraft.world.inventory.EnchantmentMenu
[07Oct2025 19:36:53.646] [main/DEBUG] [net.minecraftforge.coremod.transformer.CoreModBaseTransformer/COREMOD]: Transforming net/minecraft/world/item/ItemStack
[07Oct2025 19:36:53.647] [main/DEBUG] [mixin/]: Mixing ItemStackMixin from tombstone.mixins.json into net.minecraft.world.item.ItemStack
[07Oct2025 19:36:53.648] [main/DEBUG] [mixin/]: Mixing ItemStackMixin from mixins.deeperdarker.json into net.minecraft.world.item.ItemStack
[07Oct2025 19:36:53.661] [main/DEBUG] [mixin/]: Mixing ContainerMenuMixin from mixins.deeperdarker.json into net.minecraft.world.inventory.ChestMenu
[07Oct2025 19:36:53.700] [main/DEBUG] [mixin/]: Mixing RepairContainerMixin from goblintraders.common.mixins.json into net.minecraft.world.inventory.AnvilMenu
[07Oct2025 19:36:53.707] [main/DEBUG] [mixin/]: Mixing ContainerMenuMixin from mixins.deeperdarker.json into net.minecraft.world.inventory.ItemCombinerMenu
[07Oct2025 19:36:53.855] [main/DEBUG] [mixin/]: Mixing ContainerMenuMixin from mixins.deeperdarker.json into net.minecraft.world.inventory.LoomMenu
[07Oct2025 19:36:53.863] [main/DEBUG] [mixin/]: Mixing ContainerMenuMixin from mixins.deeperdarker.json into net.minecraft.world.inventory.CartographyTableMenu
[07Oct2025 19:36:53.867] [main/DEBUG] [mixin/]: Mixing ContainerMenuMixin from mixins.deeperdarker.json into net.minecraft.world.inventory.GrindstoneMenu
[07Oct2025 19:36:53.873] [main/DEBUG] [mixin/]: Mixing LecternTileEntityMixin from assets/camera/camera.mixins.json into net.minecraft.world.level.block.entity.LecternBlockEntity
[07Oct2025 19:36:53.881] [main/DEBUG] [mixin/]: Mixing SmithingMenuMixin from citadel.mixins.json into net.minecraft.world.inventory.SmithingMenu
[07Oct2025 19:36:53.884] [main/DEBUG] [mixin/]: Mixing ContainerMenuMixin from mixins.deeperdarker.json into net.minecraft.world.inventory.StonecutterMenu
[07Oct2025 19:36:53.949] [main/DEBUG] [mixin/]: Mixing patches.entity.MixinLightningBolt from bookshelf.common.mixins.json into net.minecraft.world.entity.LightningBolt
[07Oct2025 19:36:53.951] [main/DEBUG] [mixin/]: Mixing MixinLightningBolt from architectury-common.mixins.json into net.minecraft.world.entity.LightningBolt
[07Oct2025 19:36:53.985] [main/DEBUG] [net.minecraftforge.coremod.transformer.CoreModBaseTransformer/COREMOD]: Transforming net/minecraft/world/entity/animal/frog/Tadpole
[07Oct2025 19:36:54.018] [main/DEBUG] [mixin/]: Mixing accessor.BlockItemAccessor from puzzleslib.common.mixins.json into net.minecraft.world.item.BlockItem
[07Oct2025 19:36:54.035] [main/DEBUG] [mixin/]: Mixing HangingEntityItemMixin from mixins.deeperdarker.json into net.minecraft.world.item.HangingEntityItem
[07Oct2025 19:36:54.040] [main/DEBUG] [net.minecraftforge.coremod.transformer.CoreModBaseTransformer/COREMOD]: Transforming m_218868_ with desc ()Ljava/util/OptionalInt;
[07Oct2025 19:36:54.048] [main/DEBUG] [net.minecraftforge.coremod.transformer.CoreModBaseTransformer/COREMOD]: Transforming net/minecraft/world/item/BucketItem
[07Oct2025 19:36:54.048] [main/DEBUG] [mixin/]: Mixing inject.MixinBucketItem from architectury-common.mixins.json into net.minecraft.world.item.BucketItem
[07Oct2025 19:36:54.054] [main/DEBUG] [mixin/]: Mixing BundleItemMixin from tombstone.mixins.json into net.minecraft.world.item.BundleItem
[07Oct2025 19:36:54.054] [main/DEBUG] [mixin/]: Renaming synthetic method lambda$getEnchantmentLevel$0(Lnet/minecraft/world/item/ItemStack;Lovh/corail/tombstone/api/capability/ISoulConsumer;)Ljava/lang/Boolean; to md8d6fe1$lambda$getEnchantmentLevel$0$0 in tombstone.mixins.json:BundleItemMixin
[07Oct2025 19:36:54.057] [main/DEBUG] [mixin/]: Mixing item.wearable.anglershat.FishingRodItemMixin from mixins.artifacts.common.json into net.minecraft.world.item.FishingRodItem
[07Oct2025 19:36:54.063] [main/DEBUG] [net.minecraftforge.coremod.transformer.CoreModBaseTransformer/COREMOD]: Transforming m_7373_ with desc (Lnet/minecraft/world/item/ItemStack;Lnet/minecraft/world/level/Level;Ljava/util/List;Lnet/minecraft/world/item/TooltipFlag;)V
[07Oct2025 19:36:54.078] [main/DEBUG] [mixin/]: Mixing MixinShearsItem from curios.mixins.json into net.minecraft.world.item.ShearsItem
[07Oct2025 19:36:54.081] [main/DEBUG] [mixin/]: Mixing PotionItemMixin from tombstone.mixins.json into net.minecraft.world.item.PotionItem
[07Oct2025 19:36:54.081] [main/DEBUG] [mixin/]: Renaming synthetic method lambda$effectList$0(Lnet/minecraft/world/effect/MobEffectInstance;)Ljava/lang/Integer; to md8d6fe1$lambda$effectList$0$0 in tombstone.mixins.json:PotionItemMixin
[07Oct2025 19:36:54.088] [main/DEBUG] [mixin/]: Mixing EnderEyeUseMixin from mixins.bosses_of_mass_destruction.json into net.minecraft.world.item.EnderEyeItem
[07Oct2025 19:36:54.091] [main/DEBUG] [mixin/]: Mixing SpawnEggItemMixin from goblintraders.common.mixins.json into net.minecraft.world.item.SpawnEggItem
[07Oct2025 19:36:54.091] [main/DEBUG] [mixin/]: Renaming @Accessor method goblinTradersGetEggMap()Ljava/util/Map; to goblinTradersGetEggMap_$md$8d6fe1$0 in goblintraders.common.mixins.json:SpawnEggItemMixin
[07Oct2025 19:36:54.094] [main/DEBUG] [net.minecraftforge.coremod.transformer.CoreModBaseTransformer/COREMOD]: Transforming m_7626_ with desc (Lnet/minecraft/world/item/ItemStack;)Lnet/minecraft/network/chat/Component;
[07Oct2025 19:36:54.113] [main/DEBUG] [mixin/]: Mixing CrossbowMixin from ars_nouveau.mixins.json into net.minecraft.world.item.CrossbowItem
[07Oct2025 19:36:54.127] [main/DEBUG] [mixin/]: Mixing inject.MixinItemProperties from architectury-common.mixins.json into net.minecraft.world.item.Item$Properties
[07Oct2025 19:36:54.146] [main/DEBUG] [mixin/]: Mixing AbstractMinecartMixin from alexscaves.mixins.json into net.minecraft.world.entity.vehicle.AbstractMinecart
[07Oct2025 19:36:54.207] [main/DEBUG] [net.minecraftforge.coremod.transformer.CoreModBaseTransformer/COREMOD]: Transforming m_7088_ with desc ()Z
[07Oct2025 19:36:54.218] [main/DEBUG] [mixin/]: Mixing perf.dynamic_dfu.EntityTypeBuilderMixin from modernfix-common.mixins.json into net.minecraft.world.entity.EntityType$Builder
[07Oct2025 19:36:54.239] [main/DEBUG] [mixin/]: Mixing perf.ticking_chunk_alloc.BatMixin from modernfix-common.mixins.json into net.minecraft.world.entity.ambient.Bat
[07Oct2025 19:36:54.252] [main/DEBUG] [mixin/]: Mixing HurtByTargetGoalMixin from tombstone.mixins.json into net.minecraft.world.entity.ai.goal.target.HurtByTargetGoal
[07Oct2025 19:36:54.254] [main/DEBUG] [mixin/]: Mixing accessor.TargetGoalAccessor from tombstone.mixins.json into net.minecraft.world.entity.ai.goal.target.TargetGoal
[07Oct2025 19:36:54.286] [main/DEBUG] [net.minecraftforge.coremod.transformer.CoreModBaseTransformer/COREMOD]: Transforming net/minecraft/world/entity/monster/Spider
[07Oct2025 19:36:54.331] [main/DEBUG] [net.minecraftforge.coremod.transformer.CoreModBaseTransformer/COREMOD]: Transforming net/minecraft/world/entity/monster/Zombie
[07Oct2025 19:36:54.369] [main/DEBUG] [mixin/]: Mixing ZombieInvoker from ars_elemental.mixins.json into net.minecraft.world.entity.monster.Zombie
[07Oct2025 19:36:54.370] [main/DEBUG] [mixin/]: Mixing ZombieMixin from tombstone.mixins.json into net.minecraft.world.entity.monster.Zombie
[07Oct2025 19:36:54.375] [main/DEBUG] [net.minecraftforge.coremod.transformer.CoreModBaseTransformer/COREMOD]: Transforming net/minecraft/world/entity/monster/ZombieVillager
[07Oct2025 19:36:54.427] [main/DEBUG] [net.minecraftforge.coremod.transformer.CoreModBaseTransformer/COREMOD]: Transforming net/minecraft/world/entity/monster/Evoker$EvokerSummonSpellGoal
[07Oct2025 19:36:54.443] [main/DEBUG] [mixin/]: Mixing FoxInvoker from ars_elemental.mixins.json into net.minecraft.world.entity.animal.Fox
[07Oct2025 19:36:54.455] [main/DEBUG] [mixin/]: Mixing FrogMixin from alexscaves.mixins.json into net.minecraft.world.entity.animal.frog.Frog
[07Oct2025 19:36:54.467] [main/DEBUG] [net.minecraftforge.coremod.transformer.CoreModBaseTransformer/COREMOD]: Transforming m_218868_ with desc ()Ljava/util/OptionalInt;
[07Oct2025 19:36:54.478] [main/DEBUG] [mixin/]: Mixing ContainerMenuMixin from mixins.deeperdarker.json into net.minecraft.world.inventory.HopperMenu
[07Oct2025 19:36:54.511] [main/DEBUG] [mixin/]: Mixing PaintingMixin from mixins.deeperdarker.json into net.minecraft.world.entity.decoration.Painting
[07Oct2025 19:36:54.527] [main/DEBUG] [mixin/]: Mixing PhantomMixin from mixins.deeperdarker.json into net.minecraft.world.entity.monster.Phantom
[07Oct2025 19:36:54.549] [main/DEBUG] [mixin/]: Mixing PufferfishAccessor from ars_nouveau.mixins.json into net.minecraft.world.entity.animal.Pufferfish
[07Oct2025 19:36:54.550] [main/DEBUG] [mixin/]: Renaming @Accessor method targetConditions()Lnet/minecraft/world/entity/ai/targeting/TargetingConditions; to targetConditions_$md$8d6fe1$0 in ars_nouveau.mixins.json:PufferfishAccessor
[07Oct2025 19:36:54.570] [main/DEBUG] [net.minecraftforge.coremod.transformer.CoreModBaseTransformer/COREMOD]: Transforming net/minecraft/world/entity/animal/horse/SkeletonTrapGoal
[07Oct2025 19:36:54.587] [main/DEBUG] [net.minecraftforge.coremod.transformer.CoreModBaseTransformer/COREMOD]: Transforming net/minecraft/world/entity/monster/Strider
[07Oct2025 19:36:54.651] [main/DEBUG] [mixin/]: Mixing WardenMixin from mixins.deeperdarker.json into net.minecraft.world.entity.monster.warden.Warden
[07Oct2025 19:36:54.661] [main/DEBUG] [mixin/]: Mixing perf.ticking_chunk_alloc.ChunkAccessMixin from modernfix-common.mixins.json into net.minecraft.world.level.chunk.ChunkAccess
[07Oct2025 19:36:54.685] [main/DEBUG] [net.minecraftforge.coremod.transformer.CoreModBaseTransformer/COREMOD]: Transforming net/minecraft/world/entity/npc/Villager
[07Oct2025 19:36:54.739] [main/DEBUG] [mixin/]: Mixing item.wearable.villagerhat.VillagerMixin from mixins.artifacts.common.json into net.minecraft.world.entity.npc.Villager
[07Oct2025 19:36:54.740] [main/DEBUG] [mixin/]: Mixing accessor.VillagerAccessor from tombstone.mixins.json into net.minecraft.world.entity.npc.Villager
[07Oct2025 19:36:54.749] [main/DEBUG] [mixin/]: Mixing MerchantMenuMixin from goblintraders.common.mixins.json into net.minecraft.world.inventory.MerchantMenu
[07Oct2025 19:36:54.749] [main/DEBUG] [mixin/]: Renaming synthetic method lambda$goblinTraders$isMatching$0(Ljava/util/Map;Ljava/util/Map$Entry;)Z to md8d6fe1$lambda$goblinTraders$isMatching$0$0 in goblintraders.common.mixins.json:MerchantMenuMixin
[07Oct2025 19:36:54.790] [main/DEBUG] [mixin/]: Mixing inject.MixinFoodPropertiesBuilder from architectury-common.mixins.json into net.minecraft.world.food.FoodProperties$Builder
[07Oct2025 19:36:54.792] [main/DEBUG] [net.minecraftforge.coremod.transformer.CoreModBaseTransformer/COREMOD]: Transforming net/minecraft/world/effect/MobEffectInstance
[07Oct2025 19:36:54.792] [main/DEBUG] [mixin/]: Mixing accessors.effect.AccessorMobEffectInstance from bookshelf.common.mixins.json into net.minecraft.world.effect.MobEffectInstance
[07Oct2025 19:36:54.846] [main/DEBUG] [mixin/]: Mixing bugfix.forge_vehicle_packets.ServerGamePacketListenerImplMixin from modernfix-forge.mixins.json into net.minecraft.server.network.ServerGamePacketListenerImpl
[07Oct2025 19:36:54.849] [main/DEBUG] [mixin/]: Mixing item.umbrella.server.ServerGamePacketListenerImplMixin from mixins.artifacts.common.json into net.minecraft.server.network.ServerGamePacketListenerImpl
[07Oct2025 19:36:54.850] [main/DEBUG] [mixin/]: Mixing swimming.server.ServerGamePacketListenerImplMixin from expandability-common.mixins.json into net.minecraft.server.network.ServerGamePacketListenerImpl
[07Oct2025 19:36:54.880] [main/DEBUG] [mixin/]: Mixing PotionRecipeMixin from ars_nouveau.mixins.json into net.minecraft.world.item.alchemy.PotionBrewing
[07Oct2025 19:36:54.880] [main/DEBUG] [mixin/]: Renaming @Accessor method mixList()Ljava/util/List; to mixList_$md$8d6fe1$0 in ars_nouveau.mixins.json:PotionRecipeMixin
[07Oct2025 19:36:54.880] [main/DEBUG] [mixin/]: Mixing PotionBrewingMixin from ars_elemental.mixins.json into net.minecraft.world.item.alchemy.PotionBrewing
[07Oct2025 19:36:54.881] [main/DEBUG] [mixin/]: Mixing accessor.PotionBrewingForgeAccessor from puzzleslib.forge.mixins.json into net.minecraft.world.item.alchemy.PotionBrewing
[07Oct2025 19:36:54.881] [main/DEBUG] [mixin/]: Renaming @Accessor method puzzleslib$getPotionMixes()Ljava/util/List; to puzzleslib$getPotionMixes_$md$8d6fe1$1 in puzzleslib.forge.mixins.json:accessor.PotionBrewingForgeAccessor
[07Oct2025 19:36:54.881] [main/DEBUG] [mixin/]: Renaming @Accessor method puzzleslib$getContainerMixes()Ljava/util/List; to puzzleslib$getContainerMixes_$md$8d6fe1$2 in puzzleslib.forge.mixins.json:accessor.PotionBrewingForgeAccessor
[07Oct2025 19:36:54.881] [main/DEBUG] [mixin/]: Renaming @Accessor method puzzleslib$getAllowedContainers()Ljava/util/List; to puzzleslib$getAllowedContainers_$md$8d6fe1$3 in puzzleslib.forge.mixins.json:accessor.PotionBrewingForgeAccessor
[07Oct2025 19:36:54.893] [main/DEBUG] [mixin/]: Mixing perf.nbt_memory_usage.CompoundTagMixin from modernfix-common.mixins.json into net.minecraft.nbt.CompoundTag
[07Oct2025 19:36:54.902] [main/DEBUG] [mixin/]: Mixing perf.nbt_memory_usage.CompoundTag1Mixin from modernfix-common.mixins.json into net.minecraft.nbt.CompoundTag$1
[07Oct2025 19:36:54.968] [main/DEBUG] [mixin/]: Mixing ContainerMenuMixin from mixins.deeperdarker.json into net.minecraft.world.inventory.AbstractFurnaceMenu
[07Oct2025 19:36:54.977] [main/DEBUG] [mixin/]: Mixing ContainerMenuMixin from mixins.deeperdarker.json into net.minecraft.world.inventory.DispenserMenu
[07Oct2025 19:36:54.983] [main/DEBUG] [mixin/]: Mixing ContainerMenuMixin from mixins.deeperdarker.json into net.minecraft.world.inventory.BrewingStandMenu
[07Oct2025 19:36:54.987] [main/DEBUG] [mixin/]: Mixing ContainerMenuMixin from mixins.deeperdarker.json into net.minecraft.world.inventory.BeaconMenu
[07Oct2025 19:36:54.992] [main/DEBUG] [mixin/]: Mixing structure.StructureProcessorAccessor from ars_nouveau.mixins.json into net.minecraft.world.level.levelgen.structure.templatesystem.StructureProcessor
[07Oct2025 19:36:54.999] [main/DEBUG] [mixin/]: Mixing ContainerMenuMixin from mixins.deeperdarker.json into net.minecraft.world.inventory.ShulkerBoxMenu
[07Oct2025 19:36:55.022] [main/DEBUG] [mixin/]: Mixing perf.dynamic_structure_manager.StructureManagerMixin from modernfix-common.mixins.json into net.minecraft.world.level.levelgen.structure.templatesystem.StructureTemplateManager
[07Oct2025 19:36:55.023] [main/DEBUG] [mixin/]: Mixing perf.cache_upgraded_structures.StructureManagerMixin from modernfix-common.mixins.json into net.minecraft.world.level.levelgen.structure.templatesystem.StructureTemplateManager
[07Oct2025 19:36:55.031] [main/DEBUG] [mixin/]: Mixing ChunkGeneratorMixin from citadel.mixins.json into net.minecraft.world.level.chunk.ChunkGenerator
[07Oct2025 19:36:55.058] [main/DEBUG] [mixin/]: Mixing MixinInventory from curios.mixins.json into net.minecraft.world.entity.player.Inventory
[07Oct2025 19:36:55.065] [main/DEBUG] [mixin/]: Mixing SlotMixin from chisel.mixins.json into net.minecraft.world.inventory.Slot
[07Oct2025 19:36:55.076] [main/DEBUG] [mixin/]: Mixing MerchantResultSlotMixin from goblintraders.common.mixins.json into net.minecraft.world.inventory.MerchantResultSlot
[07Oct2025 19:36:55.087] [main/DEBUG] [mixin/]: Mixing accessors.item.crafting.AccessorShapedRecipe from bookshelf.common.mixins.json into net.minecraft.world.item.crafting.ShapedRecipe
[07Oct2025 19:36:55.087] [main/DEBUG] [mixin/]: Renaming @Invoker method bookshelf$keyFromJson(Lcom/google/gson/JsonObject;)Ljava/util/Map; to bookshelf$keyFromJson_$md$8d6fe1$0 in bookshelf.common.mixins.json:accessors.item.crafting.AccessorShapedRecipe
[07Oct2025 19:36:55.087] [main/DEBUG] [mixin/]: Renaming @Invoker method bookshelf$shrink([Ljava/lang/String;)[Ljava/lang/String; to bookshelf$shrink_$md$8d6fe1$1 in bookshelf.common.mixins.json:accessors.item.crafting.AccessorShapedRecipe
[07Oct2025 19:36:55.087] [main/DEBUG] [mixin/]: Renaming @Invoker method bookshelf$patternFromJson(Lcom/google/gson/JsonArray;)[Ljava/lang/String; to bookshelf$patternFromJson_$md$8d6fe1$2 in bookshelf.common.mixins.json:accessors.item.crafting.AccessorShapedRecipe
[07Oct2025 19:36:55.088] [main/DEBUG] [mixin/]: Renaming @Invoker method bookshelf$dissolvePattern([Ljava/lang/String;Ljava/util/Map;II)Lnet/minecraft/core/NonNullList; to bookshelf$dissolvePattern_$md$8d6fe1$3 in bookshelf.common.mixins.json:accessors.item.crafting.AccessorShapedRecipe
[07Oct2025 19:36:55.088] [main/DEBUG] [mixin/]: Mixing accessor.ShapedRecipeAccessor from tombstone.mixins.json into net.minecraft.world.item.crafting.ShapedRecipe
[07Oct2025 19:36:55.185] [main/DEBUG] [mixin/]: Mixing EnchantRandomlyFunctionMixin from alexscaves.mixins.json into net.minecraft.world.level.storage.loot.functions.EnchantRandomlyFunction
[07Oct2025 19:36:55.186] [main/DEBUG] [mixin/]: Renaming synthetic method lambda$ac_enchantItem$0(ZLnet/minecraft/world/item/ItemStack;Lnet/minecraft/world/item/enchantment/Enchantment;)Z to md8d6fe1$lambda$ac_enchantItem$0$0 in alexscaves.mixins.json:EnchantRandomlyFunctionMixin
[07Oct2025 19:36:55.204] [main/DEBUG] [mixin/]: Mixing MixinApplyBonusCount from curios.mixins.json into net.minecraft.world.level.storage.loot.functions.ApplyBonusCount
[07Oct2025 19:36:55.255] [main/DEBUG] [mixin/]: Mixing accessors.util.random.AccessorWeightedRandomList from bookshelf.common.mixins.json into net.minecraft.util.random.WeightedRandomList
[07Oct2025 19:36:55.336] [main/DEBUG] [mixin/]: Mixing MultifaceGrowthFeatureMixin from alexscaves.mixins.json into net.minecraft.world.level.levelgen.feature.MultifaceGrowthFeature
[07Oct2025 19:36:55.342] [main/DEBUG] [mixin/]: Mixing gen.NoLakesInStructuresMixin from iceandfire.mixins.json into net.minecraft.world.level.levelgen.feature.LakeFeature
[07Oct2025 19:36:55.347] [main/DEBUG] [mixin/]: Mixing SeagrassFeatureMixin from alexscaves.mixins.json into net.minecraft.world.level.levelgen.feature.SeagrassFeature
[07Oct2025 19:36:55.348] [main/DEBUG] [mixin/]: Mixing KelpFeatureMixin from alexscaves.mixins.json into net.minecraft.world.level.levelgen.feature.KelpFeature
[07Oct2025 19:36:55.350] [main/DEBUG] [mixin/]: Mixing CoralFeatureMixin from alexscaves.mixins.json into net.minecraft.world.level.levelgen.feature.CoralFeature
[07Oct2025 19:36:55.372] [main/DEBUG] [mixin/]: Mixing common.PlacedFeatureAccessor from lithostitched.mixins.json into net.minecraft.world.level.levelgen.placement.PlacedFeature
[07Oct2025 19:36:55.466] [main/DEBUG] [mixin/]: Mixing common.StructureSetAccessor from lithostitched.mixins.json into net.minecraft.world.level.levelgen.structure.StructureSet
[07Oct2025 19:36:55.469] [main/DEBUG] [net.minecraftforge.coremod.transformer.CoreModBaseTransformer/COREMOD]: Transforming net/minecraft/world/level/levelgen/structure/Structure
[07Oct2025 19:36:55.512] [main/DEBUG] [net.minecraftforge.coremod.transformer.CoreModBaseTransformer/COREMOD]: Transforming net/minecraft/world/level/levelgen/structure/structures/OceanRuinPieces$OceanRuinPiece
[07Oct2025 19:36:55.526] [main/DEBUG] [net.minecraftforge.coremod.transformer.CoreModBaseTransformer/COREMOD]: Transforming net/minecraft/world/level/levelgen/structure/structures/SwampHutPiece
[07Oct2025 19:36:55.537] [main/DEBUG] [net.minecraftforge.coremod.transformer.CoreModBaseTransformer/COREMOD]: Transforming net/minecraft/world/level/levelgen/structure/structures/OceanMonumentPieces$OceanMonumentPiece
[07Oct2025 19:36:55.555] [main/DEBUG] [net.minecraftforge.coremod.transformer.CoreModBaseTransformer/COREMOD]: Transforming net/minecraft/world/level/levelgen/structure/structures/WoodlandMansionPieces$WoodlandMansionPiece
[07Oct2025 19:36:55.584] [main/DEBUG] [mixin/]: Mixing JigsawStructureMixin from alexscaves.mixins.json into net.minecraft.world.level.levelgen.structure.structures.JigsawStructure
[07Oct2025 19:36:55.588] [main/DEBUG] [mixin/]: Mixing common.StructureTemplatePoolAccessor from lithostitched.mixins.json into net.minecraft.world.level.levelgen.structure.pools.StructureTemplatePool
[07Oct2025 19:36:55.588] [main/DEBUG] [mixin/]: Mixing common.StructureTemplatePoolMixin from lithostitched.mixins.json into net.minecraft.world.level.levelgen.structure.pools.StructureTemplatePool
[07Oct2025 19:36:55.589] [main/DEBUG] [mixin/]: Renaming synthetic method lambda$lithostitched$addStructurePoolElementWeightedList$0(Lcom/mojang/datafixers/util/Pair;)V to md8d6fe1$lambda$lithostitched$addStructurePoolElementWeightedList$0$0 in lithostitched.mixins.json:common.StructureTemplatePoolMixin
[07Oct2025 19:36:55.590] [main/DEBUG] [mixin/]: Mixing accessors.world.AccessorStructureTemplatePool from bookshelf.common.mixins.json into net.minecraft.world.level.levelgen.structure.pools.StructureTemplatePool
[07Oct2025 19:36:55.602] [main/DEBUG] [mixin/]: Mixing OceanMonumentStructureMixin from alexscaves.mixins.json into net.minecraft.world.level.levelgen.structure.structures.OceanMonumentStructure
[07Oct2025 19:36:55.612] [main/DEBUG] [mixin/]: Mixing ShipwreckStructureMixin from alexscaves.mixins.json into net.minecraft.world.level.levelgen.structure.structures.ShipwreckStructure
[07Oct2025 19:36:55.674] [main/DEBUG] [mixin/]: Mixing BiomeSourceMixin from alexscaves.mixins.json into net.minecraft.world.level.biome.BiomeSource
[07Oct2025 19:36:55.680] [main/DEBUG] [net.minecraftforge.coremod.transformer.CoreModBaseTransformer/COREMOD]: Transforming net/minecraft/world/level/biome/Biome
[07Oct2025 19:36:55.680] [main/DEBUG] [mixin/]: Mixing perf.remove_biome_temperature_cache.BiomeMixin from modernfix-common.mixins.json into net.minecraft.world.level.biome.Biome
[07Oct2025 19:36:55.703] [main/DEBUG] [mixin/]: Mixing accessor.MobSpawnSettingsBuilderForgeAccessor from puzzleslib.forge.mixins.json into net.minecraft.world.level.biome.MobSpawnSettings$Builder
[07Oct2025 19:36:55.715] [main/DEBUG] [mixin/]: Mixing MultiNoiseBiomeSourceMixin from alexscaves.mixins.json into net.minecraft.world.level.biome.MultiNoiseBiomeSource
[07Oct2025 19:36:55.739] [main/DEBUG] [mixin/]: Mixing NoiseGeneratorSettingsMixin from citadel.mixins.json into net.minecraft.world.level.levelgen.NoiseGeneratorSettings
[07Oct2025 19:36:55.934] [main/DEBUG] [net.minecraftforge.common.ForgeI18n/CORE]: Loading I18N data entries: 6430
[07Oct2025 19:36:55.950] [main/DEBUG] [net.minecraftforge.fml.ModWorkManager/LOADING]: Using 4 threads for parallel mod-loading
[07Oct2025 19:36:55.955] [main/DEBUG] [net.minecraftforge.fml.javafmlmod.FMLJavaModLanguageProvider/LOADING]: Loading FMLModContainer from classloader cpw.mods.modlauncher.TransformingClassLoader@16f0ec18 - got cpw.mods.cl.ModuleClassLoader@53692008
[07Oct2025 19:36:55.956] [main/DEBUG] [net.minecraftforge.fml.javafmlmod.FMLModContainer/LOADING]: Creating FMLModContainer instance for software.bernie.example.GeckoLibMod
[07Oct2025 19:36:55.958] [main/DEBUG] [net.minecraftforge.fml.javafmlmod.FMLJavaModLanguageProvider/LOADING]: Loading FMLModContainer from classloader cpw.mods.modlauncher.TransformingClassLoader@16f0ec18 - got cpw.mods.cl.ModuleClassLoader@53692008
[07Oct2025 19:36:55.958] [main/DEBUG] [net.minecraftforge.fml.javafmlmod.FMLModContainer/LOADING]: Creating FMLModContainer instance for fuzs.easymagic.EasyMagicForge
[07Oct2025 19:36:55.958] [main/DEBUG] [net.minecraftforge.fml.javafmlmod.FMLJavaModLanguageProvider/LOADING]: Loading FMLModContainer from classloader cpw.mods.modlauncher.TransformingClassLoader@16f0ec18 - got cpw.mods.cl.ModuleClassLoader@53692008
[07Oct2025 19:36:55.959] [main/DEBUG] [net.minecraftforge.fml.javafmlmod.FMLModContainer/LOADING]: Creating FMLModContainer instance for dev.worldgen.lithostitched.LithostitchedForge
[07Oct2025 19:36:55.959] [main/DEBUG] [net.minecraftforge.fml.javafmlmod.FMLJavaModLanguageProvider/LOADING]: Loading FMLModContainer from classloader cpw.mods.modlauncher.TransformingClassLoader@16f0ec18 - got cpw.mods.cl.ModuleClassLoader@53692008
[07Oct2025 19:36:55.959] [main/DEBUG] [net.minecraftforge.fml.javafmlmod.FMLModContainer/LOADING]: Creating FMLModContainer instance for com.mrcrayfish.goblintraders.GoblinTraders
[07Oct2025 19:36:55.960] [main/DEBUG] [net.minecraftforge.fml.javafmlmod.FMLJavaModLanguageProvider/LOADING]: Loading FMLModContainer from classloader cpw.mods.modlauncher.TransformingClassLoader@16f0ec18 - got cpw.mods.cl.ModuleClassLoader@53692008
[07Oct2025 19:36:55.960] [main/DEBUG] [net.minecraftforge.fml.javafmlmod.FMLModContainer/LOADING]: Creating FMLModContainer instance for com.mcwwindows.kikoz.MacawsWindows
[07Oct2025 19:36:55.960] [main/DEBUG] [net.minecraftforge.fml.javafmlmod.FMLJavaModLanguageProvider/LOADING]: Loading FMLModContainer from classloader cpw.mods.modlauncher.TransformingClassLoader@16f0ec18 - got cpw.mods.cl.ModuleClassLoader@53692008
[07Oct2025 19:36:55.960] [main/DEBUG] [net.minecraftforge.fml.javafmlmod.FMLModContainer/LOADING]: Creating FMLModContainer instance for com.obscuria.obscureapi.ObscureAPI
[07Oct2025 19:36:55.961] [main/DEBUG] [net.minecraftforge.fml.javafmlmod.FMLJavaModLanguageProvider/LOADING]: Loading FMLModContainer from classloader cpw.mods.modlauncher.TransformingClassLoader@16f0ec18 - got cpw.mods.cl.ModuleClassLoader@53692008
[07Oct2025 19:36:55.961] [main/DEBUG] [net.minecraftforge.fml.javafmlmod.FMLModContainer/LOADING]: Creating FMLModContainer instance for journeymap.common.Journeymap
[07Oct2025 19:36:55.962] [main/DEBUG] [net.minecraftforge.fml.javafmlmod.FMLJavaModLanguageProvider/LOADING]: Loading FMLModContainer from classloader cpw.mods.modlauncher.TransformingClassLoader@16f0ec18 - got cpw.mods.cl.ModuleClassLoader@53692008
[07Oct2025 19:36:55.962] [main/DEBUG] [net.minecraftforge.fml.javafmlmod.FMLModContainer/LOADING]: Creating FMLModContainer instance for org.embeddedt.modernfix.forge.init.ModernFixForge
[07Oct2025 19:36:55.963] [main/DEBUG] [net.minecraftforge.fml.javafmlmod.FMLJavaModLanguageProvider/LOADING]: Loading FMLModContainer from classloader cpw.mods.modlauncher.TransformingClassLoader@16f0ec18 - got cpw.mods.cl.ModuleClassLoader@53692008
[07Oct2025 19:36:55.963] [main/DEBUG] [net.minecraftforge.fml.javafmlmod.FMLModContainer/LOADING]: Creating FMLModContainer instance for mezz.jei.forge.JustEnoughItems
[07Oct2025 19:36:55.963] [main/DEBUG] [net.minecraftforge.fml.javafmlmod.FMLJavaModLanguageProvider/LOADING]: Loading FMLModContainer from classloader cpw.mods.modlauncher.TransformingClassLoader@16f0ec18 - got cpw.mods.cl.ModuleClassLoader@53692008
[07Oct2025 19:36:55.963] [main/DEBUG] [net.minecraftforge.fml.javafmlmod.FMLModContainer/LOADING]: Creating FMLModContainer instance for com.github.alexthe666.citadel.Citadel
[07Oct2025 19:36:55.964] [main/DEBUG] [net.minecraftforge.fml.javafmlmod.FMLJavaModLanguageProvider/LOADING]: Loading FMLModContainer from classloader cpw.mods.modlauncher.TransformingClassLoader@16f0ec18 - got cpw.mods.cl.ModuleClassLoader@53692008
[07Oct2025 19:36:55.964] [main/DEBUG] [net.minecraftforge.fml.javafmlmod.FMLModContainer/LOADING]: Creating FMLModContainer instance for com.tiviacz.travelersbackpack.TravelersBackpack
[07Oct2025 19:36:55.965] [main/DEBUG] [net.minecraftforge.fml.javafmlmod.FMLJavaModLanguageProvider/LOADING]: Loading FMLModContainer from classloader cpw.mods.modlauncher.TransformingClassLoader@16f0ec18 - got cpw.mods.cl.ModuleClassLoader@53692008
[07Oct2025 19:36:55.965] [main/DEBUG] [net.minecraftforge.fml.javafmlmod.FMLModContainer/LOADING]: Creating FMLModContainer instance for artifacts.forge.ArtifactsForge
[07Oct2025 19:36:55.965] [main/DEBUG] [net.minecraftforge.fml.javafmlmod.FMLJavaModLanguageProvider/LOADING]: Loading FMLModContainer from classloader cpw.mods.modlauncher.TransformingClassLoader@16f0ec18 - got cpw.mods.cl.ModuleClassLoader@53692008
[07Oct2025 19:36:55.966] [main/DEBUG] [net.minecraftforge.fml.javafmlmod.FMLModContainer/LOADING]: Creating FMLModContainer instance for com.llamalad7.mixinextras.platform.forge.MixinExtrasMod
[07Oct2025 19:36:55.966] [main/DEBUG] [net.minecraftforge.fml.javafmlmod.FMLJavaModLanguageProvider/LOADING]: Loading FMLModContainer from classloader cpw.mods.modlauncher.TransformingClassLoader@16f0ec18 - got cpw.mods.cl.ModuleClassLoader@53692008
[07Oct2025 19:36:55.966] [main/DEBUG] [net.minecraftforge.fml.javafmlmod.FMLModContainer/LOADING]: Creating FMLModContainer instance for net.darkhax.bookshelf.BookshelfForge
[07Oct2025 19:36:55.967] [main/DEBUG] [net.minecraftforge.fml.javafmlmod.FMLJavaModLanguageProvider/LOADING]: Loading FMLModContainer from classloader cpw.mods.modlauncher.TransformingClassLoader@16f0ec18 - got cpw.mods.cl.ModuleClassLoader@53692008
[07Oct2025 19:36:55.967] [main/DEBUG] [net.minecraftforge.fml.javafmlmod.FMLModContainer/LOADING]: Creating FMLModContainer instance for com.mcwdoors.kikoz.MacawsDoors
[07Oct2025 19:36:55.967] [main/DEBUG] [net.minecraftforge.fml.javafmlmod.FMLJavaModLanguageProvider/LOADING]: Loading FMLModContainer from classloader cpw.mods.modlauncher.TransformingClassLoader@16f0ec18 - got cpw.mods.cl.ModuleClassLoader@53692008
[07Oct2025 19:36:55.967] [main/DEBUG] [net.minecraftforge.fml.javafmlmod.FMLModContainer/LOADING]: Creating FMLModContainer instance for com.github.alexthe666.iceandfire.IceAndFire
[07Oct2025 19:36:55.969] [main/DEBUG] [net.minecraftforge.fml.javafmlmod.FMLJavaModLanguageProvider/LOADING]: Loading FMLModContainer from classloader cpw.mods.modlauncher.TransformingClassLoader@16f0ec18 - got cpw.mods.cl.ModuleClassLoader@53692008
[07Oct2025 19:36:55.969] [main/DEBUG] [net.minecraftforge.fml.javafmlmod.FMLModContainer/LOADING]: Creating FMLModContainer instance for com.cerbon.bosses_of_mass_destruction.BossesOfMassDestruction
[07Oct2025 19:36:55.969] [main/DEBUG] [net.minecraftforge.fml.javafmlmod.FMLJavaModLanguageProvider/LOADING]: Loading FMLModContainer from classloader cpw.mods.modlauncher.TransformingClassLoader@16f0ec18 - got cpw.mods.cl.ModuleClassLoader@53692008
[07Oct2025 19:36:55.970] [main/DEBUG] [net.minecraftforge.fml.javafmlmod.FMLModContainer/LOADING]: Creating FMLModContainer instance for fuzs.puzzlesaccessapi.impl.PuzzlesAccessApiForge
[07Oct2025 19:36:55.970] [main/DEBUG] [net.minecraftforge.fml.javafmlmod.FMLJavaModLanguageProvider/LOADING]: Loading FMLModContainer from classloader cpw.mods.modlauncher.TransformingClassLoader@16f0ec18 - got cpw.mods.cl.ModuleClassLoader@53692008
[07Oct2025 19:36:55.970] [main/DEBUG] [net.minecraftforge.fml.javafmlmod.FMLModContainer/LOADING]: Creating FMLModContainer instance for me.shedaniel.clothconfig.ClothConfigForge
[07Oct2025 19:36:55.971] [main/DEBUG] [net.minecraftforge.fml.javafmlmod.FMLJavaModLanguageProvider/LOADING]: Loading FMLModContainer from classloader cpw.mods.modlauncher.TransformingClassLoader@16f0ec18 - got cpw.mods.cl.ModuleClassLoader@53692008
[07Oct2025 19:36:55.971] [main/DEBUG] [net.minecraftforge.fml.javafmlmod.FMLModContainer/LOADING]: Creating FMLModContainer instance for twilightforest.TwilightForestMod
[07Oct2025 19:36:55.972] [main/DEBUG] [net.minecraftforge.fml.javafmlmod.FMLJavaModLanguageProvider/LOADING]: Loading FMLModContainer from classloader cpw.mods.modlauncher.TransformingClassLoader@16f0ec18 - got cpw.mods.cl.ModuleClassLoader@53692008
[07Oct2025 19:36:55.972] [main/DEBUG] [net.minecraftforge.fml.javafmlmod.FMLModContainer/LOADING]: Creating FMLModContainer instance for org.tlauncher.forge.ForgeMod
[07Oct2025 19:36:55.973] [main/DEBUG] [net.minecraftforge.fml.javafmlmod.FMLJavaModLanguageProvider/LOADING]: Loading FMLModContainer from classloader cpw.mods.modlauncher.TransformingClassLoader@16f0ec18 - got cpw.mods.cl.ModuleClassLoader@53692008
[07Oct2025 19:36:55.973] [main/DEBUG] [net.minecraftforge.fml.javafmlmod.FMLModContainer/LOADING]: Creating FMLModContainer instance for earth.terrarium.athena.forge.AthenaForge
[07Oct2025 19:36:55.973] [main/DEBUG] [net.minecraftforge.fml.javafmlmod.FMLJavaModLanguageProvider/LOADING]: Loading FMLModContainer from classloader cpw.mods.modlauncher.TransformingClassLoader@16f0ec18 - got cpw.mods.cl.ModuleClassLoader@53692008
[07Oct2025 19:36:55.974] [main/DEBUG] [net.minecraftforge.fml.javafmlmod.FMLModContainer/LOADING]: Creating FMLModContainer instance for net.aurelj.dungeons_arise.DungeonsAriseMain
[07Oct2025 19:36:55.975] [main/DEBUG] [net.minecraftforge.fml.javafmlmod.FMLJavaModLanguageProvider/LOADING]: Loading FMLModContainer from classloader cpw.mods.modlauncher.TransformingClassLoader@16f0ec18 - got cpw.mods.cl.ModuleClassLoader@53692008
[07Oct2025 19:36:55.975] [main/DEBUG] [net.minecraftforge.fml.javafmlmod.FMLModContainer/LOADING]: Creating FMLModContainer instance for earth.terrarium.handcrafted.forge.HandcraftedForge
[07Oct2025 19:36:55.975] [main/DEBUG] [net.minecraftforge.fml.javafmlmod.FMLJavaModLanguageProvider/LOADING]: Loading FMLModContainer from classloader cpw.mods.modlauncher.TransformingClassLoader@16f0ec18 - got cpw.mods.cl.ModuleClassLoader@53692008
[07Oct2025 19:36:55.975] [main/DEBUG] [net.minecraftforge.fml.javafmlmod.FMLModContainer/LOADING]: Creating FMLModContainer instance for com.github.alexmodguy.alexscaves.AlexsCaves
[07Oct2025 19:36:55.976] [main/DEBUG] [net.minecraftforge.fml.javafmlmod.FMLJavaModLanguageProvider/LOADING]: Loading FMLModContainer from classloader cpw.mods.modlauncher.TransformingClassLoader@16f0ec18 - got cpw.mods.cl.ModuleClassLoader@53692008
[07Oct2025 19:36:55.976] [main/DEBUG] [net.minecraftforge.fml.javafmlmod.FMLModContainer/LOADING]: Creating FMLModContainer instance for de.maxhenkel.voicechat.ForgeVoicechatMod
[07Oct2025 19:36:55.977] [main/DEBUG] [net.minecraftforge.fml.javafmlmod.FMLJavaModLanguageProvider/LOADING]: Loading FMLModContainer from classloader cpw.mods.modlauncher.TransformingClassLoader@16f0ec18 - got cpw.mods.cl.ModuleClassLoader@53692008
[07Oct2025 19:36:55.977] [main/DEBUG] [net.minecraftforge.fml.javafmlmod.FMLModContainer/LOADING]: Creating FMLModContainer instance for net.darkhax.enchdesc.EnchDescForge
[07Oct2025 19:36:55.978] [main/DEBUG] [net.minecraftforge.fml.javafmlmod.FMLJavaModLanguageProvider/LOADING]: Loading FMLModContainer from classloader cpw.mods.modlauncher.TransformingClassLoader@16f0ec18 - got cpw.mods.cl.ModuleClassLoader@53692008
[07Oct2025 19:36:55.978] [main/DEBUG] [net.minecraftforge.fml.javafmlmod.FMLModContainer/LOADING]: Creating FMLModContainer instance for forge.net.jason13.morebowsandarrows.ForgeExampleMod
[07Oct2025 19:36:55.979] [main/DEBUG] [net.minecraftforge.fml.javafmlmod.FMLJavaModLanguageProvider/LOADING]: Loading FMLModContainer from classloader cpw.mods.modlauncher.TransformingClassLoader@16f0ec18 - got cpw.mods.cl.ModuleClassLoader@53692008
[07Oct2025 19:36:55.979] [main/DEBUG] [net.minecraftforge.fml.javafmlmod.FMLModContainer/LOADING]: Creating FMLModContainer instance for net.silentchaos512.lib.SilentLib
[07Oct2025 19:36:55.979] [main/DEBUG] [net.minecraftforge.fml.javafmlmod.FMLJavaModLanguageProvider/LOADING]: Loading FMLModContainer from classloader cpw.mods.modlauncher.TransformingClassLoader@16f0ec18 - got cpw.mods.cl.ModuleClassLoader@53692008
[07Oct2025 19:36:55.980] [main/DEBUG] [net.minecraftforge.fml.javafmlmod.FMLModContainer/LOADING]: Creating FMLModContainer instance for snownee.jade.util.CommonProxy
[07Oct2025 19:36:55.981] [main/DEBUG] [net.minecraftforge.fml.javafmlmod.FMLJavaModLanguageProvider/LOADING]: Loading FMLModContainer from classloader cpw.mods.modlauncher.TransformingClassLoader@16f0ec18 - got cpw.mods.cl.ModuleClassLoader@53692008
[07Oct2025 19:36:55.981] [main/DEBUG] [net.minecraftforge.fml.javafmlmod.FMLModContainer/LOADING]: Creating FMLModContainer instance for net.mcreator.borninchaosv.BornInChaosV1Mod
[07Oct2025 19:36:55.982] [main/DEBUG] [net.minecraftforge.fml.javafmlmod.FMLJavaModLanguageProvider/LOADING]: Loading FMLModContainer from classloader cpw.mods.modlauncher.TransformingClassLoader@16f0ec18 - got cpw.mods.cl.ModuleClassLoader@53692008
[07Oct2025 19:36:55.982] [main/DEBUG] [net.minecraftforge.fml.javafmlmod.FMLModContainer/LOADING]: Creating FMLModContainer instance for top.theillusivec4.curios.Curios
[07Oct2025 19:36:55.983] [main/DEBUG] [net.minecraftforge.fml.javafmlmod.FMLJavaModLanguageProvider/LOADING]: Loading FMLModContainer from classloader cpw.mods.modlauncher.TransformingClassLoader@16f0ec18 - got cpw.mods.cl.ModuleClassLoader@53692008
[07Oct2025 19:36:55.983] [main/DEBUG] [net.minecraftforge.fml.javafmlmod.FMLModContainer/LOADING]: Creating FMLModContainer instance for com.hollingsworth.arsnouveau.ArsNouveau
[07Oct2025 19:36:55.984] [main/DEBUG] [net.minecraftforge.fml.javafmlmod.FMLJavaModLanguageProvider/LOADING]: Loading FMLModContainer from classloader cpw.mods.modlauncher.TransformingClassLoader@16f0ec18 - got cpw.mods.cl.ModuleClassLoader@53692008
[07Oct2025 19:36:55.984] [main/DEBUG] [net.minecraftforge.fml.javafmlmod.FMLModContainer/LOADING]: Creating FMLModContainer instance for com.oblivioussp.spartanshields.ModSpartanShields
[07Oct2025 19:36:55.984] [main/DEBUG] [net.minecraftforge.fml.javafmlmod.FMLJavaModLanguageProvider/LOADING]: Loading FMLModContainer from classloader cpw.mods.modlauncher.TransformingClassLoader@16f0ec18 - got cpw.mods.cl.ModuleClassLoader@53692008
[07Oct2025 19:36:55.984] [main/DEBUG] [net.minecraftforge.fml.javafmlmod.FMLModContainer/LOADING]: Creating FMLModContainer instance for vazkii.patchouli.forge.common.ForgeModInitializer
[07Oct2025 19:36:55.985] [main/DEBUG] [net.minecraftforge.fml.javafmlmod.FMLJavaModLanguageProvider/LOADING]: Loading FMLModContainer from classloader cpw.mods.modlauncher.TransformingClassLoader@16f0ec18 - got cpw.mods.cl.ModuleClassLoader@53692008
[07Oct2025 19:36:55.985] [main/DEBUG] [net.minecraftforge.fml.javafmlmod.FMLModContainer/LOADING]: Creating FMLModContainer instance for com.cerbon.cerbons_api.forge.CerbonsAPIForge
[07Oct2025 19:36:55.985] [main/DEBUG] [net.minecraftforge.fml.javafmlmod.FMLJavaModLanguageProvider/LOADING]: Loading FMLModContainer from classloader cpw.mods.modlauncher.TransformingClassLoader@16f0ec18 - got cpw.mods.cl.ModuleClassLoader@53692008
[07Oct2025 19:36:55.986] [main/DEBUG] [net.minecraftforge.fml.javafmlmod.FMLModContainer/LOADING]: Creating FMLModContainer instance for de.maxhenkel.camera.Main
[07Oct2025 19:36:55.987] [main/DEBUG] [net.minecraftforge.fml.javafmlmod.FMLJavaModLanguageProvider/LOADING]: Loading FMLModContainer from classloader cpw.mods.modlauncher.TransformingClassLoader@16f0ec18 - got cpw.mods.cl.ModuleClassLoader@53692008
[07Oct2025 19:36:55.987] [main/DEBUG] [net.minecraftforge.fml.javafmlmod.FMLModContainer/LOADING]: Creating FMLModContainer instance for com.jaquadro.minecraft.storagedrawers.StorageDrawers
[07Oct2025 19:36:55.987] [main/DEBUG] [net.minecraftforge.fml.javafmlmod.FMLJavaModLanguageProvider/LOADING]: Loading FMLModContainer from classloader cpw.mods.modlauncher.TransformingClassLoader@16f0ec18 - got cpw.mods.cl.ModuleClassLoader@53692008
[07Oct2025 19:36:55.987] [main/DEBUG] [net.minecraftforge.fml.javafmlmod.FMLModContainer/LOADING]: Creating FMLModContainer instance for alexthw.ars_elemental.ArsElemental
[07Oct2025 19:36:55.988] [main/DEBUG] [net.minecraftforge.fml.javafmlmod.FMLJavaModLanguageProvider/LOADING]: Loading FMLModContainer from classloader cpw.mods.modlauncher.TransformingClassLoader@16f0ec18 - got cpw.mods.cl.ModuleClassLoader@53692008
[07Oct2025 19:36:55.988] [main/DEBUG] [net.minecraftforge.fml.javafmlmod.FMLModContainer/LOADING]: Creating FMLModContainer instance for ovh.corail.tombstone.ModTombstone
[07Oct2025 19:36:55.989] [main/DEBUG] [net.minecraftforge.fml.javafmlmod.FMLJavaModLanguageProvider/LOADING]: Loading FMLModContainer from classloader cpw.mods.modlauncher.TransformingClassLoader@16f0ec18 - got cpw.mods.cl.ModuleClassLoader@53692008
[07Oct2025 19:36:55.989] [main/DEBUG] [net.minecraftforge.fml.javafmlmod.FMLModContainer/LOADING]: Creating FMLModContainer instance for com.periut.cryonicconfig.forge.CryonicConfigForge
[07Oct2025 19:36:55.989] [main/DEBUG] [net.minecraftforge.fml.javafmlmod.FMLJavaModLanguageProvider/LOADING]: Loading FMLModContainer from classloader cpw.mods.modlauncher.TransformingClassLoader@16f0ec18 - got cpw.mods.cl.ModuleClassLoader@53692008
[07Oct2025 19:36:55.989] [main/DEBUG] [net.minecraftforge.fml.javafmlmod.FMLModContainer/LOADING]: Creating FMLModContainer instance for com.teamresourceful.resourcefullib.forge.ResourcefulLibForge
[07Oct2025 19:36:55.990] [main/DEBUG] [net.minecraftforge.fml.javafmlmod.FMLJavaModLanguageProvider/LOADING]: Loading FMLModContainer from classloader cpw.mods.modlauncher.TransformingClassLoader@16f0ec18 - got cpw.mods.cl.ModuleClassLoader@53692008
[07Oct2025 19:36:55.990] [main/DEBUG] [net.minecraftforge.fml.javafmlmod.FMLModContainer/LOADING]: Creating FMLModContainer instance for com.kyanite.deeperdarker.DeeperDarker
[07Oct2025 19:36:55.991] [main/DEBUG] [net.minecraftforge.fml.javafmlmod.FMLJavaModLanguageProvider/LOADING]: Loading FMLModContainer from classloader cpw.mods.modlauncher.TransformingClassLoader@16f0ec18 - got cpw.mods.cl.ModuleClassLoader@53692008
[07Oct2025 19:36:55.991] [main/DEBUG] [net.minecraftforge.fml.javafmlmod.FMLModContainer/LOADING]: Creating FMLModContainer instance for dev.architectury.forge.ArchitecturyForge
[07Oct2025 19:36:55.991] [main/DEBUG] [net.minecraftforge.fml.javafmlmod.FMLJavaModLanguageProvider/LOADING]: Loading FMLModContainer from classloader cpw.mods.modlauncher.TransformingClassLoader@16f0ec18 - got cpw.mods.cl.ModuleClassLoader@53692008
[07Oct2025 19:36:55.991] [main/DEBUG] [net.minecraftforge.fml.javafmlmod.FMLModContainer/LOADING]: Creating FMLModContainer instance for net.sweenus.simplyswords.forge.SimplySwordsForge
[07Oct2025 19:36:55.991] [main/DEBUG] [net.minecraftforge.fml.javafmlmod.FMLJavaModLanguageProvider/LOADING]: Loading FMLModContainer from classloader cpw.mods.modlauncher.TransformingClassLoader@16f0ec18 - got cpw.mods.cl.ModuleClassLoader@53692008
[07Oct2025 19:36:55.992] [main/DEBUG] [net.minecraftforge.fml.javafmlmod.FMLModContainer/LOADING]: Creating FMLModContainer instance for malte0811.ferritecore.ModMainForge
[07Oct2025 19:36:55.992] [main/DEBUG] [net.minecraftforge.fml.javafmlmod.FMLJavaModLanguageProvider/LOADING]: Loading FMLModContainer from classloader cpw.mods.modlauncher.TransformingClassLoader@16f0ec18 - got cpw.mods.cl.ModuleClassLoader@53692008
[07Oct2025 19:36:55.992] [main/DEBUG] [net.minecraftforge.fml.javafmlmod.FMLModContainer/LOADING]: Creating FMLModContainer instance for com.periut.chisel.forge.ChiselForge
[07Oct2025 19:36:55.992] [main/DEBUG] [net.minecraftforge.fml.javafmlmod.FMLJavaModLanguageProvider/LOADING]: Loading FMLModContainer from classloader cpw.mods.modlauncher.TransformingClassLoader@16f0ec18 - got cpw.mods.cl.ModuleClassLoader@53692008
[07Oct2025 19:36:55.992] [main/DEBUG] [net.minecraftforge.fml.javafmlmod.FMLModContainer/LOADING]: Creating FMLModContainer instance for fuzs.puzzleslib.impl.PuzzlesLibForge
[07Oct2025 19:36:55.993] [main/DEBUG] [net.minecraftforge.fml.javafmlmod.FMLJavaModLanguageProvider/LOADING]: Loading FMLModContainer from classloader cpw.mods.modlauncher.TransformingClassLoader@16f0ec18 - got cpw.mods.cl.ModuleClassLoader@53692008
[07Oct2025 19:36:55.993] [main/DEBUG] [net.minecraftforge.fml.javafmlmod.FMLModContainer/LOADING]: Creating FMLModContainer instance for com.cursee.monolib.MonoLibForge
[07Oct2025 19:36:55.993] [main/DEBUG] [net.minecraftforge.fml.javafmlmod.FMLJavaModLanguageProvider/LOADING]: Loading FMLModContainer from classloader cpw.mods.modlauncher.TransformingClassLoader@16f0ec18 - got cpw.mods.cl.ModuleClassLoader@53692008
[07Oct2025 19:36:55.993] [main/DEBUG] [net.minecraftforge.fml.javafmlmod.FMLModContainer/LOADING]: Creating FMLModContainer instance for com.mrcrayfish.framework.FrameworkForge
[07Oct2025 19:36:55.994] [main/DEBUG] [net.minecraftforge.fml.javafmlmod.FMLJavaModLanguageProvider/LOADING]: Loading FMLModContainer from classloader cpw.mods.modlauncher.TransformingClassLoader@16f0ec18 - got cpw.mods.cl.ModuleClassLoader@53692008
[07Oct2025 19:36:55.994] [main/DEBUG] [net.minecraftforge.fml.javafmlmod.FMLModContainer/LOADING]: Creating FMLModContainer instance for net.silentchaos512.scalinghealth.ScalingHealth
[07Oct2025 19:36:55.994] [main/DEBUG] [net.minecraftforge.fml.javafmlmod.FMLJavaModLanguageProvider/LOADING]: Loading FMLModContainer from classloader cpw.mods.modlauncher.TransformingClassLoader@16f0ec18 - got cpw.mods.cl.ModuleClassLoader@53692008
[07Oct2025 19:36:55.995] [main/DEBUG] [net.minecraftforge.fml.javafmlmod.FMLModContainer/LOADING]: Creating FMLModContainer instance for net.minecraftforge.common.ForgeMod
[07Oct2025 19:36:55.997] [main/DEBUG] [net.minecraftforge.fml.javafmlmod.FMLJavaModLanguageProvider/LOADING]: Loading FMLModContainer from classloader cpw.mods.modlauncher.TransformingClassLoader@16f0ec18 - got cpw.mods.cl.ModuleClassLoader@53692008
[07Oct2025 19:36:55.997] [main/DEBUG] [net.minecraftforge.fml.javafmlmod.FMLModContainer/LOADING]: Creating FMLModContainer instance for com.teammetallurgy.aquaculture.Aquaculture
[07Oct2025 19:36:55.998] [main/DEBUG] [net.minecraftforge.fml.javafmlmod.FMLJavaModLanguageProvider/LOADING]: Loading FMLModContainer from classloader cpw.mods.modlauncher.TransformingClassLoader@16f0ec18 - got cpw.mods.cl.ModuleClassLoader@53692008
[07Oct2025 19:36:55.998] [main/DEBUG] [net.minecraftforge.fml.javafmlmod.FMLModContainer/LOADING]: Creating FMLModContainer instance for be.florens.expandability.forge.ExpandAbilityForge
[07Oct2025 19:36:55.998] [main/DEBUG] [net.minecraftforge.fml.javafmlmod.FMLJavaModLanguageProvider/LOADING]: Loading FMLModContainer from classloader cpw.mods.modlauncher.TransformingClassLoader@16f0ec18 - got cpw.mods.cl.ModuleClassLoader@53692008
[07Oct2025 19:36:55.998] [main/DEBUG] [net.minecraftforge.fml.javafmlmod.FMLModContainer/LOADING]: Creating FMLModContainer instance for com.obscuria.aquamirae.Aquamirae
[07Oct2025 19:36:56.094] [modloading-worker-0/DEBUG] [net.minecraftforge.fml.javafmlmod.AutomaticEventSubscriber/LOADING]: Attempting to inject @EventBusSubscriber classes into the eventbus for easymagic
[07Oct2025 19:36:56.103] [modloading-worker-0/DEBUG] [net.minecraftforge.fml.javafmlmod.AutomaticEventSubscriber/LOADING]: Auto-subscribing fuzs.easymagic.EasyMagicForge to MOD
[07Oct2025 19:36:56.107] [modloading-worker-0/DEBUG] [mixin/]: Mixing perf.forge_registry_lambda.RegistryObjectMixin from modernfix-forge.mixins.json into net.minecraftforge.registries.RegistryObject
[07Oct2025 19:36:56.118] [modloading-worker-0/DEBUG] [net.minecraftforge.fml.javafmlmod.AutomaticEventSubscriber/LOADING]: Attempting to inject @EventBusSubscriber classes into the eventbus for goblintraders
[07Oct2025 19:36:56.119] [modloading-worker-0/DEBUG] [net.minecraftforge.fml.javafmlmod.AutomaticEventSubscriber/LOADING]: Attempting to inject @EventBusSubscriber classes into the eventbus for geckolib
[07Oct2025 19:36:56.122] [modloading-worker-0/DEBUG] [net.minecraftforge.fml.javafmlmod.AutomaticEventSubscriber/LOADING]: Auto-subscribing software.bernie.example.GeckoLibMod to FORGE
[07Oct2025 19:36:56.122] [modloading-worker-0/DEBUG] [net.minecraftforge.fml.javafmlmod.AutomaticEventSubscriber/LOADING]: Auto-subscribing software.bernie.example.CommonListener to MOD
[07Oct2025 19:36:56.138] [modloading-worker-0/INFO] [Puzzles Lib/]: Constructing common components for easymagic:main
[07Oct2025 19:36:56.151] [modloading-worker-0/ERROR] [net.minecraftforge.eventbus.EventSubclassTransformer/EVENTBUS]: Could not find parent net/minecraft/client/renderer/entity/layers/RenderLayer for class com/obscuria/obscureapi/client/renderer/PatreonLayer in classloader cpw.mods.modlauncher.TransformingClassLoader@16f0ec18 on thread Thread[modloading-worker-0,5,main]
[07Oct2025 19:36:56.151] [modloading-worker-0/ERROR] [net.minecraftforge.eventbus.EventSubclassTransformer/EVENTBUS]: An error occurred building event handler
java.lang.ClassNotFoundException: net.minecraft.client.renderer.entity.layers.RenderLayer
	at cpw.mods.cl.ModuleClassLoader.loadClass(ModuleClassLoader.java:141) ~[securejarhandler-2.1.10.jar:?]
	at java.lang.ClassLoader.loadClass(ClassLoader.java:525) ~[?:?]
	at net.minecraftforge.eventbus.EventSubclassTransformer.buildEvents(EventSubclassTransformer.java:97) ~[eventbus-6.0.5.jar%2350!/:?]
	at net.minecraftforge.eventbus.EventSubclassTransformer.transform(EventSubclassTransformer.java:48) ~[eventbus-6.0.5.jar%2350!/:?]
	at net.minecraftforge.eventbus.EventBusEngine.processClass(EventBusEngine.java:26) ~[eventbus-6.0.5.jar%2350!/:?]
	at net.minecraftforge.eventbus.service.ModLauncherService.processClassWithFlags(ModLauncherService.java:32) ~[eventbus-6.0.5.jar%2350!/:6.0.5+6.0.5+master.eb8e549b]
	at cpw.mods.modlauncher.LaunchPluginHandler.offerClassNodeToPlugins(LaunchPluginHandler.java:88) ~[modlauncher-10.0.9.jar%2353!/:?]
	at cpw.mods.modlauncher.ClassTransformer.transform(ClassTransformer.java:120) ~[modlauncher-10.0.9.jar%2353!/:?]
	at cpw.mods.modlauncher.TransformingClassLoader.maybeTransformClassBytes(TransformingClassLoader.java:50) ~[modlauncher-10.0.9.jar%2353!/:?]
	at cpw.mods.cl.ModuleClassLoader.readerToClass(ModuleClassLoader.java:113) ~[securejarhandler-2.1.10.jar:?]
	at cpw.mods.cl.ModuleClassLoader.lambda$findClass$15(ModuleClassLoader.java:219) ~[securejarhandler-2.1.10.jar:?]
	at cpw.mods.cl.ModuleClassLoader.loadFromModule(ModuleClassLoader.java:229) ~[securejarhandler-2.1.10.jar:?]
	at cpw.mods.cl.ModuleClassLoader.findClass(ModuleClassLoader.java:219) ~[securejarhandler-2.1.10.jar:?]
	at cpw.mods.cl.ModuleClassLoader.loadClass(ModuleClassLoader.java:135) ~[securejarhandler-2.1.10.jar:?]
	at java.lang.ClassLoader.loadClass(ClassLoader.java:525) ~[?:?]
	at java.lang.ClassLoader.defineClass0(Native Method) ~[?:?]
	at java.lang.System$2.defineClass(System.java:2324) ~[?:?]
	at java.lang.invoke.MethodHandles$Lookup$ClassDefiner.defineClass(MethodHandles.java:2439) ~[?:?]
	at java.lang.invoke.MethodHandles$Lookup$ClassDefiner.defineClassAsLookup(MethodHandles.java:2420) ~[?:?]
	at java.lang.invoke.MethodHandles$Lookup.defineHiddenClass(MethodHandles.java:2127) ~[?:?]
	at java.lang.invoke.InnerClassLambdaMetafactory.generateInnerClass(InnerClassLambdaMetafactory.java:407) ~[?:?]
	at java.lang.invoke.InnerClassLambdaMetafactory.spinInnerClass(InnerClassLambdaMetafactory.java:315) ~[?:?]
	at java.lang.invoke.InnerClassLambdaMetafactory.buildCallSite(InnerClassLambdaMetafactory.java:228) ~[?:?]
	at java.lang.invoke.LambdaMetafactory.metafactory(LambdaMetafactory.java:341) ~[?:?]
	at java.lang.invoke.BootstrapMethodInvoker.invoke(BootstrapMethodInvoker.java:134) ~[?:?]
	at java.lang.invoke.CallSite.makeSite(CallSite.java:315) ~[?:?]
	at java.lang.invoke.MethodHandleNatives.linkCallSiteImpl(MethodHandleNatives.java:281) ~[?:?]
	at java.lang.invoke.MethodHandleNatives.linkCallSite(MethodHandleNatives.java:271) ~[?:?]
	at com.obscuria.obscureapi.client.renderer.PatreonLayer$Mode.<clinit>(PatreonLayer.java:55) ~[obscure_api-15.jar%23184!/:com.obscuria]
	at com.obscuria.obscureapi.ObscureAPIConfig$Client.<clinit>(ObscureAPIConfig.java:28) ~[obscure_api-15.jar%23184!/:com.obscuria]
	at com.obscuria.obscureapi.ObscureAPIConfig.register(ObscureAPIConfig.java:46) ~[obscure_api-15.jar%23184!/:com.obscuria]
	at com.obscuria.obscureapi.ObscureAPI.<init>(ObscureAPI.java:69) ~[obscure_api-15.jar%23184!/:com.obscuria]
	at jdk.internal.reflect.NativeConstructorAccessorImpl.newInstance0(Native Method) ~[?:?]
	at jdk.internal.reflect.NativeConstructorAccessorImpl.newInstance(NativeConstructorAccessorImpl.java:77) ~[?:?]
	at jdk.internal.reflect.DelegatingConstructorAccessorImpl.newInstance(DelegatingConstructorAccessorImpl.java:45) ~[?:?]
	at java.lang.reflect.Constructor.newInstanceWithCaller(Constructor.java:500) ~[?:?]
	at java.lang.reflect.Constructor.newInstance(Constructor.java:481) ~[?:?]
	at net.minecraftforge.fml.javafmlmod.FMLModContainer.constructMod(FMLModContainer.java:70) ~[javafmllanguage-1.20.1-47.3.7.jar%23201!/:?]
	at net.minecraftforge.fml.ModContainer.lambda$buildTransitionHandler$4(ModContainer.java:124) ~[fmlcore-1.20.1-47.3.7.jar%23200!/:?]
	at java.util.concurrent.CompletableFuture$AsyncRun.run(CompletableFuture.java:1804) ~[?:?]
	at java.util.concurrent.CompletableFuture$AsyncRun.exec(CompletableFuture.java:1796) ~[?:?]
	at java.util.concurrent.ForkJoinTask.doExec(ForkJoinTask.java:373) ~[?:?]
	at java.util.concurrent.ForkJoinPool$WorkQueue.topLevelExec(ForkJoinPool.java:1182) ~[?:?]
	at java.util.concurrent.ForkJoinPool.scan(ForkJoinPool.java:1655) ~[?:?]
	at java.util.concurrent.ForkJoinPool.runWorker(ForkJoinPool.java:1622) ~[?:?]
	at java.util.concurrent.ForkJoinWorkerThread.run(ForkJoinWorkerThread.java:165) ~[?:?]
[07Oct2025 19:36:56.158] [modloading-worker-0/ERROR] [net.minecraftforge.fml.loading.RuntimeDistCleaner/DISTXFORM]: Attempted to load class com/obscuria/obscureapi/client/renderer/PatreonLayer for invalid dist DEDICATED_SERVER
[07Oct2025 19:36:56.171] [modloading-worker-0/DEBUG] [net.minecraftforge.fml.config.ConfigTracker/CONFIG]: Config file easymagic-server.toml for easymagic tracking
[07Oct2025 19:36:56.174] [modloading-worker-0/DEBUG] [net.minecraftforge.fml.config.ConfigTracker/CONFIG]: Config file Obscuria/obscure-api-client.toml for obscure_api tracking
[07Oct2025 19:36:56.188] [modloading-worker-0/DEBUG] [net.minecraftforge.fml.javafmlmod.AutomaticEventSubscriber/LOADING]: Attempting to inject @EventBusSubscriber classes into the eventbus for lithostitched
[07Oct2025 19:36:56.193] [modloading-worker-0/DEBUG] [net.minecraftforge.fml.config.ConfigTracker/CONFIG]: Config file journeymap-server.toml for journeymap tracking
[07Oct2025 19:36:56.194] [modloading-worker-0/DEBUG] [net.minecraftforge.fml.javafmlmod.AutomaticEventSubscriber/LOADING]: Attempting to inject @EventBusSubscriber classes into the eventbus for journeymap
[07Oct2025 19:36:56.197] [modloading-worker-0/DEBUG] [net.minecraftforge.fml.javafmlmod.AutomaticEventSubscriber/LOADING]: Auto-subscribing journeymap.common.config.forge.ForgeConfig to MOD
[07Oct2025 19:36:56.201] [modloading-worker-0/DEBUG] [net.minecraftforge.fml.javafmlmod.AutomaticEventSubscriber/LOADING]: Auto-subscribing journeymap.common.Journeymap to FORGE
[07Oct2025 19:36:56.205] [modloading-worker-0/DEBUG] [mixin/]: Mixing DamageSourceMixin from ars_nouveau.mixins.json into net.minecraft.world.damagesource.DamageSource
[07Oct2025 19:36:56.206] [modloading-worker-0/DEBUG] [mixin/]: Renaming synthetic method lambda$spellDeathMessage$0(Lnet/minecraft/world/item/ItemStack;Lnet/minecraft/network/chat/Style;)Lnet/minecraft/network/chat/Style; to md8d6fe1$lambda$spellDeathMessage$0$0 in ars_nouveau.mixins.json:DamageSourceMixin
[07Oct2025 19:36:56.226] [modloading-worker-0/DEBUG] [net.minecraftforge.fml.config.ConfigTracker/CONFIG]: Config file jei-server.toml for jei tracking
[07Oct2025 19:36:56.233] [modloading-worker-0/DEBUG] [net.minecraftforge.fml.javafmlmod.AutomaticEventSubscriber/LOADING]: Attempting to inject @EventBusSubscriber classes into the eventbus for jei
[07Oct2025 19:36:56.236] [modloading-worker-0/DEBUG] [net.minecraftforge.fml.javafmlmod.AutomaticEventSubscriber/LOADING]: Attempting to inject @EventBusSubscriber classes into the eventbus for obscure_api
[07Oct2025 19:36:56.239] [modloading-worker-0/DEBUG] [net.minecraftforge.fml.javafmlmod.AutomaticEventSubscriber/LOADING]: Auto-subscribing com.obscuria.obscureapi.registry.ObscureAPICommands to FORGE
[07Oct2025 19:36:56.242] [modloading-worker-0/DEBUG] [net.minecraftforge.fml.javafmlmod.AutomaticEventSubscriber/LOADING]: Auto-subscribing com.obscuria.obscureapi.network.ReloadMessage to MOD
[07Oct2025 19:36:56.243] [modloading-worker-0/DEBUG] [net.minecraftforge.fml.javafmlmod.AutomaticEventSubscriber/LOADING]: Auto-subscribing com.obscuria.obscureapi.network.PlayerDataCapability to MOD
[07Oct2025 19:36:56.247] [modloading-worker-0/DEBUG] [net.minecraftforge.fml.javafmlmod.AutomaticEventSubscriber/LOADING]: Auto-subscribing com.obscuria.obscureapi.network.PlayerDataCapability$PlayerDataProvider to FORGE
[07Oct2025 19:36:56.247] [modloading-worker-0/DEBUG] [mixin/]: Mixing camera.PlayerListMixin from ars_nouveau.mixins.json into net.minecraft.server.players.PlayerList
[07Oct2025 19:36:56.258] [modloading-worker-0/DEBUG] [net.minecraftforge.fml.javafmlmod.AutomaticEventSubscriber/LOADING]: Auto-subscribing com.obscuria.obscureapi.network.PlayerDataCapability$EventBusHandlers to FORGE
[07Oct2025 19:36:56.264] [modloading-worker-0/DEBUG] [net.minecraftforge.fml.config.ConfigTracker/CONFIG]: Config file citadel-common.toml for citadel tracking
[07Oct2025 19:36:56.268] [modloading-worker-0/DEBUG] [net.minecraftforge.fml.javafmlmod.AutomaticEventSubscriber/LOADING]: Attempting to inject @EventBusSubscriber classes into the eventbus for citadel
[07Oct2025 19:36:56.268] [modloading-worker-0/DEBUG] [net.minecraftforge.fml.javafmlmod.AutomaticEventSubscriber/LOADING]: Auto-subscribing com.github.alexthe666.citadel.ServerProxy to MOD
[07Oct2025 19:36:56.268] [modloading-worker-0/DEBUG] [net.minecraftforge.fml.javafmlmod.AutomaticEventSubscriber/LOADING]: Auto-subscribing com.obscuria.obscureapi.network.AnimationStopMessage to MOD
[07Oct2025 19:36:56.269] [modloading-worker-0/DEBUG] [net.minecraftforge.fml.javafmlmod.AutomaticEventSubscriber/LOADING]: Auto-subscribing com.obscuria.obscureapi.network.AnimationPlayMessage to MOD
[07Oct2025 19:36:56.272] [modloading-worker-0/DEBUG] [net.minecraftforge.fml.config.ConfigTracker/CONFIG]: Config file modernfix-common.toml for modernfix tracking
[07Oct2025 19:36:56.294] [modloading-worker-0/DEBUG] [net.minecraftforge.fml.config.ConfigTracker/CONFIG]: Config file travelersbackpack-common.toml for travelersbackpack tracking
[07Oct2025 19:36:56.297] [modloading-worker-0/DEBUG] [net.minecraftforge.fml.config.ConfigTracker/CONFIG]: Config file travelersbackpack-client.toml for travelersbackpack tracking
[07Oct2025 19:36:56.360] [modloading-worker-0/DEBUG] [net.minecraftforge.fml.javafmlmod.AutomaticEventSubscriber/LOADING]: Attempting to inject @EventBusSubscriber classes into the eventbus for mcwwindows
[07Oct2025 19:36:56.360] [modloading-worker-0/DEBUG] [net.minecraftforge.fml.javafmlmod.AutomaticEventSubscriber/LOADING]: Auto-subscribing com.mcwwindows.kikoz.MacawsWindows to MOD
[07Oct2025 19:36:56.361] [modloading-worker-0/DEBUG] [net.minecraftforge.fml.javafmlmod.AutomaticEventSubscriber/LOADING]: Attempting to inject @EventBusSubscriber classes into the eventbus for mixinextras
[07Oct2025 19:36:56.367] [modloading-worker-0/DEBUG] [Bookshelf/]: Loaded net.darkhax.bookshelf.impl.util.PlatformHelperForge@1d1f7221 for service interface net.darkhax.bookshelf.api.util.IPlatformHelper.
[07Oct2025 19:36:56.371] [modloading-worker-0/DEBUG] [Bookshelf/]: Loaded net.darkhax.bookshelf.impl.event.EventHelperForge@4bd8105e for service interface net.darkhax.bookshelf.api.event.IEventHelper.
[07Oct2025 19:36:56.374] [modloading-worker-0/DEBUG] [Bookshelf/]: Loaded net.darkhax.bookshelf.impl.registry.ContentLoaderForge@4a8f1565 for service interface net.darkhax.bookshelf.api.registry.IContentLoader.
[07Oct2025 19:36:56.376] [modloading-worker-0/DEBUG] [Bookshelf/]: Loaded net.darkhax.bookshelf.impl.data.TagHelperForge@6d9c5461 for service interface net.darkhax.bookshelf.api.data.ITagHelper.
[07Oct2025 19:36:56.380] [modloading-worker-0/DEBUG] [Bookshelf/]: Loaded net.darkhax.bookshelf.impl.util.InventoryHelperForge@5e6fe959 for service interface net.darkhax.bookshelf.api.util.IInventoryHelper.
[07Oct2025 19:36:56.382] [modloading-worker-0/DEBUG] [Bookshelf/]: Loaded net.darkhax.bookshelf.impl.util.ConstructHelperForge@112bbe5a for service interface net.darkhax.bookshelf.api.util.IConstructHelper.
[07Oct2025 19:36:56.389] [modloading-worker-0/DEBUG] [net.minecraftforge.fml.javafmlmod.AutomaticEventSubscriber/LOADING]: Attempting to inject @EventBusSubscriber classes into the eventbus for travelersbackpack
[07Oct2025 19:36:56.389] [modloading-worker-0/DEBUG] [net.minecraftforge.fml.javafmlmod.AutomaticEventSubscriber/LOADING]: Auto-subscribing com.tiviacz.travelersbackpack.handlers.ModEventHandler to MOD
[07Oct2025 19:36:56.390] [modloading-worker-0/DEBUG] [net.minecraftforge.fml.javafmlmod.AutomaticEventSubscriber/LOADING]: Auto-subscribing com.tiviacz.travelersbackpack.handlers.ForgeEventHandler to FORGE
[07Oct2025 19:36:56.409] [modloading-worker-0/INFO] [dev.architectury.networking.forge.NetworkManagerImpl/]: Registering C2S receiver with id architectury:sync_ids
[07Oct2025 19:36:56.410] [modloading-worker-0/INFO] [Bookshelf/]: Fixing MC-151457. Crafting remainder for minecraft:pufferfish_bucket is now minecraft:bucket.
[07Oct2025 19:36:56.410] [modloading-worker-0/INFO] [Bookshelf/]: Fixing MC-151457. Crafting remainder for minecraft:salmon_bucket is now minecraft:bucket.
[07Oct2025 19:36:56.410] [modloading-worker-0/INFO] [Bookshelf/]: Fixing MC-151457. Crafting remainder for minecraft:cod_bucket is now minecraft:bucket.
[07Oct2025 19:36:56.410] [modloading-worker-0/INFO] [Bookshelf/]: Fixing MC-151457. Crafting remainder for minecraft:tropical_fish_bucket is now minecraft:bucket.
[07Oct2025 19:36:56.411] [modloading-worker-0/INFO] [Bookshelf/]: Fixing MC-151457. Crafting remainder for minecraft:axolotl_bucket is now minecraft:bucket.
[07Oct2025 19:36:56.411] [modloading-worker-0/INFO] [Bookshelf/]: Fixing MC-151457. Crafting remainder for minecraft:powder_snow_bucket is now minecraft:bucket.
[07Oct2025 19:36:56.411] [modloading-worker-0/INFO] [Bookshelf/]: Fixing MC-151457. Crafting remainder for minecraft:tadpole_bucket is now minecraft:bucket.
[07Oct2025 19:36:56.413] [modloading-worker-0/DEBUG] [net.minecraftforge.fml.javafmlmod.AutomaticEventSubscriber/LOADING]: Attempting to inject @EventBusSubscriber classes into the eventbus for bookshelf
[07Oct2025 19:36:56.413] [modloading-worker-0/DEBUG] [net.minecraftforge.fml.javafmlmod.AutomaticEventSubscriber/LOADING]: Auto-subscribing net.darkhax.bookshelf.impl.gametest.BookshelfForgeGameTests to MOD
[07Oct2025 19:36:56.410] [modloading-worker-0/INFO] [dev.architectury.networking.forge.NetworkManagerImpl/]: Registering C2S receiver with id artifacts:networking_channel/42a7ad70b1cc371599a0eff744096b8a
[07Oct2025 19:36:56.415] [modloading-worker-0/INFO] [dev.architectury.networking.forge.NetworkManagerImpl/]: Registering C2S receiver with id artifacts:networking_channel/74a5e841822a3a87854ae896a33430d6
[07Oct2025 19:36:56.416] [modloading-worker-0/INFO] [dev.architectury.networking.forge.NetworkManagerImpl/]: Registering C2S receiver with id artifacts:networking_channel/eb3d1e2748533430848cadf0f37c7e9c
[07Oct2025 19:36:56.420] [modloading-worker-0/INFO] [dev.architectury.networking.forge.NetworkManagerImpl/]: Registering C2S receiver with id artifacts:networking_channel/91c8520f19f93b3e8b6a727568e194ab
[07Oct2025 19:36:56.421] [modloading-worker-0/INFO] [dev.architectury.networking.forge.NetworkManagerImpl/]: Registering C2S receiver with id artifacts:networking_channel/8c2784d778293fd482ed84b8aa5fedb9
[07Oct2025 19:36:56.422] [modloading-worker-0/INFO] [dev.architectury.networking.forge.NetworkManagerImpl/]: Registering C2S receiver with id artifacts:networking_channel/ea038224ea783d40b2863f52239e2604
[07Oct2025 19:36:56.423] [modloading-worker-0/INFO] [dev.architectury.networking.forge.NetworkManagerImpl/]: Registering C2S receiver with id artifacts:networking_channel/97ad64b7ecaf33209991c4f031501a58
[07Oct2025 19:36:56.439] [modloading-worker-0/DEBUG] [net.minecraftforge.fml.config.ConfigTracker/CONFIG]: Config file iceandfire-client.toml for iceandfire tracking
[07Oct2025 19:36:56.440] [modloading-worker-0/DEBUG] [net.minecraftforge.fml.config.ConfigTracker/CONFIG]: Config file iceandfire-common.toml for iceandfire tracking
[07Oct2025 19:36:56.453] [modloading-worker-0/DEBUG] [mixin/]: Mixing item.wearable.WearableArtifactItemMixin from mixins.artifacts.forge.json into artifacts.item.wearable.WearableArtifactItem
[07Oct2025 19:36:56.465] [modloading-worker-0/DEBUG] [mixin/]: Mixing item.umbrella.UmbrellaItemMixin from mixins.artifacts.forge.json into artifacts.item.UmbrellaItem
[07Oct2025 19:36:56.534] [modloading-worker-0/DEBUG] [net.minecraftforge.fml.javafmlmod.AutomaticEventSubscriber/LOADING]: Attempting to inject @EventBusSubscriber classes into the eventbus for artifacts
[07Oct2025 19:36:56.552] [modloading-worker-0/DEBUG] [net.minecraftforge.fml.javafmlmod.AutomaticEventSubscriber/LOADING]: Attempting to inject @EventBusSubscriber classes into the eventbus for mcwdoors
[07Oct2025 19:36:56.553] [modloading-worker-0/DEBUG] [net.minecraftforge.fml.javafmlmod.AutomaticEventSubscriber/LOADING]: Auto-subscribing com.mcwdoors.kikoz.MacawsDoors to MOD
[07Oct2025 19:36:56.553] [modloading-worker-0/DEBUG] [net.minecraftforge.fml.javafmlmod.AutomaticEventSubscriber/LOADING]: Attempting to inject @EventBusSubscriber classes into the eventbus for puzzlesaccessapi
[07Oct2025 19:36:56.554] [modloading-worker-0/DEBUG] [net.minecraftforge.fml.javafmlmod.AutomaticEventSubscriber/LOADING]: Attempting to inject @EventBusSubscriber classes into the eventbus for cloth_config
[07Oct2025 19:36:56.556] [modloading-worker-0/DEBUG] [mixin/]: Mixing gamerule.BooleanValueInvoker from mixins.artifacts.common.json into net.minecraft.world.level.GameRules$BooleanValue
[07Oct2025 19:36:56.558] [modloading-worker-0/DEBUG] [mixin/]: Renaming @Invoker method invokeCreate(ZLjava/util/function/BiConsumer;)Lnet/minecraft/world/level/GameRules$Type; to invokeCreate_$md$8d6fe1$0 in mixins.artifacts.common.json:gamerule.BooleanValueInvoker
[07Oct2025 19:36:56.572] [modloading-worker-0/DEBUG] [mixin/]: Mixing gamerule.IntegerValueInvoker from mixins.artifacts.common.json into net.minecraft.world.level.GameRules$IntegerValue
[07Oct2025 19:36:56.572] [modloading-worker-0/DEBUG] [mixin/]: Renaming @Invoker method invokeCreate(ILjava/util/function/BiConsumer;)Lnet/minecraft/world/level/GameRules$Type; to invokeCreate_$md$8d6fe1$0 in mixins.artifacts.common.json:gamerule.IntegerValueInvoker
[07Oct2025 19:36:56.586] [modloading-worker-0/DEBUG] [net.minecraftforge.fml.config.ConfigTracker/CONFIG]: Config file twilightforest-common.toml for twilightforest tracking
[07Oct2025 19:36:56.591] [modloading-worker-0/DEBUG] [net.minecraftforge.fml.config.ConfigTracker/CONFIG]: Config file twilightforest-client.toml for twilightforest tracking
[07Oct2025 19:36:56.650] [modloading-worker-0/DEBUG] [net.minecraftforge.fml.javafmlmod.AutomaticEventSubscriber/LOADING]: Attempting to inject @EventBusSubscriber classes into the eventbus for bosses_of_mass_destruction
[07Oct2025 19:36:56.650] [modloading-worker-0/DEBUG] [net.minecraftforge.fml.javafmlmod.AutomaticEventSubscriber/LOADING]: Auto-subscribing com.cerbon.bosses_of_mass_destruction.event.ForgeEvents to FORGE
[07Oct2025 19:36:56.653] [modloading-worker-0/DEBUG] [net.minecraftforge.fml.javafmlmod.AutomaticEventSubscriber/LOADING]: Auto-subscribing com.cerbon.bosses_of_mass_destruction.event.BMDEvents$CommonEvents to MOD
[07Oct2025 19:36:56.656] [modloading-worker-0/DEBUG] [net.minecraftforge.fml.javafmlmod.AutomaticEventSubscriber/LOADING]: Attempting to inject @EventBusSubscriber classes into the eventbus for tlskincape
[07Oct2025 19:36:56.656] [modloading-worker-0/DEBUG] [net.minecraftforge.fml.javafmlmod.AutomaticEventSubscriber/LOADING]: Attempting to inject @EventBusSubscriber classes into the eventbus for athena
[07Oct2025 19:36:56.657] [modloading-worker-0/DEBUG] [net.minecraftforge.fml.javafmlmod.AutomaticEventSubscriber/LOADING]: Attempting to inject @EventBusSubscriber classes into the eventbus for dungeons_arise
[07Oct2025 19:36:56.941] [modloading-worker-0/DEBUG] [net.minecraftforge.fml.javafmlmod.AutomaticEventSubscriber/LOADING]: Attempting to inject @EventBusSubscriber classes into the eventbus for handcrafted
[07Oct2025 19:36:56.950] [modloading-worker-0/DEBUG] [net.minecraftforge.fml.config.ConfigTracker/CONFIG]: Config file alexscaves-general.toml for alexscaves tracking
[07Oct2025 19:36:56.955] [modloading-worker-0/DEBUG] [net.minecraftforge.fml.config.ConfigTracker/CONFIG]: Config file alexscaves-client.toml for alexscaves tracking
[07Oct2025 19:36:56.979] [modloading-worker-0/DEBUG] [net.minecraftforge.fml.javafmlmod.AutomaticEventSubscriber/LOADING]: Attempting to inject @EventBusSubscriber classes into the eventbus for modernfix
[07Oct2025 19:36:56.991] [modloading-worker-0/DEBUG] [net.minecraftforge.fml.javafmlmod.AutomaticEventSubscriber/LOADING]: Attempting to inject @EventBusSubscriber classes into the eventbus for voicechat
[07Oct2025 19:36:56.992] [modloading-worker-0/DEBUG] [net.minecraftforge.fml.javafmlmod.AutomaticEventSubscriber/LOADING]: Attempting to inject @EventBusSubscriber classes into the eventbus for enchdesc
[07Oct2025 19:36:56.993] [modloading-worker-0/INFO] [MoreBowsAndArrows/]: Hello Forge world!
[07Oct2025 19:36:56.997] [modloading-worker-0/DEBUG] [MoreBowsAndArrows/]: Loaded forge.net.jason13.morebowsandarrows.platform.ForgePlatformHelper@42a15a23 for service interface forge.net.jason13.morebowsandarrows.platform.services.IPlatformHelper
[07Oct2025 19:36:56.997] [modloading-worker-0/INFO] [MoreBowsAndArrows/]: Hello from MoreBowsAndArrows Common init on Forge! we are currently in a production environment!
[07Oct2025 19:36:56.997] [modloading-worker-0/INFO] [MoreBowsAndArrows/]: The ID for diamonds is minecraft:diamond
[07Oct2025 19:36:56.997] [modloading-worker-0/INFO] [MoreBowsAndArrows/]: Hello to MoreBowsAndArrows
[07Oct2025 19:36:57.065] [modloading-worker-0/DEBUG] [net.minecraftforge.fml.javafmlmod.AutomaticEventSubscriber/LOADING]: Attempting to inject @EventBusSubscriber classes into the eventbus for morebowsandarrows
[07Oct2025 19:36:57.151] [modloading-worker-0/DEBUG] [net.minecraftforge.fml.javafmlmod.AutomaticEventSubscriber/LOADING]: Attempting to inject @EventBusSubscriber classes into the eventbus for iceandfire
[07Oct2025 19:36:57.151] [modloading-worker-0/DEBUG] [net.minecraftforge.fml.javafmlmod.AutomaticEventSubscriber/LOADING]: Auto-subscribing com.github.alexthe666.iceandfire.recipe.IafRecipeRegistry to MOD
[07Oct2025 19:36:57.152] [modloading-worker-0/DEBUG] [net.minecraftforge.fml.javafmlmod.AutomaticEventSubscriber/LOADING]: Auto-subscribing com.github.alexthe666.iceandfire.misc.IafSoundRegistry to MOD
[07Oct2025 19:36:57.152] [modloading-worker-0/DEBUG] [net.minecraftforge.fml.javafmlmod.AutomaticEventSubscriber/LOADING]: Auto-subscribing com.github.alexthe666.iceandfire.misc.IafDamageRegistry to MOD
[07Oct2025 19:36:57.153] [modloading-worker-0/DEBUG] [net.minecraftforge.fml.javafmlmod.AutomaticEventSubscriber/LOADING]: Auto-subscribing com.github.alexthe666.iceandfire.item.IafItemRegistry to MOD
[07Oct2025 19:36:57.155] [modloading-worker-0/DEBUG] [net.minecraftforge.fml.javafmlmod.AutomaticEventSubscriber/LOADING]: Auto-subscribing com.github.alexthe666.iceandfire.event.ServerEvents to FORGE
[07Oct2025 19:36:57.167] [modloading-worker-0/DEBUG] [net.minecraftforge.fml.javafmlmod.AutomaticEventSubscriber/LOADING]: Auto-subscribing com.github.alexthe666.iceandfire.entity.props.CapabilityHandler to FORGE
[07Oct2025 19:36:57.170] [modloading-worker-0/DEBUG] [net.minecraftforge.fml.javafmlmod.AutomaticEventSubscriber/LOADING]: Auto-subscribing com.github.alexthe666.iceandfire.entity.IafVillagerRegistry to MOD
[07Oct2025 19:36:57.170] [modloading-worker-0/DEBUG] [net.minecraftforge.fml.javafmlmod.AutomaticEventSubscriber/LOADING]: Auto-subscribing com.github.alexthe666.iceandfire.entity.IafEntityRegistry to MOD
[07Oct2025 19:36:57.172] [modloading-worker-0/DEBUG] [net.minecraftforge.fml.javafmlmod.AutomaticEventSubscriber/LOADING]: Attempting to inject @EventBusSubscriber classes into the eventbus for silentlib
[07Oct2025 19:36:57.172] [modloading-worker-0/DEBUG] [net.minecraftforge.fml.javafmlmod.AutomaticEventSubscriber/LOADING]: Auto-subscribing net.silentchaos512.lib.world.placement.LibPlacements to MOD
[07Oct2025 19:36:57.173] [modloading-worker-0/DEBUG] [net.minecraftforge.fml.javafmlmod.AutomaticEventSubscriber/LOADING]: Auto-subscribing net.silentchaos512.lib.util.EntityHelper to FORGE
[07Oct2025 19:36:57.178] [modloading-worker-0/DEBUG] [net.minecraftforge.fml.javafmlmod.AutomaticEventSubscriber/LOADING]: Auto-subscribing com.github.alexthe666.iceandfire.datagen.DataGenerators to MOD
[07Oct2025 19:36:57.179] [modloading-worker-0/DEBUG] [net.minecraftforge.fml.javafmlmod.AutomaticEventSubscriber/LOADING]: Attempting to inject @EventBusSubscriber classes into the eventbus for jade
[07Oct2025 19:36:57.186] [modloading-worker-0/DEBUG] [mixin/]: Mixing TagsProviderForgeMixin from puzzleslib.forge.mixins.json into net.minecraft.data.tags.TagsProvider
[07Oct2025 19:36:57.193] [modloading-worker-0/DEBUG] [net.minecraftforge.fml.javafmlmod.AutomaticEventSubscriber/LOADING]: Auto-subscribing com.github.alexthe666.iceandfire.block.IafBlockRegistry to MOD
[07Oct2025 19:36:57.193] [modloading-worker-0/DEBUG] [net.minecraftforge.fml.javafmlmod.AutomaticEventSubscriber/LOADING]: Auto-subscribing com.github.alexthe666.iceandfire.IceAndFire to FORGE
[07Oct2025 19:36:57.193] [modloading-worker-0/DEBUG] [net.minecraftforge.fml.javafmlmod.AutomaticEventSubscriber/LOADING]: Auto-subscribing com.github.alexthe666.iceandfire.CommonProxy to MOD
[07Oct2025 19:36:57.208] [modloading-worker-0/DEBUG] [net.minecraftforge.fml.config.ConfigTracker/CONFIG]: Config file curios-client.toml for curios tracking
[07Oct2025 19:36:57.210] [modloading-worker-0/DEBUG] [net.minecraftforge.fml.config.ConfigTracker/CONFIG]: Config file curios-common.toml for curios tracking
[07Oct2025 19:36:57.213] [modloading-worker-0/DEBUG] [net.minecraftforge.fml.config.ConfigTracker/CONFIG]: Config file curios-server.toml for curios tracking
[07Oct2025 19:36:57.213] [modloading-worker-0/DEBUG] [net.minecraftforge.fml.javafmlmod.AutomaticEventSubscriber/LOADING]: Attempting to inject @EventBusSubscriber classes into the eventbus for curios
[07Oct2025 19:36:57.232] [modloading-worker-0/DEBUG] [mixin/]: Mixing GrowMixin from ars_elemental.mixins.json into com.hollingsworth.arsnouveau.common.spell.effect.EffectGrow
[07Oct2025 19:36:57.284] [modloading-worker-0/DEBUG] [mixin/]: Mixing FlareMixin from ars_elemental.mixins.json into com.hollingsworth.arsnouveau.common.spell.effect.EffectFlare
[07Oct2025 19:36:57.328] [modloading-worker-0/DEBUG] [mixin/]: Mixing EvaporateMixin from ars_elemental.mixins.json into com.hollingsworth.arsnouveau.common.spell.effect.EffectEvaporate
[07Oct2025 19:36:57.358] [modloading-worker-0/DEBUG] [mixin/]: Mixing RitualAwakeningMixin from ars_elemental.mixins.json into com.hollingsworth.arsnouveau.common.ritual.RitualAwakening
[07Oct2025 19:36:57.359] [modloading-worker-0/DEBUG] [mixin/]: Renaming synthetic method lambda$findFlashing$0(Lnet/minecraft/world/level/block/state/BlockState;)Z to md8d6fe1$lambda$findFlashing$0$0 in ars_elemental.mixins.json:RitualAwakeningMixin
[07Oct2025 19:36:57.393] [modloading-worker-0/DEBUG] [net.minecraftforge.fml.config.ConfigTracker/CONFIG]: Config file ars_nouveau/glyph_projectile.toml for ars_nouveau tracking
[07Oct2025 19:36:57.393] [modloading-worker-0/DEBUG] [net.minecraftforge.fml.config.ConfigTracker/CONFIG]: Config file ars_nouveau/glyph_touch.toml for ars_nouveau tracking
[07Oct2025 19:36:57.394] [modloading-worker-0/DEBUG] [net.minecraftforge.fml.config.ConfigTracker/CONFIG]: Config file ars_nouveau/glyph_self.toml for ars_nouveau tracking
[07Oct2025 19:36:57.400] [modloading-worker-0/DEBUG] [net.minecraftforge.fml.config.ConfigTracker/CONFIG]: Config file ars_nouveau/glyph_break.toml for ars_nouveau tracking
[07Oct2025 19:36:57.410] [modloading-worker-0/DEBUG] [net.minecraftforge.fml.config.ConfigTracker/CONFIG]: Config file ars_nouveau/glyph_harm.toml for ars_nouveau tracking
[07Oct2025 19:36:57.417] [modloading-worker-0/DEBUG] [net.minecraftforge.fml.config.ConfigTracker/CONFIG]: Config file ars_nouveau/glyph_ignite.toml for ars_nouveau tracking
[07Oct2025 19:36:57.419] [modloading-worker-0/DEBUG] [net.minecraftforge.fml.config.ConfigTracker/CONFIG]: Config file ars_nouveau/glyph_phantom_block.toml for ars_nouveau tracking
[07Oct2025 19:36:57.427] [modloading-worker-0/DEBUG] [net.minecraftforge.fml.config.ConfigTracker/CONFIG]: Config file ars_nouveau/glyph_heal.toml for ars_nouveau tracking
[07Oct2025 19:36:57.428] [modloading-worker-0/DEBUG] [net.minecraftforge.fml.config.ConfigTracker/CONFIG]: Config file ars_nouveau/glyph_grow.toml for ars_nouveau tracking
[07Oct2025 19:36:57.445] [modloading-worker-0/DEBUG] [net.minecraftforge.fml.config.ConfigTracker/CONFIG]: Config file ars_nouveau/glyph_gust.toml for ars_nouveau tracking
[07Oct2025 19:36:57.450] [modloading-worker-0/DEBUG] [net.minecraftforge.fml.config.ConfigTracker/CONFIG]: Config file ars_nouveau/glyph_light.toml for ars_nouveau tracking
[07Oct2025 19:36:57.456] [modloading-worker-0/DEBUG] [net.minecraftforge.fml.config.ConfigTracker/CONFIG]: Config file ars_nouveau/glyph_dispel.toml for ars_nouveau tracking
[07Oct2025 19:36:57.460] [modloading-worker-0/DEBUG] [net.minecraftforge.fml.config.ConfigTracker/CONFIG]: Config file ars_nouveau/glyph_launch.toml for ars_nouveau tracking
[07Oct2025 19:36:57.462] [modloading-worker-0/DEBUG] [net.minecraftforge.fml.config.ConfigTracker/CONFIG]: Config file ars_nouveau/glyph_pull.toml for ars_nouveau tracking
[07Oct2025 19:36:57.465] [modloading-worker-0/DEBUG] [net.minecraftforge.fml.config.ConfigTracker/CONFIG]: Config file ars_nouveau/glyph_blink.toml for ars_nouveau tracking
[07Oct2025 19:36:57.472] [modloading-worker-0/DEBUG] [net.minecraftforge.fml.config.ConfigTracker/CONFIG]: Config file ars_nouveau/glyph_explosion.toml for ars_nouveau tracking
[07Oct2025 19:36:57.473] [modloading-worker-0/DEBUG] [mixin/]: Mixing LightningMixin from ars_elemental.mixins.json into com.hollingsworth.arsnouveau.common.entity.LightningEntity
[07Oct2025 19:36:57.480] [modloading-worker-0/DEBUG] [net.minecraftforge.fml.config.ConfigTracker/CONFIG]: Config file ars_nouveau/glyph_lightning.toml for ars_nouveau tracking
[07Oct2025 19:36:57.480] [modloading-worker-0/DEBUG] [net.minecraftforge.fml.config.ConfigTracker/CONFIG]: Config file ars_nouveau/glyph_slowfall.toml for ars_nouveau tracking
[07Oct2025 19:36:57.484] [modloading-worker-0/DEBUG] [net.minecraftforge.fml.config.ConfigTracker/CONFIG]: Config file ars_nouveau/glyph_fangs.toml for ars_nouveau tracking
[07Oct2025 19:36:57.485] [modloading-worker-0/DEBUG] [net.minecraftforge.fml.config.ConfigTracker/CONFIG]: Config file ars_nouveau/glyph_summon_vex.toml for ars_nouveau tracking
[07Oct2025 19:36:57.485] [modloading-worker-0/DEBUG] [net.minecraftforge.fml.config.ConfigTracker/CONFIG]: Config file ars_nouveau/glyph_accelerate.toml for ars_nouveau tracking
[07Oct2025 19:36:57.489] [modloading-worker-0/DEBUG] [net.minecraftforge.fml.config.ConfigTracker/CONFIG]: Config file ars_nouveau/glyph_decelerate.toml for ars_nouveau tracking
[07Oct2025 19:36:57.489] [modloading-worker-0/DEBUG] [net.minecraftforge.fml.config.ConfigTracker/CONFIG]: Config file ars_nouveau/glyph_split.toml for ars_nouveau tracking
[07Oct2025 19:36:57.490] [modloading-worker-0/DEBUG] [net.minecraftforge.fml.config.ConfigTracker/CONFIG]: Config file ars_nouveau/glyph_amplify.toml for ars_nouveau tracking
[07Oct2025 19:36:57.490] [modloading-worker-0/DEBUG] [net.minecraftforge.fml.config.ConfigTracker/CONFIG]: Config file ars_nouveau/glyph_aoe.toml for ars_nouveau tracking
[07Oct2025 19:36:57.490] [modloading-worker-0/DEBUG] [net.minecraftforge.fml.config.ConfigTracker/CONFIG]: Config file ars_nouveau/glyph_extend_time.toml for ars_nouveau tracking
[07Oct2025 19:36:57.490] [modloading-worker-0/DEBUG] [net.minecraftforge.fml.config.ConfigTracker/CONFIG]: Config file ars_nouveau/glyph_pierce.toml for ars_nouveau tracking
[07Oct2025 19:36:57.491] [modloading-worker-0/DEBUG] [net.minecraftforge.fml.config.ConfigTracker/CONFIG]: Config file ars_nouveau/glyph_dampen.toml for ars_nouveau tracking
[07Oct2025 19:36:57.491] [modloading-worker-0/DEBUG] [net.minecraftforge.fml.config.ConfigTracker/CONFIG]: Config file ars_nouveau/glyph_extract.toml for ars_nouveau tracking
[07Oct2025 19:36:57.491] [modloading-worker-0/DEBUG] [net.minecraftforge.fml.config.ConfigTracker/CONFIG]: Config file ars_nouveau/glyph_fortune.toml for ars_nouveau tracking
[07Oct2025 19:36:57.493] [modloading-worker-0/DEBUG] [net.minecraftforge.fml.config.ConfigTracker/CONFIG]: Config file ars_nouveau/glyph_ender_inventory.toml for ars_nouveau tracking
[07Oct2025 19:36:57.494] [modloading-worker-0/DEBUG] [net.minecraftforge.fml.config.ConfigTracker/CONFIG]: Config file ars_nouveau/glyph_harvest.toml for ars_nouveau tracking
[07Oct2025 19:36:57.494] [modloading-worker-0/DEBUG] [net.minecraftforge.fml.config.ConfigTracker/CONFIG]: Config file ars_nouveau/glyph_fell.toml for ars_nouveau tracking
[07Oct2025 19:36:57.495] [modloading-worker-0/DEBUG] [net.minecraftforge.fml.config.ConfigTracker/CONFIG]: Config file ars_nouveau/glyph_pickup.toml for ars_nouveau tracking
[07Oct2025 19:36:57.497] [modloading-worker-0/DEBUG] [net.minecraftforge.fml.config.ConfigTracker/CONFIG]: Config file ars_nouveau/glyph_interact.toml for ars_nouveau tracking
[07Oct2025 19:36:57.497] [modloading-worker-0/DEBUG] [net.minecraftforge.fml.config.ConfigTracker/CONFIG]: Config file ars_nouveau/glyph_place_block.toml for ars_nouveau tracking
[07Oct2025 19:36:57.498] [modloading-worker-0/DEBUG] [net.minecraftforge.fml.javafmlmod.AutomaticEventSubscriber/LOADING]: Attempting to inject @EventBusSubscriber classes into the eventbus for alexscaves
[07Oct2025 19:36:57.499] [modloading-worker-0/DEBUG] [net.minecraftforge.fml.config.ConfigTracker/CONFIG]: Config file ars_nouveau/glyph_snare.toml for ars_nouveau tracking
[07Oct2025 19:36:57.499] [modloading-worker-0/DEBUG] [net.minecraftforge.fml.javafmlmod.AutomaticEventSubscriber/LOADING]: Auto-subscribing com.github.alexmodguy.alexscaves.server.entity.ACEntityRegistry to MOD
[07Oct2025 19:36:57.500] [modloading-worker-0/DEBUG] [net.minecraftforge.fml.config.ConfigTracker/CONFIG]: Config file ars_nouveau/glyph_smelt.toml for ars_nouveau tracking
[07Oct2025 19:36:57.500] [modloading-worker-0/DEBUG] [net.minecraftforge.fml.config.ConfigTracker/CONFIG]: Config file ars_nouveau/glyph_leap.toml for ars_nouveau tracking
[07Oct2025 19:36:57.502] [modloading-worker-0/DEBUG] [net.minecraftforge.fml.config.ConfigTracker/CONFIG]: Config file ars_nouveau/glyph_delay.toml for ars_nouveau tracking
[07Oct2025 19:36:57.504] [modloading-worker-0/DEBUG] [net.minecraftforge.fml.config.ConfigTracker/CONFIG]: Config file ars_nouveau/glyph_redstone_signal.toml for ars_nouveau tracking
[07Oct2025 19:36:57.504] [modloading-worker-0/DEBUG] [net.minecraftforge.fml.config.ConfigTracker/CONFIG]: Config file ars_nouveau/glyph_intangible.toml for ars_nouveau tracking
[07Oct2025 19:36:57.504] [modloading-worker-0/DEBUG] [net.minecraftforge.fml.config.ConfigTracker/CONFIG]: Config file ars_nouveau/glyph_invisibility.toml for ars_nouveau tracking
[07Oct2025 19:36:57.504] [modloading-worker-0/DEBUG] [net.minecraftforge.fml.config.ConfigTracker/CONFIG]: Config file ars_nouveau/glyph_duration_down.toml for ars_nouveau tracking
[07Oct2025 19:36:57.502] [modloading-worker-0/INFO] [Spartan Shields/]: Constructing Mod: Spartan Shields
[07Oct2025 19:36:57.505] [modloading-worker-0/DEBUG] [net.minecraftforge.fml.config.ConfigTracker/CONFIG]: Config file ars_nouveau/glyph_wither.toml for ars_nouveau tracking
[07Oct2025 19:36:57.507] [modloading-worker-0/DEBUG] [net.minecraftforge.fml.config.ConfigTracker/CONFIG]: Config file ars_nouveau/glyph_exchange.toml for ars_nouveau tracking
[07Oct2025 19:36:57.507] [modloading-worker-0/DEBUG] [net.minecraftforge.fml.config.ConfigTracker/CONFIG]: Config file ars_nouveau/glyph_craft.toml for ars_nouveau tracking
[07Oct2025 19:36:57.511] [modloading-worker-0/DEBUG] [net.minecraftforge.fml.config.ConfigTracker/CONFIG]: Config file ars_nouveau/glyph_flare.toml for ars_nouveau tracking
[07Oct2025 19:36:57.512] [modloading-worker-0/DEBUG] [net.minecraftforge.fml.config.ConfigTracker/CONFIG]: Config file ars_nouveau/glyph_cold_snap.toml for ars_nouveau tracking
[07Oct2025 19:36:57.515] [modloading-worker-0/DEBUG] [net.minecraftforge.fml.config.ConfigTracker/CONFIG]: Config file ars_nouveau/glyph_conjure_water.toml for ars_nouveau tracking
[07Oct2025 19:36:57.516] [modloading-worker-0/DEBUG] [net.minecraftforge.fml.config.ConfigTracker/CONFIG]: Config file ars_nouveau/glyph_gravity.toml for ars_nouveau tracking
[07Oct2025 19:36:57.516] [modloading-worker-0/DEBUG] [net.minecraftforge.fml.config.ConfigTracker/CONFIG]: Config file ars_nouveau/glyph_cut.toml for ars_nouveau tracking
[07Oct2025 19:36:57.517] [modloading-worker-0/DEBUG] [net.minecraftforge.fml.config.ConfigTracker/CONFIG]: Config file ars_nouveau/glyph_crush.toml for ars_nouveau tracking
[07Oct2025 19:36:57.517] [modloading-worker-0/DEBUG] [net.minecraftforge.fml.config.ConfigTracker/CONFIG]: Config file ars_nouveau/glyph_summon_wolves.toml for ars_nouveau tracking
[07Oct2025 19:36:57.518] [modloading-worker-0/DEBUG] [net.minecraftforge.fml.config.ConfigTracker/CONFIG]: Config file ars_nouveau/glyph_summon_steed.toml for ars_nouveau tracking
[07Oct2025 19:36:57.522] [modloading-worker-0/DEBUG] [net.minecraftforge.fml.config.ConfigTracker/CONFIG]: Config file ars_nouveau/glyph_summon_decoy.toml for ars_nouveau tracking
[07Oct2025 19:36:57.528] [modloading-worker-0/DEBUG] [net.minecraftforge.fml.config.ConfigTracker/CONFIG]: Config file ars_nouveau/glyph_hex.toml for ars_nouveau tracking
[07Oct2025 19:36:57.532] [modloading-worker-0/DEBUG] [net.minecraftforge.fml.config.ConfigTracker/CONFIG]: Config file ars_nouveau/glyph_underfoot.toml for ars_nouveau tracking
[07Oct2025 19:36:57.532] [modloading-worker-0/DEBUG] [net.minecraftforge.fml.config.ConfigTracker/CONFIG]: Config file ars_nouveau/glyph_glide.toml for ars_nouveau tracking
[07Oct2025 19:36:57.532] [modloading-worker-0/DEBUG] [net.minecraftforge.fml.config.ConfigTracker/CONFIG]: Config file ars_nouveau/glyph_rune.toml for ars_nouveau tracking
[07Oct2025 19:36:57.533] [modloading-worker-0/DEBUG] [net.minecraftforge.fml.config.ConfigTracker/CONFIG]: Config file ars_nouveau/glyph_freeze.toml for ars_nouveau tracking
[07Oct2025 19:36:57.533] [modloading-worker-0/DEBUG] [net.minecraftforge.fml.config.ConfigTracker/CONFIG]: Config file ars_nouveau/glyph_name.toml for ars_nouveau tracking
[07Oct2025 19:36:57.536] [modloading-worker-0/DEBUG] [net.minecraftforge.fml.config.ConfigTracker/CONFIG]: Config file ars_nouveau/glyph_summon_undead.toml for ars_nouveau tracking
[07Oct2025 19:36:57.538] [modloading-worker-0/DEBUG] [net.minecraftforge.fml.config.ConfigTracker/CONFIG]: Config file ars_nouveau/glyph_firework.toml for ars_nouveau tracking
[07Oct2025 19:36:57.539] [modloading-worker-0/DEBUG] [net.minecraftforge.fml.config.ConfigTracker/CONFIG]: Config file ars_nouveau/glyph_toss.toml for ars_nouveau tracking
[07Oct2025 19:36:57.540] [modloading-worker-0/DEBUG] [net.minecraftforge.fml.config.ConfigTracker/CONFIG]: Config file ars_nouveau/glyph_bounce.toml for ars_nouveau tracking
[07Oct2025 19:36:57.540] [modloading-worker-0/DEBUG] [net.minecraftforge.fml.config.ConfigTracker/CONFIG]: Config file ars_nouveau/glyph_sensitive.toml for ars_nouveau tracking
[07Oct2025 19:36:57.540] [modloading-worker-0/DEBUG] [net.minecraftforge.fml.config.ConfigTracker/CONFIG]: Config file ars_nouveau/glyph_wind_shear.toml for ars_nouveau tracking
[07Oct2025 19:36:57.544] [modloading-worker-0/DEBUG] [net.minecraftforge.fml.config.ConfigTracker/CONFIG]: Config file ars_nouveau/glyph_evaporate.toml for ars_nouveau tracking
[07Oct2025 19:36:57.545] [modloading-worker-0/DEBUG] [net.minecraftforge.fml.config.ConfigTracker/CONFIG]: Config file ars_nouveau/glyph_linger.toml for ars_nouveau tracking
[07Oct2025 19:36:57.545] [modloading-worker-0/DEBUG] [net.minecraftforge.fml.config.ConfigTracker/CONFIG]: Config file ars_nouveau/glyph_sense_magic.toml for ars_nouveau tracking
[07Oct2025 19:36:57.546] [modloading-worker-0/DEBUG] [net.minecraftforge.fml.config.ConfigTracker/CONFIG]: Config file ars_nouveau/glyph_infuse.toml for ars_nouveau tracking
[07Oct2025 19:36:57.546] [modloading-worker-0/DEBUG] [net.minecraftforge.fml.config.ConfigTracker/CONFIG]: Config file ars_nouveau/glyph_rotate.toml for ars_nouveau tracking
[07Oct2025 19:36:57.550] [modloading-worker-0/DEBUG] [net.minecraftforge.fml.config.ConfigTracker/CONFIG]: Config file spartanshields-common.toml for spartanshields tracking
[07Oct2025 19:36:57.550] [modloading-worker-0/DEBUG] [net.minecraftforge.fml.javafmlmod.AutomaticEventSubscriber/LOADING]: Attempting to inject @EventBusSubscriber classes into the eventbus for spartanshields
[07Oct2025 19:36:57.550] [modloading-worker-0/DEBUG] [net.minecraftforge.fml.javafmlmod.AutomaticEventSubscriber/LOADING]: Auto-subscribing com.oblivioussp.spartanshields.event.DataGenEventHandler to MOD
[07Oct2025 19:36:57.553] [modloading-worker-0/DEBUG] [net.minecraftforge.fml.config.ConfigTracker/CONFIG]: Config file ars_nouveau/glyph_wall.toml for ars_nouveau tracking
[07Oct2025 19:36:57.557] [modloading-worker-0/DEBUG] [net.minecraftforge.fml.javafmlmod.AutomaticEventSubscriber/LOADING]: Auto-subscribing com.oblivioussp.spartanshields.event.CommonEventHandler to FORGE
[07Oct2025 19:36:57.557] [modloading-worker-0/DEBUG] [net.minecraftforge.fml.config.ConfigTracker/CONFIG]: Config file ars_nouveau/glyph_animate_block.toml for ars_nouveau tracking
[07Oct2025 19:36:57.557] [modloading-worker-0/DEBUG] [net.minecraftforge.fml.javafmlmod.AutomaticEventSubscriber/LOADING]: Auto-subscribing com.oblivioussp.spartanshields.config.Config to MOD
[07Oct2025 19:36:57.559] [modloading-worker-0/DEBUG] [net.minecraftforge.fml.config.ConfigTracker/CONFIG]: Config file ars_nouveau/burst.toml for ars_nouveau tracking
[07Oct2025 19:36:57.559] [modloading-worker-0/DEBUG] [net.minecraftforge.fml.config.ConfigTracker/CONFIG]: Config file ars_nouveau/glyph_randomize.toml for ars_nouveau tracking
[07Oct2025 19:36:57.561] [modloading-worker-0/DEBUG] [net.minecraftforge.fml.config.ConfigTracker/CONFIG]: Config file ars_nouveau/glyph_orbit.toml for ars_nouveau tracking
[07Oct2025 19:36:57.561] [modloading-worker-0/DEBUG] [net.minecraftforge.fml.config.ConfigTracker/CONFIG]: Config file ars_nouveau/reset.toml for ars_nouveau tracking
[07Oct2025 19:36:57.563] [modloading-worker-0/DEBUG] [net.minecraftforge.fml.config.ConfigTracker/CONFIG]: Config file patchouli-client.toml for patchouli tracking
[07Oct2025 19:36:57.566] [modloading-worker-0/DEBUG] [net.minecraftforge.fml.javafmlmod.AutomaticEventSubscriber/LOADING]: Attempting to inject @EventBusSubscriber classes into the eventbus for patchouli
[07Oct2025 19:36:57.566] [modloading-worker-0/DEBUG] [net.minecraftforge.fml.javafmlmod.AutomaticEventSubscriber/LOADING]: Auto-subscribing vazkii.patchouli.forge.common.ForgeModInitializer to MOD
[07Oct2025 19:36:57.568] [modloading-worker-0/DEBUG] [net.minecraftforge.fml.config.ConfigTracker/CONFIG]: Config file ars_nouveau/wololo.toml for ars_nouveau tracking
[07Oct2025 19:36:57.569] [modloading-worker-0/DEBUG] [net.minecraftforge.fml.config.ConfigTracker/CONFIG]: Config file ars_nouveau/rewind.toml for ars_nouveau tracking
[07Oct2025 19:36:57.583] [modloading-worker-0/DEBUG] [net.minecraftforge.fml.javafmlmod.AutomaticEventSubscriber/LOADING]: Attempting to inject @EventBusSubscriber classes into the eventbus for cerbons_api
[07Oct2025 19:36:57.589] [modloading-worker-0/DEBUG] [net.minecraftforge.fml.javafmlmod.AutomaticEventSubscriber/LOADING]: Auto-subscribing com.cerbon.cerbons_api.forge.event.CerbonsApiForgeEvents to MOD
[07Oct2025 19:36:57.590] [modloading-worker-0/DEBUG] [net.minecraftforge.fml.javafmlmod.AutomaticEventSubscriber/LOADING]: Auto-subscribing com.cerbon.cerbons_api.forge.event.ForgeEvents to FORGE
[07Oct2025 19:36:57.621] [modloading-worker-0/DEBUG] [net.minecraftforge.fml.config.ConfigTracker/CONFIG]: Config file camera-server.toml for camera tracking
[07Oct2025 19:36:57.622] [modloading-worker-0/DEBUG] [net.minecraftforge.fml.config.ConfigTracker/CONFIG]: Config file camera-client.toml for camera tracking
[07Oct2025 19:36:57.627] [modloading-worker-0/DEBUG] [net.minecraftforge.fml.javafmlmod.AutomaticEventSubscriber/LOADING]: Attempting to inject @EventBusSubscriber classes into the eventbus for camera
[07Oct2025 19:36:57.630] [modloading-worker-0/DEBUG] [net.minecraftforge.fml.javafmlmod.AutomaticEventSubscriber/LOADING]: Auto-subscribing de.maxhenkel.camera.ServerEvents to FORGE
[07Oct2025 19:36:57.698] [modloading-worker-0/DEBUG] [net.minecraftforge.fml.config.ConfigTracker/CONFIG]: Config file storagedrawers-common.v2.toml for storagedrawers tracking
[07Oct2025 19:36:57.698] [modloading-worker-0/DEBUG] [net.minecraftforge.fml.config.ConfigTracker/CONFIG]: Config file storagedrawers-client.toml for storagedrawers tracking
[07Oct2025 19:36:57.757] [modloading-worker-0/DEBUG] [mixin/]: Mixing KindlingPerkMixin from ars_elemental.mixins.json into com.hollingsworth.arsnouveau.common.perk.IgnitePerk
[07Oct2025 19:36:57.783] [modloading-worker-0/DEBUG] [net.minecraftforge.fml.config.ConfigTracker/CONFIG]: Config file ars_nouveau-server.toml for ars_nouveau tracking
[07Oct2025 19:36:57.792] [modloading-worker-0/DEBUG] [net.minecraftforge.fml.config.ConfigTracker/CONFIG]: Config file ars_nouveau-common.toml for ars_nouveau tracking
[07Oct2025 19:36:57.792] [modloading-worker-0/DEBUG] [net.minecraftforge.fml.config.ConfigTracker/CONFIG]: Config file ars_nouveau-client.toml for ars_nouveau tracking
[07Oct2025 19:36:57.855] [modloading-worker-0/DEBUG] [mixin/]: Mixing MixinLevelEvent from architectury.mixins.json into net.minecraftforge.event.level.LevelEvent
[07Oct2025 19:36:57.861] [modloading-worker-0/DEBUG] [net.minecraftforge.fml.javafmlmod.AutomaticEventSubscriber/LOADING]: Attempting to inject @EventBusSubscriber classes into the eventbus for twilightforest
[07Oct2025 19:36:57.864] [modloading-worker-0/DEBUG] [net.minecraftforge.fml.javafmlmod.AutomaticEventSubscriber/LOADING]: Auto-subscribing twilightforest.util.TFRemapper to FORGE
[07Oct2025 19:36:57.868] [modloading-worker-0/DEBUG] [net.minecraftforge.fml.javafmlmod.AutomaticEventSubscriber/LOADING]: Auto-subscribing twilightforest.loot.modifiers.GiantToolGroupingModifier to FORGE
[07Oct2025 19:36:57.871] [modloading-worker-0/DEBUG] [net.minecraftforge.fml.javafmlmod.AutomaticEventSubscriber/LOADING]: Auto-subscribing twilightforest.item.OreMagnetItem to FORGE
[07Oct2025 19:36:57.877] [modloading-worker-0/DEBUG] [net.minecraftforge.fml.javafmlmod.AutomaticEventSubscriber/LOADING]: Auto-subscribing twilightforest.item.FierySwordItem to FORGE
[07Oct2025 19:36:57.881] [modloading-worker-0/DEBUG] [net.minecraftforge.fml.javafmlmod.AutomaticEventSubscriber/LOADING]: Auto-subscribing twilightforest.init.TFEntities to MOD
[07Oct2025 19:36:57.881] [modloading-worker-0/DEBUG] [net.minecraftforge.fml.javafmlmod.AutomaticEventSubscriber/LOADING]: Auto-subscribing twilightforest.init.TFCaveCarvers to MOD
[07Oct2025 19:36:57.886] [modloading-worker-0/DEBUG] [net.minecraftforge.fml.javafmlmod.AutomaticEventSubscriber/LOADING]: Auto-subscribing twilightforest.events.ToolEvents to FORGE
[07Oct2025 19:36:57.891] [modloading-worker-0/DEBUG] [net.minecraftforge.fml.javafmlmod.AutomaticEventSubscriber/LOADING]: Auto-subscribing twilightforest.events.ProgressionEvents to FORGE
[07Oct2025 19:36:57.895] [modloading-worker-0/DEBUG] [net.minecraftforge.fml.javafmlmod.AutomaticEventSubscriber/LOADING]: Auto-subscribing twilightforest.events.MiscEvents to FORGE
[07Oct2025 19:36:57.897] [modloading-worker-0/DEBUG] [net.minecraftforge.fml.javafmlmod.AutomaticEventSubscriber/LOADING]: Attempting to inject @EventBusSubscriber classes into the eventbus for storagedrawers
[07Oct2025 19:36:57.898] [modloading-worker-0/DEBUG] [net.minecraftforge.fml.javafmlmod.AutomaticEventSubscriber/LOADING]: Auto-subscribing com.jaquadro.minecraft.storagedrawers.integration.IntegrationEvents to MOD
[07Oct2025 19:36:57.899] [modloading-worker-0/DEBUG] [net.minecraftforge.fml.javafmlmod.AutomaticEventSubscriber/LOADING]: Auto-subscribing com.jaquadro.minecraft.storagedrawers.core.CommonEventBusSubscriber to FORGE
[07Oct2025 19:36:57.899] [modloading-worker-0/DEBUG] [net.minecraftforge.fml.javafmlmod.AutomaticEventSubscriber/LOADING]: Auto-subscribing twilightforest.events.HostileMountEvents to FORGE
[07Oct2025 19:36:57.904] [modloading-worker-0/DEBUG] [net.minecraftforge.fml.javafmlmod.AutomaticEventSubscriber/LOADING]: Auto-subscribing twilightforest.events.EntityEvents to FORGE
[07Oct2025 19:36:57.908] [modloading-worker-0/DEBUG] [net.minecraftforge.fml.config.ConfigTracker/CONFIG]: Config file ars_elemental-common.toml for ars_elemental tracking
[07Oct2025 19:36:57.909] [modloading-worker-0/DEBUG] [net.minecraftforge.fml.config.ConfigTracker/CONFIG]: Config file ars_elemental-client.toml for ars_elemental tracking
[07Oct2025 19:36:57.919] [modloading-worker-0/DEBUG] [net.minecraftforge.fml.javafmlmod.AutomaticEventSubscriber/LOADING]: Auto-subscribing twilightforest.events.CharmEvents to FORGE
[07Oct2025 19:36:57.924] [modloading-worker-0/DEBUG] [net.minecraftforge.fml.javafmlmod.AutomaticEventSubscriber/LOADING]: Auto-subscribing twilightforest.events.CapabilityEvents to FORGE
[07Oct2025 19:36:57.930] [modloading-worker-0/DEBUG] [net.minecraftforge.fml.javafmlmod.AutomaticEventSubscriber/LOADING]: Auto-subscribing twilightforest.data.DataGenerators to MOD
[07Oct2025 19:36:57.933] [modloading-worker-0/DEBUG] [net.minecraftforge.fml.javafmlmod.AutomaticEventSubscriber/LOADING]: Auto-subscribing twilightforest.TFTickHandler to FORGE
[07Oct2025 19:36:57.935] [modloading-worker-0/DEBUG] [net.minecraftforge.fml.javafmlmod.AutomaticEventSubscriber/LOADING]: Auto-subscribing twilightforest.TFConfig to MOD
[07Oct2025 19:36:57.937] [modloading-worker-0/DEBUG] [net.minecraftforge.fml.javafmlmod.AutomaticEventSubscriber/LOADING]: Auto-subscribing twilightforest.TFConfig$ConfigSync to FORGE
[07Oct2025 19:36:57.980] [modloading-worker-0/DEBUG] [net.minecraftforge.fml.config.ConfigTracker/CONFIG]: Config file tombstone-client.toml for tombstone tracking
[07Oct2025 19:36:57.982] [modloading-worker-0/DEBUG] [net.minecraftforge.fml.config.ConfigTracker/CONFIG]: Config file tombstone-common.toml for tombstone tracking
[07Oct2025 19:36:57.993] [modloading-worker-0/DEBUG] [net.minecraftforge.fml.config.ConfigTracker/CONFIG]: Config file tombstone-server.toml for tombstone tracking
[07Oct2025 19:36:57.994] [modloading-worker-0/DEBUG] [net.minecraftforge.fml.javafmlmod.AutomaticEventSubscriber/LOADING]: Attempting to inject @EventBusSubscriber classes into the eventbus for tombstone
[07Oct2025 19:36:57.994] [modloading-worker-0/DEBUG] [net.minecraftforge.fml.javafmlmod.AutomaticEventSubscriber/LOADING]: Auto-subscribing ovh.corail.tombstone.registry.Registration to MOD
[07Oct2025 19:36:57.996] [modloading-worker-0/DEBUG] [net.minecraftforge.fml.javafmlmod.AutomaticEventSubscriber/LOADING]: Auto-subscribing ovh.corail.tombstone.perk.PerkRegistry to MOD
[07Oct2025 19:36:57.999] [modloading-worker-0/DEBUG] [net.minecraftforge.fml.javafmlmod.AutomaticEventSubscriber/LOADING]: Auto-subscribing ovh.corail.tombstone.helper.LootHelper to FORGE
[07Oct2025 19:36:58.052] [modloading-worker-0/DEBUG] [mixin/]: Mixing accessor.LootTableAccessor from tombstone.mixins.json into net.minecraft.world.level.storage.loot.LootTable
[07Oct2025 19:36:58.053] [modloading-worker-0/DEBUG] [mixin/]: Mixing accessor.LootTableForgeAccessor from puzzleslib.forge.mixins.json into net.minecraft.world.level.storage.loot.LootTable
[07Oct2025 19:36:58.056] [modloading-worker-0/DEBUG] [net.minecraftforge.fml.javafmlmod.AutomaticEventSubscriber/LOADING]: Auto-subscribing ovh.corail.tombstone.event.EventHandler to FORGE
[07Oct2025 19:36:58.104] [modloading-worker-0/DEBUG] [net.minecraftforge.fml.javafmlmod.AutomaticEventSubscriber/LOADING]: Auto-subscribing ovh.corail.tombstone.config.ConfigTombstone$ConfigEvent to MOD
[07Oct2025 19:36:58.105] [modloading-worker-0/DEBUG] [net.minecraftforge.fml.javafmlmod.AutomaticEventSubscriber/LOADING]: Attempting to inject @EventBusSubscriber classes into the eventbus for cryonicconfig
[07Oct2025 19:36:58.112] [modloading-worker-0/DEBUG] [net.minecraftforge.fml.javafmlmod.AutomaticEventSubscriber/LOADING]: Attempting to inject @EventBusSubscriber classes into the eventbus for resourcefullib
[07Oct2025 19:36:58.130] [modloading-worker-0/DEBUG] [net.minecraftforge.fml.javafmlmod.AutomaticEventSubscriber/LOADING]: Attempting to inject @EventBusSubscriber classes into the eventbus for born_in_chaos_v1
[07Oct2025 19:36:58.130] [modloading-worker-0/DEBUG] [net.minecraftforge.fml.javafmlmod.AutomaticEventSubscriber/LOADING]: Auto-subscribing net.mcreator.borninchaosv.recipes.brewing.StimulatingDecoctionPBrewingRecipe to MOD
[07Oct2025 19:36:58.131] [modloading-worker-0/DEBUG] [net.minecraftforge.fml.javafmlmod.AutomaticEventSubscriber/LOADING]: Auto-subscribing net.mcreator.borninchaosv.recipes.brewing.SeaTerrorEyeKBrewingRecipe to MOD
[07Oct2025 19:36:58.133] [modloading-worker-0/DEBUG] [net.minecraftforge.fml.javafmlmod.AutomaticEventSubscriber/LOADING]: Auto-subscribing net.mcreator.borninchaosv.recipes.brewing.PotionofRampagekBrewingRecipe to MOD
[07Oct2025 19:36:58.138] [modloading-worker-0/DEBUG] [net.minecraftforge.fml.javafmlmod.AutomaticEventSubscriber/LOADING]: Auto-subscribing net.mcreator.borninchaosv.recipes.brewing.PotionofMagicalDepletionKBrewingRecipe to MOD
[07Oct2025 19:36:58.139] [modloading-worker-0/DEBUG] [net.minecraftforge.fml.javafmlmod.AutomaticEventSubscriber/LOADING]: Auto-subscribing net.mcreator.borninchaosv.recipes.brewing.PotionofLivingCocoonCraftBrewingRecipe to MOD
[07Oct2025 19:36:58.143] [modloading-worker-0/DEBUG] [net.minecraftforge.fml.javafmlmod.AutomaticEventSubscriber/LOADING]: Auto-subscribing net.mcreator.borninchaosv.recipes.brewing.IntoxicationPotionKBrewingRecipe to MOD
[07Oct2025 19:36:58.143] [modloading-worker-0/DEBUG] [net.minecraftforge.fml.javafmlmod.AutomaticEventSubscriber/LOADING]: Auto-subscribing net.mcreator.borninchaosv.recipes.brewing.ElixirofWitherResistanceCraftBrewingRecipe to MOD
[07Oct2025 19:36:58.146] [modloading-worker-0/DEBUG] [net.minecraftforge.fml.javafmlmod.AutomaticEventSubscriber/LOADING]: Auto-subscribing net.mcreator.borninchaosv.recipes.brewing.ElixirofVampirismKBrewingRecipe to MOD
[07Oct2025 19:36:58.149] [modloading-worker-0/DEBUG] [net.minecraftforge.fml.javafmlmod.AutomaticEventSubscriber/LOADING]: Auto-subscribing net.mcreator.borninchaosv.recipes.brewing.ElixirofInsectProtectionCraftBrewingRecipe to MOD
[07Oct2025 19:36:58.151] [modloading-worker-0/DEBUG] [net.minecraftforge.fml.javafmlmod.AutomaticEventSubscriber/LOADING]: Auto-subscribing net.mcreator.borninchaosv.recipes.brewing.ElixirofIceBarrierCraftBrewingRecipe to MOD
[07Oct2025 19:36:58.154] [modloading-worker-0/DEBUG] [net.minecraftforge.fml.javafmlmod.AutomaticEventSubscriber/LOADING]: Auto-subscribing net.mcreator.borninchaosv.recipes.brewing.ChaosComponentCraftBrewingRecipe to MOD
[07Oct2025 19:36:58.155] [modloading-worker-0/DEBUG] [net.minecraftforge.fml.javafmlmod.AutomaticEventSubscriber/LOADING]: Auto-subscribing net.mcreator.borninchaosv.recipes.brewing.BottleOfMagicalEnergyKBrewingRecipe to MOD
[07Oct2025 19:36:58.155] [modloading-worker-0/DEBUG] [net.minecraftforge.fml.javafmlmod.AutomaticEventSubscriber/LOADING]: Auto-subscribing net.mcreator.borninchaosv.procedures.ZombieswithDoorPriObnovlieniiTaktaSushchnostiProcedure to FORGE
[07Oct2025 19:36:58.156] [modloading-worker-0/DEBUG] [net.minecraftforge.fml.javafmlmod.AutomaticEventSubscriber/LOADING]: Auto-subscribing net.mcreator.borninchaosv.procedures.ZombiefishermanatackProcedure to FORGE
[07Oct2025 19:36:58.160] [modloading-worker-0/DEBUG] [net.minecraftforge.fml.javafmlmod.AutomaticEventSubscriber/LOADING]: Auto-subscribing net.mcreator.borninchaosv.procedures.ZombieclownatacProcedure to FORGE
[07Oct2025 19:36:58.161] [modloading-worker-0/DEBUG] [net.minecraftforge.fml.javafmlmod.AutomaticEventSubscriber/LOADING]: Auto-subscribing net.mcreator.borninchaosv.procedures.ZombieMaggotsProcedure to FORGE
[07Oct2025 19:36:58.162] [modloading-worker-0/DEBUG] [net.minecraftforge.fml.javafmlmod.AutomaticEventSubscriber/LOADING]: Auto-subscribing net.mcreator.borninchaosv.procedures.ZombieLumberjackAtackProcedure to FORGE
[07Oct2025 19:36:58.164] [modloading-worker-0/DEBUG] [net.minecraftforge.fml.javafmlmod.AutomaticEventSubscriber/LOADING]: Auto-subscribing net.mcreator.borninchaosv.procedures.ZombieBruiseratackProcedure to FORGE
[07Oct2025 19:36:58.171] [modloading-worker-0/DEBUG] [net.minecraftforge.fml.javafmlmod.AutomaticEventSubscriber/LOADING]: Auto-subscribing net.mcreator.borninchaosv.procedures.WarningSoundProcedure to FORGE
[07Oct2025 19:36:58.172] [modloading-worker-0/DEBUG] [net.minecraftforge.fml.javafmlmod.AutomaticEventSubscriber/LOADING]: Auto-subscribing net.mcreator.borninchaosv.procedures.VampiricTouchAtackProcedure to FORGE
[07Oct2025 19:36:58.172] [modloading-worker-0/DEBUG] [net.minecraftforge.fml.javafmlmod.AutomaticEventSubscriber/LOADING]: Auto-subscribing net.mcreator.borninchaosv.procedures.TransmutingElixirclicProcedure to FORGE
[07Oct2025 19:36:58.178] [modloading-worker-0/DEBUG] [net.minecraftforge.fml.config.ConfigTracker/CONFIG]: Config file ars_elemental/glyph_watery_grave.toml for ars_elemental tracking
[07Oct2025 19:36:58.179] [modloading-worker-0/DEBUG] [net.minecraftforge.fml.javafmlmod.AutomaticEventSubscriber/LOADING]: Auto-subscribing net.mcreator.borninchaosv.procedures.ThornshellCrabPriShchielchkiePKMPoSushchnostiProcedure to FORGE
[07Oct2025 19:36:58.181] [modloading-worker-0/DEBUG] [net.minecraftforge.fml.javafmlmod.AutomaticEventSubscriber/LOADING]: Auto-subscribing net.mcreator.borninchaosv.procedures.SwarmerPreparationProcedure to FORGE
[07Oct2025 19:36:58.184] [modloading-worker-0/DEBUG] [net.minecraftforge.fml.javafmlmod.AutomaticEventSubscriber/LOADING]: Auto-subscribing net.mcreator.borninchaosv.procedures.SpiritofChaosAtackProcedure to FORGE
[07Oct2025 19:36:58.184] [modloading-worker-0/DEBUG] [net.minecraftforge.fml.config.ConfigTracker/CONFIG]: Config file ars_elemental/glyph_bubble_shield.toml for ars_elemental tracking
[07Oct2025 19:36:58.185] [modloading-worker-0/DEBUG] [net.minecraftforge.fml.config.ConfigTracker/CONFIG]: Config file ars_elemental/glyph_conjure_terrain.toml for ars_elemental tracking
[07Oct2025 19:36:58.187] [modloading-worker-0/DEBUG] [net.minecraftforge.fml.config.ConfigTracker/CONFIG]: Config file ars_elemental/glyph_charm.toml for ars_elemental tracking
[07Oct2025 19:36:58.188] [modloading-worker-0/DEBUG] [net.minecraftforge.fml.config.ConfigTracker/CONFIG]: Config file ars_elemental/glyph_phantom_grasp.toml for ars_elemental tracking
[07Oct2025 19:36:58.191] [modloading-worker-0/DEBUG] [net.minecraftforge.fml.config.ConfigTracker/CONFIG]: Config file ars_elemental/glyph_life_link.toml for ars_elemental tracking
[07Oct2025 19:36:58.192] [modloading-worker-0/DEBUG] [net.minecraftforge.fml.config.ConfigTracker/CONFIG]: Config file ars_elemental/glyph_poison_spores.toml for ars_elemental tracking
[07Oct2025 19:36:58.186] [modloading-worker-0/DEBUG] [net.minecraftforge.fml.javafmlmod.AutomaticEventSubscriber/LOADING]: Auto-subscribing net.mcreator.borninchaosv.procedures.SpiritGuideAtacProcedure to FORGE
[07Oct2025 19:36:58.195] [modloading-worker-0/DEBUG] [net.minecraftforge.fml.javafmlmod.AutomaticEventSubscriber/LOADING]: Auto-subscribing net.mcreator.borninchaosv.procedures.SpinyShellArmorKazhdyiTikDliaShliemaProcedure to FORGE
[07Oct2025 19:36:58.196] [modloading-worker-0/DEBUG] [net.minecraftforge.fml.javafmlmod.AutomaticEventSubscriber/LOADING]: Auto-subscribing net.mcreator.borninchaosv.procedures.SkeletonThrasherDProcedure to FORGE
[07Oct2025 19:36:58.201] [modloading-worker-0/DEBUG] [net.minecraftforge.fml.javafmlmod.AutomaticEventSubscriber/LOADING]: Auto-subscribing net.mcreator.borninchaosv.procedures.SerPumpkinheadAtacProcedure to FORGE
[07Oct2025 19:36:58.200] [modloading-worker-0/DEBUG] [net.minecraftforge.fml.config.ConfigTracker/CONFIG]: Config file ars_elemental/glyph_discharge.toml for ars_elemental tracking
[07Oct2025 19:36:58.201] [modloading-worker-0/DEBUG] [net.minecraftforge.fml.config.ConfigTracker/CONFIG]: Config file ars_elemental/glyph_envenom.toml for ars_elemental tracking
[07Oct2025 19:36:58.202] [modloading-worker-0/DEBUG] [net.minecraftforge.fml.config.ConfigTracker/CONFIG]: Config file ars_elemental/glyph_spike.toml for ars_elemental tracking
[07Oct2025 19:36:58.202] [modloading-worker-0/DEBUG] [net.minecraftforge.fml.config.ConfigTracker/CONFIG]: Config file ars_elemental/glyph_spark.toml for ars_elemental tracking
[07Oct2025 19:36:58.202] [modloading-worker-0/DEBUG] [net.minecraftforge.fml.config.ConfigTracker/CONFIG]: Config file ars_elemental/glyph_homing_projectile.toml for ars_elemental tracking
[07Oct2025 19:36:58.203] [modloading-worker-0/DEBUG] [net.minecraftforge.fml.config.ConfigTracker/CONFIG]: Config file ars_elemental/glyph_arc_projectile.toml for ars_elemental tracking
[07Oct2025 19:36:58.205] [modloading-worker-0/DEBUG] [net.minecraftforge.fml.config.ConfigTracker/CONFIG]: Config file ars_elemental/glyph_propagator_homing.toml for ars_elemental tracking
[07Oct2025 19:36:58.203] [modloading-worker-0/DEBUG] [net.minecraftforge.fml.javafmlmod.AutomaticEventSubscriber/LOADING]: Auto-subscribing net.mcreator.borninchaosv.procedures.SearedspiritPProcedure to FORGE
[07Oct2025 19:36:58.207] [modloading-worker-0/DEBUG] [net.minecraftforge.fml.javafmlmod.AutomaticEventSubscriber/LOADING]: Auto-subscribing net.mcreator.borninchaosv.procedures.RampagePProcedure to FORGE
[07Oct2025 19:36:58.211] [modloading-worker-0/DEBUG] [net.minecraftforge.fml.javafmlmod.AutomaticEventSubscriber/LOADING]: Auto-subscribing net.mcreator.borninchaosv.procedures.PumpkinbruiserAtacProcedure to FORGE
[07Oct2025 19:36:58.207] [modloading-worker-0/DEBUG] [net.minecraftforge.fml.config.ConfigTracker/CONFIG]: Config file ars_elemental/glyph_propagator_arc.toml for ars_elemental tracking
[07Oct2025 19:36:58.212] [modloading-worker-0/DEBUG] [net.minecraftforge.fml.config.ConfigTracker/CONFIG]: Config file ars_elemental/glyph_aquatic_filter.toml for ars_elemental tracking
[07Oct2025 19:36:58.212] [modloading-worker-0/DEBUG] [net.minecraftforge.fml.config.ConfigTracker/CONFIG]: Config file ars_elemental/glyph_not_aquatic_filter.toml for ars_elemental tracking
[07Oct2025 19:36:58.212] [modloading-worker-0/DEBUG] [net.minecraftforge.fml.config.ConfigTracker/CONFIG]: Config file ars_elemental/glyph_fiery_filter.toml for ars_elemental tracking
[07Oct2025 19:36:58.214] [modloading-worker-0/DEBUG] [net.minecraftforge.fml.config.ConfigTracker/CONFIG]: Config file ars_elemental/glyph_not_fiery_filter.toml for ars_elemental tracking
[07Oct2025 19:36:58.218] [modloading-worker-0/DEBUG] [net.minecraftforge.fml.config.ConfigTracker/CONFIG]: Config file ars_elemental/glyph_aerial_filter.toml for ars_elemental tracking
[07Oct2025 19:36:58.219] [modloading-worker-0/DEBUG] [net.minecraftforge.fml.config.ConfigTracker/CONFIG]: Config file ars_elemental/glyph_not_aerial_filter.toml for ars_elemental tracking
[07Oct2025 19:36:58.219] [modloading-worker-0/DEBUG] [net.minecraftforge.fml.config.ConfigTracker/CONFIG]: Config file ars_elemental/glyph_insect_filter.toml for ars_elemental tracking
[07Oct2025 19:36:58.219] [modloading-worker-0/DEBUG] [net.minecraftforge.fml.config.ConfigTracker/CONFIG]: Config file ars_elemental/glyph_not_insect_filter.toml for ars_elemental tracking
[07Oct2025 19:36:58.220] [modloading-worker-0/DEBUG] [net.minecraftforge.fml.config.ConfigTracker/CONFIG]: Config file ars_elemental/glyph_undead_filter.toml for ars_elemental tracking
[07Oct2025 19:36:58.213] [modloading-worker-0/DEBUG] [net.minecraftforge.fml.javafmlmod.AutomaticEventSubscriber/LOADING]: Auto-subscribing net.mcreator.borninchaosv.procedures.PositiveTamingProcedure to FORGE
[07Oct2025 19:36:58.221] [modloading-worker-0/DEBUG] [net.minecraftforge.fml.config.ConfigTracker/CONFIG]: Config file ars_elemental/glyph_not_undead_filter.toml for ars_elemental tracking
[07Oct2025 19:36:58.224] [modloading-worker-0/DEBUG] [net.minecraftforge.fml.javafmlmod.AutomaticEventSubscriber/LOADING]: Auto-subscribing net.mcreator.borninchaosv.procedures.PositiveFertilizerProcedure to FORGE
[07Oct2025 19:36:58.224] [modloading-worker-0/DEBUG] [net.minecraftforge.fml.config.ConfigTracker/CONFIG]: Config file ars_elemental/glyph_summon_filter.toml for ars_elemental tracking
[07Oct2025 19:36:58.225] [modloading-worker-0/DEBUG] [net.minecraftforge.fml.config.ConfigTracker/CONFIG]: Config file ars_elemental/glyph_not_summon_filter.toml for ars_elemental tracking
[07Oct2025 19:36:58.227] [modloading-worker-0/DEBUG] [net.minecraftforge.fml.javafmlmod.AutomaticEventSubscriber/LOADING]: Auto-subscribing net.mcreator.borninchaosv.procedures.PiritAtacProcedure to FORGE
[07Oct2025 19:36:58.231] [modloading-worker-0/DEBUG] [net.minecraftforge.fml.javafmlmod.AutomaticEventSubscriber/LOADING]: Attempting to inject @EventBusSubscriber classes into the eventbus for ars_elemental
[07Oct2025 19:36:58.231] [modloading-worker-0/DEBUG] [net.minecraftforge.fml.javafmlmod.AutomaticEventSubscriber/LOADING]: Auto-subscribing alexthw.ars_elemental.registry.ModItems to MOD
[07Oct2025 19:36:58.231] [modloading-worker-0/DEBUG] [net.minecraftforge.fml.javafmlmod.AutomaticEventSubscriber/LOADING]: Auto-subscribing alexthw.ars_elemental.registry.ModEntities to MOD
[07Oct2025 19:36:58.232] [modloading-worker-0/DEBUG] [net.minecraftforge.fml.javafmlmod.AutomaticEventSubscriber/LOADING]: Auto-subscribing net.mcreator.borninchaosv.procedures.ObsessiondeadProcedure to FORGE
[07Oct2025 19:36:58.233] [modloading-worker-0/DEBUG] [net.minecraftforge.fml.javafmlmod.AutomaticEventSubscriber/LOADING]: Auto-subscribing alexthw.ars_elemental.network.NetworkManager to MOD
[07Oct2025 19:36:58.233] [modloading-worker-0/DEBUG] [net.minecraftforge.fml.javafmlmod.AutomaticEventSubscriber/LOADING]: Auto-subscribing net.mcreator.borninchaosv.procedures.NightmareStalkerDamProcedure to FORGE
[07Oct2025 19:36:58.237] [modloading-worker-0/DEBUG] [net.minecraftforge.fml.javafmlmod.AutomaticEventSubscriber/LOADING]: Auto-subscribing net.mcreator.borninchaosv.procedures.MrPumpkinAtacProcedure to FORGE
[07Oct2025 19:36:58.238] [modloading-worker-0/DEBUG] [net.minecraftforge.fml.javafmlmod.AutomaticEventSubscriber/LOADING]: Auto-subscribing net.mcreator.borninchaosv.procedures.MotherSpiderAtackProcedure to FORGE
[07Oct2025 19:36:58.239] [modloading-worker-0/DEBUG] [net.minecraftforge.fml.javafmlmod.AutomaticEventSubscriber/LOADING]: Auto-subscribing net.mcreator.borninchaosv.procedures.MissionaryHatpProcedure to FORGE
[07Oct2025 19:36:58.234] [modloading-worker-0/DEBUG] [net.minecraftforge.fml.javafmlmod.AutomaticEventSubscriber/LOADING]: Auto-subscribing alexthw.ars_elemental.event.SummonEvents to FORGE
[07Oct2025 19:36:58.246] [modloading-worker-0/DEBUG] [net.minecraftforge.fml.javafmlmod.AutomaticEventSubscriber/LOADING]: Auto-subscribing alexthw.ars_elemental.event.ShieldEvents to FORGE
[07Oct2025 19:36:58.249] [modloading-worker-0/DEBUG] [net.minecraftforge.fml.javafmlmod.AutomaticEventSubscriber/LOADING]: Auto-subscribing alexthw.ars_elemental.event.GlyphEvents to FORGE
[07Oct2025 19:36:58.250] [modloading-worker-0/DEBUG] [net.minecraftforge.fml.javafmlmod.AutomaticEventSubscriber/LOADING]: Auto-subscribing net.mcreator.borninchaosv.procedures.MissionaryAtacktargetProcedure to FORGE
[07Oct2025 19:36:58.251] [modloading-worker-0/DEBUG] [net.minecraftforge.fml.javafmlmod.AutomaticEventSubscriber/LOADING]: Auto-subscribing net.mcreator.borninchaosv.procedures.MinionsattacktargetProcedure to FORGE
[07Oct2025 19:36:58.252] [modloading-worker-0/DEBUG] [net.minecraftforge.fml.javafmlmod.AutomaticEventSubscriber/LOADING]: Auto-subscribing net.mcreator.borninchaosv.procedures.LunarSpruceCowboyPProcedure to FORGE
[07Oct2025 19:36:58.253] [modloading-worker-0/DEBUG] [net.minecraftforge.fml.javafmlmod.AutomaticEventSubscriber/LOADING]: Auto-subscribing net.mcreator.borninchaosv.procedures.LordsFelsteedatackProcedure to FORGE
[07Oct2025 19:36:58.256] [modloading-worker-0/DEBUG] [net.minecraftforge.fml.javafmlmod.AutomaticEventSubscriber/LOADING]: Auto-subscribing net.mcreator.borninchaosv.procedures.LordTheHeadlessAtackProcedure to FORGE
[07Oct2025 19:36:58.257] [modloading-worker-0/DEBUG] [net.minecraftforge.fml.javafmlmod.AutomaticEventSubscriber/LOADING]: Auto-subscribing net.mcreator.borninchaosv.procedures.LordPumpkinheadsHatHitProcedure to FORGE
[07Oct2025 19:36:58.257] [modloading-worker-0/DEBUG] [net.minecraftforge.fml.javafmlmod.AutomaticEventSubscriber/LOADING]: Auto-subscribing alexthw.ars_elemental.event.Events to FORGE
[07Oct2025 19:36:58.262] [modloading-worker-0/DEBUG] [net.minecraftforge.fml.javafmlmod.AutomaticEventSubscriber/LOADING]: Auto-subscribing net.mcreator.borninchaosv.procedures.LordPumpkinheadatackProcedure to FORGE
[07Oct2025 19:36:58.263] [modloading-worker-0/DEBUG] [net.minecraftforge.fml.javafmlmod.AutomaticEventSubscriber/LOADING]: Auto-subscribing net.mcreator.borninchaosv.procedures.LivingcocoonplayersideDeadProcedure to FORGE
[07Oct2025 19:36:58.264] [modloading-worker-0/DEBUG] [net.minecraftforge.fml.javafmlmod.AutomaticEventSubscriber/LOADING]: Auto-subscribing net.mcreator.borninchaosv.procedures.LivingCocoonDeadProcedure to FORGE
[07Oct2025 19:36:58.268] [modloading-worker-0/DEBUG] [net.minecraftforge.fml.javafmlmod.AutomaticEventSubscriber/LOADING]: Auto-subscribing net.mcreator.borninchaosv.procedures.LifestealerTFAtackProcedure to FORGE
[07Oct2025 19:36:58.269] [modloading-worker-0/DEBUG] [net.minecraftforge.fml.javafmlmod.AutomaticEventSubscriber/LOADING]: Auto-subscribing net.mcreator.borninchaosv.procedures.LifestealerAtackProcedure to FORGE
[07Oct2025 19:36:58.270] [modloading-worker-0/DEBUG] [net.minecraftforge.fml.javafmlmod.AutomaticEventSubscriber/LOADING]: Auto-subscribing net.mcreator.borninchaosv.procedures.KrampusHenchmanAttackProcedure to FORGE
[07Oct2025 19:36:58.270] [modloading-worker-0/DEBUG] [net.minecraftforge.fml.javafmlmod.AutomaticEventSubscriber/LOADING]: Auto-subscribing alexthw.ars_elemental.event.DamageEvents to FORGE
[07Oct2025 19:36:58.271] [modloading-worker-0/DEBUG] [net.minecraftforge.fml.javafmlmod.AutomaticEventSubscriber/LOADING]: Auto-subscribing net.mcreator.borninchaosv.procedures.KrampusAttackProcedure to FORGE
[07Oct2025 19:36:58.275] [modloading-worker-0/DEBUG] [net.minecraftforge.fml.javafmlmod.AutomaticEventSubscriber/LOADING]: Auto-subscribing net.mcreator.borninchaosv.procedures.KillinganimalsProcedure to FORGE
[07Oct2025 19:36:58.276] [modloading-worker-0/DEBUG] [net.minecraftforge.fml.javafmlmod.AutomaticEventSubscriber/LOADING]: Attempting to inject @EventBusSubscriber classes into the eventbus for ars_nouveau
[07Oct2025 19:36:58.277] [modloading-worker-0/DEBUG] [net.minecraftforge.fml.javafmlmod.AutomaticEventSubscriber/LOADING]: Auto-subscribing com.hollingsworth.arsnouveau.setup.registry.RecipeRegistry to MOD
[07Oct2025 19:36:58.277] [modloading-worker-0/DEBUG] [net.minecraftforge.fml.javafmlmod.AutomaticEventSubscriber/LOADING]: Auto-subscribing com.hollingsworth.arsnouveau.setup.registry.ModEntities$RegistrationHandler to MOD
[07Oct2025 19:36:58.277] [modloading-worker-0/DEBUG] [net.minecraftforge.fml.javafmlmod.AutomaticEventSubscriber/LOADING]: Auto-subscribing alexthw.ars_elemental.datagen.Datagen to MOD
[07Oct2025 19:36:58.278] [modloading-worker-0/DEBUG] [net.minecraftforge.fml.javafmlmod.AutomaticEventSubscriber/LOADING]: Auto-subscribing com.hollingsworth.arsnouveau.setup.registry.CapabilityRegistry$EventHandler to FORGE
[07Oct2025 19:36:58.278] [modloading-worker-0/DEBUG] [net.minecraftforge.fml.javafmlmod.AutomaticEventSubscriber/LOADING]: Auto-subscribing net.mcreator.borninchaosv.procedures.KillingVillagersProcedure to FORGE
[07Oct2025 19:36:58.279] [modloading-worker-0/DEBUG] [net.minecraftforge.fml.javafmlmod.AutomaticEventSubscriber/LOADING]: Auto-subscribing net.mcreator.borninchaosv.procedures.InsectProtectionTrigerProcedure to FORGE
[07Oct2025 19:36:58.282] [modloading-worker-0/DEBUG] [net.minecraftforge.fml.javafmlmod.AutomaticEventSubscriber/LOADING]: Auto-subscribing alexthw.ars_elemental.common.items.foci.NecroticFocus to FORGE
[07Oct2025 19:36:58.290] [modloading-worker-0/DEBUG] [net.minecraftforge.fml.javafmlmod.AutomaticEventSubscriber/LOADING]: Auto-subscribing alexthw.ars_elemental.common.entity.EntityAttributes to MOD
[07Oct2025 19:36:58.292] [modloading-worker-0/DEBUG] [net.minecraftforge.fml.javafmlmod.AutomaticEventSubscriber/LOADING]: Auto-subscribing com.hollingsworth.arsnouveau.setup.config.Config to MOD
[07Oct2025 19:36:58.294] [modloading-worker-0/DEBUG] [net.minecraftforge.fml.javafmlmod.AutomaticEventSubscriber/LOADING]: Auto-subscribing com.hollingsworth.arsnouveau.common.world.saved_data.RedstoneSavedData to FORGE
[07Oct2025 19:36:58.298] [modloading-worker-0/DEBUG] [net.minecraftforge.fml.javafmlmod.AutomaticEventSubscriber/LOADING]: Auto-subscribing com.hollingsworth.arsnouveau.common.potions.GravityEffect to FORGE
[07Oct2025 19:36:58.298] [modloading-worker-0/DEBUG] [net.minecraftforge.fml.javafmlmod.AutomaticEventSubscriber/LOADING]: Auto-subscribing net.mcreator.borninchaosv.procedures.InfernalSpiritAtackProcedure to FORGE
[07Oct2025 19:36:58.302] [modloading-worker-0/DEBUG] [net.minecraftforge.fml.javafmlmod.AutomaticEventSubscriber/LOADING]: Auto-subscribing net.mcreator.borninchaosv.procedures.IceBarrierAttackProcedure to FORGE
[07Oct2025 19:36:58.303] [modloading-worker-0/DEBUG] [net.minecraftforge.fml.javafmlmod.AutomaticEventSubscriber/LOADING]: Auto-subscribing net.mcreator.borninchaosv.procedures.HewnScorchedLogPProcedure to FORGE
[07Oct2025 19:36:58.304] [modloading-worker-0/DEBUG] [net.minecraftforge.fml.javafmlmod.AutomaticEventSubscriber/LOADING]: Auto-subscribing net.mcreator.borninchaosv.procedures.GluttonfishatackProcedure to FORGE
[07Oct2025 19:36:58.304] [modloading-worker-0/DEBUG] [net.minecraftforge.fml.config.ConfigTracker/CONFIG]: Config file deeperdarker-common.toml for deeperdarker tracking
[07Oct2025 19:36:58.305] [modloading-worker-0/DEBUG] [net.minecraftforge.fml.javafmlmod.AutomaticEventSubscriber/LOADING]: Attempting to inject @EventBusSubscriber classes into the eventbus for deeperdarker
[07Oct2025 19:36:58.305] [modloading-worker-0/DEBUG] [net.minecraftforge.fml.javafmlmod.AutomaticEventSubscriber/LOADING]: Auto-subscribing com.kyanite.deeperdarker.DeeperDarkerEvents to FORGE
[07Oct2025 19:36:58.308] [modloading-worker-0/DEBUG] [net.minecraftforge.fml.javafmlmod.AutomaticEventSubscriber/LOADING]: Auto-subscribing com.hollingsworth.arsnouveau.common.potions.BounceEffect to FORGE
[07Oct2025 19:36:58.309] [modloading-worker-0/DEBUG] [net.minecraftforge.fml.javafmlmod.AutomaticEventSubscriber/LOADING]: Auto-subscribing com.hollingsworth.arsnouveau.common.mob_jar.WitherBehavior to FORGE
[07Oct2025 19:36:58.310] [modloading-worker-0/DEBUG] [net.minecraftforge.fml.javafmlmod.AutomaticEventSubscriber/LOADING]: Auto-subscribing com.hollingsworth.arsnouveau.common.items.curios.SummoningFocus to FORGE
[07Oct2025 19:36:58.314] [modloading-worker-0/DEBUG] [net.minecraftforge.fml.javafmlmod.AutomaticEventSubscriber/LOADING]: Auto-subscribing net.mcreator.borninchaosv.procedures.FragileScorchedPlanksPProcedure to FORGE
[07Oct2025 19:36:58.316] [modloading-worker-0/DEBUG] [net.minecraftforge.fml.javafmlmod.AutomaticEventSubscriber/LOADING]: Auto-subscribing com.hollingsworth.arsnouveau.common.event.SummonEvents to FORGE
[07Oct2025 19:36:58.317] [modloading-worker-0/DEBUG] [net.minecraftforge.fml.javafmlmod.AutomaticEventSubscriber/LOADING]: Auto-subscribing com.hollingsworth.arsnouveau.common.event.ReactiveEvents to FORGE
[07Oct2025 19:36:58.319] [modloading-worker-0/DEBUG] [net.minecraftforge.fml.javafmlmod.AutomaticEventSubscriber/LOADING]: Auto-subscribing net.mcreator.borninchaosv.procedures.FirelightDProcedure to FORGE
[07Oct2025 19:36:58.321] [modloading-worker-0/DEBUG] [net.minecraftforge.fml.javafmlmod.AutomaticEventSubscriber/LOADING]: Auto-subscribing net.mcreator.borninchaosv.procedures.ExperienceContainerDeathProcedure to FORGE
[07Oct2025 19:36:58.321] [modloading-worker-0/DEBUG] [net.minecraftforge.fml.javafmlmod.AutomaticEventSubscriber/LOADING]: Auto-subscribing com.hollingsworth.arsnouveau.common.event.PerkEvents to FORGE
[07Oct2025 19:36:58.322] [modloading-worker-0/DEBUG] [net.minecraftforge.fml.javafmlmod.AutomaticEventSubscriber/LOADING]: Auto-subscribing net.mcreator.borninchaosv.procedures.EvilCarvedPumpkinPProcedure to FORGE
[07Oct2025 19:36:58.323] [modloading-worker-0/DEBUG] [net.minecraftforge.fml.javafmlmod.AutomaticEventSubscriber/LOADING]: Auto-subscribing net.mcreator.borninchaosv.procedures.EatingRottenFleshProcedure to FORGE
[07Oct2025 19:36:58.328] [modloading-worker-0/DEBUG] [net.minecraftforge.fml.javafmlmod.AutomaticEventSubscriber/LOADING]: Auto-subscribing net.mcreator.borninchaosv.procedures.EasterDropProcedure to FORGE
[07Oct2025 19:36:58.332] [modloading-worker-0/DEBUG] [net.minecraftforge.fml.javafmlmod.AutomaticEventSubscriber/LOADING]: Auto-subscribing net.mcreator.borninchaosv.procedures.DreadHoundPriNazhatiiPravoiKnopkiNaSushchnostProcedure to FORGE
[07Oct2025 19:36:58.333] [modloading-worker-0/DEBUG] [net.minecraftforge.fml.javafmlmod.AutomaticEventSubscriber/LOADING]: Auto-subscribing net.mcreator.borninchaosv.procedures.DreadHoundAtacProcedure to FORGE
[07Oct2025 19:36:58.334] [modloading-worker-0/DEBUG] [net.minecraftforge.fml.javafmlmod.AutomaticEventSubscriber/LOADING]: Auto-subscribing net.mcreator.borninchaosv.procedures.DireHoundLeaderAtackProcedure to FORGE
[07Oct2025 19:36:58.335] [modloading-worker-0/DEBUG] [net.minecraftforge.fml.javafmlmod.AutomaticEventSubscriber/LOADING]: Auto-subscribing com.hollingsworth.arsnouveau.common.event.ManaCapEvents to FORGE
[07Oct2025 19:36:58.337] [modloading-worker-0/DEBUG] [net.minecraftforge.fml.javafmlmod.AutomaticEventSubscriber/LOADING]: Auto-subscribing net.mcreator.borninchaosv.procedures.DimonBaitProcedure to FORGE
[07Oct2025 19:36:58.340] [modloading-worker-0/DEBUG] [net.minecraftforge.fml.javafmlmod.AutomaticEventSubscriber/LOADING]: Auto-subscribing com.hollingsworth.arsnouveau.common.event.LightEvents to FORGE
[07Oct2025 19:36:58.340] [modloading-worker-0/DEBUG] [net.minecraftforge.fml.javafmlmod.AutomaticEventSubscriber/LOADING]: Auto-subscribing net.mcreator.borninchaosv.procedures.DeathTotemKoghdaPriedmietNakhoditsiaVRukieProcedure to FORGE
[07Oct2025 19:36:58.345] [modloading-worker-0/DEBUG] [net.minecraftforge.fml.javafmlmod.AutomaticEventSubscriber/LOADING]: Auto-subscribing net.mcreator.borninchaosv.procedures.DarkWardActivProcedure to FORGE
[07Oct2025 19:36:58.346] [modloading-worker-0/DEBUG] [net.minecraftforge.fml.javafmlmod.AutomaticEventSubscriber/LOADING]: Auto-subscribing com.hollingsworth.arsnouveau.common.event.JarEvents to FORGE
[07Oct2025 19:36:58.346] [modloading-worker-0/DEBUG] [net.minecraftforge.fml.javafmlmod.AutomaticEventSubscriber/LOADING]: Auto-subscribing net.mcreator.borninchaosv.procedures.DarkRitualDaggerPProcedure to FORGE
[07Oct2025 19:36:58.347] [modloading-worker-0/DEBUG] [net.minecraftforge.fml.javafmlmod.AutomaticEventSubscriber/LOADING]: Auto-subscribing com.hollingsworth.arsnouveau.common.event.FamiliarEvents to FORGE
[07Oct2025 19:36:58.352] [modloading-worker-0/DEBUG] [net.minecraftforge.fml.javafmlmod.AutomaticEventSubscriber/LOADING]: Auto-subscribing net.mcreator.borninchaosv.procedures.DZombieDProcedure to FORGE
[07Oct2025 19:36:58.353] [modloading-worker-0/DEBUG] [net.minecraftforge.fml.javafmlmod.AutomaticEventSubscriber/LOADING]: Auto-subscribing net.mcreator.borninchaosv.procedures.CursedMarkAtacProcedure to FORGE
[07Oct2025 19:36:58.353] [modloading-worker-0/DEBUG] [net.minecraftforge.fml.javafmlmod.AutomaticEventSubscriber/LOADING]: Auto-subscribing net.mcreator.borninchaosv.procedures.CorpseflyatacProcedure to FORGE
[07Oct2025 19:36:58.361] [modloading-worker-0/DEBUG] [net.minecraftforge.fml.javafmlmod.AutomaticEventSubscriber/LOADING]: Auto-subscribing net.mcreator.borninchaosv.procedures.BoneBarrierProProcedure to FORGE
[07Oct2025 19:36:58.363] [modloading-worker-0/DEBUG] [net.minecraftforge.fml.javafmlmod.AutomaticEventSubscriber/LOADING]: Auto-subscribing net.mcreator.borninchaosv.procedures.BloodyGadflyAtacProcedure to FORGE
[07Oct2025 19:36:58.364] [modloading-worker-0/DEBUG] [net.minecraftforge.fml.javafmlmod.AutomaticEventSubscriber/LOADING]: Auto-subscribing net.mcreator.borninchaosv.procedures.BlockSkeletonTrasherProcedure to FORGE
[07Oct2025 19:36:58.364] [modloading-worker-0/DEBUG] [net.minecraftforge.fml.javafmlmod.AutomaticEventSubscriber/LOADING]: Auto-subscribing com.hollingsworth.arsnouveau.common.event.EventHandler to FORGE
[07Oct2025 19:36:58.365] [modloading-worker-0/DEBUG] [net.minecraftforge.fml.javafmlmod.AutomaticEventSubscriber/LOADING]: Auto-subscribing net.mcreator.borninchaosv.procedures.BabyspidercontrolledAtackProcedure to FORGE
[07Oct2025 19:36:58.369] [modloading-worker-0/DEBUG] [net.minecraftforge.fml.javafmlmod.AutomaticEventSubscriber/LOADING]: Auto-subscribing net.mcreator.borninchaosv.procedures.BabySpiderAtackProcedure to FORGE
[07Oct2025 19:36:58.372] [modloading-worker-0/DEBUG] [net.minecraftforge.fml.javafmlmod.AutomaticEventSubscriber/LOADING]: Attempting to inject @EventBusSubscriber classes into the eventbus for architectury
[07Oct2025 19:36:58.372] [modloading-worker-0/DEBUG] [net.minecraftforge.fml.javafmlmod.AutomaticEventSubscriber/LOADING]: Auto-subscribing dev.architectury.registry.level.entity.trade.forge.TradeRegistryImpl to FORGE
[07Oct2025 19:36:58.375] [modloading-worker-0/DEBUG] [net.minecraftforge.fml.javafmlmod.AutomaticEventSubscriber/LOADING]: Auto-subscribing net.mcreator.borninchaosv.procedures.AxeAtackProcedure to FORGE
[07Oct2025 19:36:58.376] [modloading-worker-0/DEBUG] [net.minecraftforge.fml.javafmlmod.AutomaticEventSubscriber/LOADING]: Auto-subscribing net.mcreator.borninchaosv.procedures.AttackoftheDisobedientProcedure to FORGE
[07Oct2025 19:36:58.377] [modloading-worker-0/DEBUG] [net.minecraftforge.fml.javafmlmod.AutomaticEventSubscriber/LOADING]: Auto-subscribing net.mcreator.borninchaosv.network.BornInChaosV1ModVariables to MOD
[07Oct2025 19:36:58.378] [modloading-worker-0/DEBUG] [net.minecraftforge.fml.javafmlmod.AutomaticEventSubscriber/LOADING]: Auto-subscribing dev.architectury.registry.forge.ReloadListenerRegistryImpl to FORGE
[07Oct2025 19:36:58.379] [modloading-worker-0/DEBUG] [net.minecraftforge.fml.javafmlmod.AutomaticEventSubscriber/LOADING]: Auto-subscribing dev.architectury.networking.forge.NetworkManagerImpl to FORGE
[07Oct2025 19:36:58.380] [modloading-worker-0/DEBUG] [net.minecraftforge.fml.javafmlmod.AutomaticEventSubscriber/LOADING]: Attempting to inject @EventBusSubscriber classes into the eventbus for ferritecore
[07Oct2025 19:36:58.383] [modloading-worker-0/DEBUG] [net.minecraftforge.fml.javafmlmod.AutomaticEventSubscriber/LOADING]: Auto-subscribing net.mcreator.borninchaosv.network.BornInChaosV1ModVariables$PlayerVariablesProvider to FORGE
[07Oct2025 19:36:58.384] [modloading-worker-0/DEBUG] [net.minecraftforge.fml.javafmlmod.AutomaticEventSubscriber/LOADING]: Auto-subscribing net.mcreator.borninchaosv.network.BornInChaosV1ModVariables$EventBusVariableHandlers to FORGE
[07Oct2025 19:36:58.386] [modloading-worker-0/DEBUG] [net.minecraftforge.fml.javafmlmod.AutomaticEventSubscriber/LOADING]: Auto-subscribing net.mcreator.borninchaosv.init.ItemAnimationFactory to FORGE
[07Oct2025 19:36:58.388] [modloading-worker-0/DEBUG] [net.minecraftforge.fml.javafmlmod.AutomaticEventSubscriber/LOADING]: Auto-subscribing com.hollingsworth.arsnouveau.common.event.ArsEvents to FORGE
[07Oct2025 19:36:58.388] [modloading-worker-0/DEBUG] [net.minecraftforge.fml.javafmlmod.AutomaticEventSubscriber/LOADING]: Auto-subscribing net.mcreator.borninchaosv.init.EntityAnimationFactory to FORGE
[07Oct2025 19:36:58.398] [modloading-worker-0/DEBUG] [net.minecraftforge.fml.javafmlmod.AutomaticEventSubscriber/LOADING]: Auto-subscribing net.mcreator.borninchaosv.init.BornInChaosV1ModGameRules to MOD
[07Oct2025 19:36:58.402] [modloading-worker-0/DEBUG] [net.minecraftforge.fml.javafmlmod.AutomaticEventSubscriber/LOADING]: Auto-subscribing net.mcreator.borninchaosv.init.BornInChaosV1ModFuels to FORGE
[07Oct2025 19:36:58.405] [modloading-worker-0/DEBUG] [net.minecraftforge.fml.javafmlmod.AutomaticEventSubscriber/LOADING]: Auto-subscribing net.mcreator.borninchaosv.init.BornInChaosV1ModFeatures to FORGE
[07Oct2025 19:36:58.405] [modloading-worker-0/DEBUG] [net.minecraftforge.fml.javafmlmod.AutomaticEventSubscriber/LOADING]: Auto-subscribing net.mcreator.borninchaosv.init.BornInChaosV1ModEntities to MOD
[07Oct2025 19:36:58.405] [modloading-worker-0/DEBUG] [net.minecraftforge.fml.javafmlmod.AutomaticEventSubscriber/LOADING]: Auto-subscribing net.mcreator.borninchaosv.init.BornInChaosV1ModCompostableItems to MOD
[07Oct2025 19:36:58.407] [modloading-worker-0/DEBUG] [net.minecraftforge.fml.javafmlmod.AutomaticEventSubscriber/LOADING]: Auto-subscribing com.hollingsworth.arsnouveau.common.datagen.ModDatagen to MOD
[07Oct2025 19:36:58.409] [modloading-worker-0/DEBUG] [net.minecraftforge.fml.javafmlmod.AutomaticEventSubscriber/LOADING]: Auto-subscribing com.hollingsworth.arsnouveau.common.camera.CameraEvents to FORGE
[07Oct2025 19:36:58.407] [modloading-worker-0/DEBUG] [net.minecraftforge.fml.javafmlmod.AutomaticEventSubscriber/LOADING]: Attempting to inject @EventBusSubscriber classes into the eventbus for puzzleslib
[07Oct2025 19:36:58.412] [modloading-worker-0/DEBUG] [net.minecraftforge.fml.javafmlmod.AutomaticEventSubscriber/LOADING]: Auto-subscribing fuzs.puzzleslib.impl.PuzzlesLibForge to MOD
[07Oct2025 19:36:58.415] [modloading-worker-0/DEBUG] [net.minecraftforge.fml.javafmlmod.AutomaticEventSubscriber/LOADING]: Auto-subscribing com.hollingsworth.arsnouveau.common.block.tile.VitalicSourcelinkTile to FORGE
[07Oct2025 19:36:58.431] [modloading-worker-0/DEBUG] [net.minecraftforge.fml.javafmlmod.AutomaticEventSubscriber/LOADING]: Auto-subscribing com.hollingsworth.arsnouveau.common.block.tile.AgronomicSourcelinkTile to FORGE
[07Oct2025 19:36:58.434] [modloading-worker-0/DEBUG] [net.minecraftforge.fml.javafmlmod.AutomaticEventSubscriber/LOADING]: Auto-subscribing com.hollingsworth.arsnouveau.client.events.ClientPlayerEvent to FORGE
[07Oct2025 19:36:58.435] [modloading-worker-0/DEBUG] [net.minecraftforge.fml.javafmlmod.AutomaticEventSubscriber/LOADING]: Auto-subscribing com.hollingsworth.arsnouveau.api.util.SourceUtil to FORGE
[07Oct2025 19:36:58.438] [modloading-worker-0/DEBUG] [net.minecraftforge.fml.javafmlmod.AutomaticEventSubscriber/LOADING]: Auto-subscribing com.hollingsworth.arsnouveau.api.source.SourceManager to FORGE
[07Oct2025 19:36:58.439] [modloading-worker-0/DEBUG] [net.minecraftforge.fml.javafmlmod.AutomaticEventSubscriber/LOADING]: Auto-subscribing com.hollingsworth.arsnouveau.api.perk.PerkAttributes to MOD
[07Oct2025 19:36:58.440] [modloading-worker-0/DEBUG] [net.minecraftforge.fml.javafmlmod.AutomaticEventSubscriber/LOADING]: Auto-subscribing com.hollingsworth.arsnouveau.api.event.EventQueue to FORGE
[07Oct2025 19:36:58.441] [modloading-worker-0/DEBUG] [net.minecraftforge.fml.javafmlmod.AutomaticEventSubscriber/LOADING]: Auto-subscribing com.hollingsworth.arsnouveau.ArsNouveau to FORGE
[07Oct2025 19:36:58.443] [modloading-worker-0/INFO] [MonoLib/]: Hello Forge world!
[07Oct2025 19:36:58.446] [modloading-worker-0/DEBUG] [MonoLib/]: Loaded com.cursee.monolib.platform.ForgePlatformHelper@fd51e11 for service interface com.cursee.monolib.platform.services.IPlatformHelper
[07Oct2025 19:36:58.446] [modloading-worker-0/INFO] [MonoLib/]: Hello from Common init on Forge! we are currently in a production environment!
[07Oct2025 19:36:58.447] [modloading-worker-0/INFO] [MonoLib/]: The ID for diamonds is minecraft:diamond
[07Oct2025 19:36:58.448] [modloading-worker-0/INFO] [MonoLib/]: Hello to monolib
[07Oct2025 19:36:58.456] [modloading-worker-0/DEBUG] [net.minecraftforge.fml.javafmlmod.AutomaticEventSubscriber/LOADING]: Attempting to inject @EventBusSubscriber classes into the eventbus for chisel
[07Oct2025 19:36:58.465] [modloading-worker-0/DEBUG] [net.minecraftforge.fml.javafmlmod.AutomaticEventSubscriber/LOADING]: Attempting to inject @EventBusSubscriber classes into the eventbus for monolib
[07Oct2025 19:36:58.466] [modloading-worker-0/DEBUG] [net.minecraftforge.fml.javafmlmod.AutomaticEventSubscriber/LOADING]: Auto-subscribing com.cursee.monolib.MonoLibForge$SailingEvent to FORGE
[07Oct2025 19:36:58.471] [modloading-worker-0/DEBUG] [Framework/]: Loaded com.mrcrayfish.framework.platform.ForgePlatformHelper@c7c1885 for service interface com.mrcrayfish.framework.platform.services.IPlatformHelper
[07Oct2025 19:36:58.472] [modloading-worker-0/DEBUG] [Framework/]: Loaded com.mrcrayfish.framework.platform.ForgeNetworkHelper@6d83d830 for service interface com.mrcrayfish.framework.platform.services.INetworkHelper
[07Oct2025 19:36:58.474] [modloading-worker-0/INFO] [Puzzles Lib/]: Constructing common components for puzzleslib:main
[07Oct2025 19:36:58.483] [modloading-worker-0/DEBUG] [Framework/]: Loaded com.mrcrayfish.framework.platform.ForgeRegistrationHelper@ee8c03b for service interface com.mrcrayfish.framework.platform.services.IRegistrationHelper
[07Oct2025 19:36:58.484] [modloading-worker-0/DEBUG] [Framework/]: Loaded com.mrcrayfish.framework.platform.ForgeEntityHelper@6c3647e9 for service interface com.mrcrayfish.framework.platform.services.IEntityHelper
[07Oct2025 19:36:58.484] [modloading-worker-0/DEBUG] [Framework/]: Loaded com.mrcrayfish.framework.platform.ForgeItemHelper@49f8735a for service interface com.mrcrayfish.framework.platform.services.IItemHelper
[07Oct2025 19:36:58.485] [modloading-worker-0/DEBUG] [Framework/]: Loaded com.mrcrayfish.framework.platform.ForgeConfigHelper@6bff5ff2 for service interface com.mrcrayfish.framework.platform.services.IConfigHelper
[07Oct2025 19:36:58.522] [modloading-worker-0/DEBUG] [net.minecraftforge.fml.config.ConfigTracker/CONFIG]: Config file scalinghealth-client.toml for scalinghealth tracking
[07Oct2025 19:36:58.522] [modloading-worker-0/DEBUG] [net.minecraftforge.fml.config.ConfigTracker/CONFIG]: Config file scalinghealth-server.toml for scalinghealth tracking
[07Oct2025 19:36:58.540] [modloading-worker-0/DEBUG] [net.minecraftforge.versions.forge.ForgeVersion/CORE]: Forge Version package package net.minecraftforge.versions.forge, Forge, version 47.3 from cpw.mods.modlauncher.TransformingClassLoader@16f0ec18
[07Oct2025 19:36:58.540] [modloading-worker-0/DEBUG] [net.minecraftforge.versions.forge.ForgeVersion/CORE]: Found Forge version 47.3.7
[07Oct2025 19:36:58.540] [modloading-worker-0/DEBUG] [net.minecraftforge.versions.forge.ForgeVersion/CORE]: Found Forge spec 47.3
[07Oct2025 19:36:58.540] [modloading-worker-0/DEBUG] [net.minecraftforge.versions.forge.ForgeVersion/CORE]: Found Forge group net.minecraftforge
[07Oct2025 19:36:58.541] [modloading-worker-0/DEBUG] [net.minecraftforge.versions.mcp.MCPVersion/CORE]: MCP Version package package net.minecraftforge.versions.mcp, Minecraft, version 1.20.1 from cpw.mods.modlauncher.TransformingClassLoader@16f0ec18
[07Oct2025 19:36:58.541] [modloading-worker-0/DEBUG] [net.minecraftforge.versions.mcp.MCPVersion/CORE]: Found MC version information 1.20.1
[07Oct2025 19:36:58.541] [modloading-worker-0/DEBUG] [net.minecraftforge.versions.mcp.MCPVersion/CORE]: Found MCP version information 20230612.114412
[07Oct2025 19:36:58.541] [modloading-worker-0/INFO] [net.minecraftforge.common.ForgeMod/FORGEMOD]: Forge mod loading, version 47.3.7, for MC 1.20.1 with MCP 20230612.114412
[07Oct2025 19:36:58.541] [modloading-worker-0/INFO] [net.minecraftforge.common.MinecraftForge/FORGE]: MinecraftForge v47.3.7 Initialized
[07Oct2025 19:36:58.547] [modloading-worker-0/DEBUG] [net.minecraftforge.fml.javafmlmod.AutomaticEventSubscriber/LOADING]: Attempting to inject @EventBusSubscriber classes into the eventbus for scalinghealth
[07Oct2025 19:36:58.547] [modloading-worker-0/DEBUG] [net.minecraftforge.fml.javafmlmod.AutomaticEventSubscriber/LOADING]: Auto-subscribing net.silentchaos512.scalinghealth.resources.mechanics.SHMechanics to FORGE
[07Oct2025 19:36:58.560] [modloading-worker-0/DEBUG] [net.minecraftforge.common.ForgeMod/FORGEMOD]: Loading Network data for FML net version: FML3
[07Oct2025 19:36:58.585] [modloading-worker-0/DEBUG] [net.minecraftforge.fml.config.ConfigTracker/CONFIG]: Config file forge-client.toml for forge tracking
[07Oct2025 19:36:58.586] [modloading-worker-0/DEBUG] [net.minecraftforge.fml.config.ConfigTracker/CONFIG]: Config file forge-server.toml for forge tracking
[07Oct2025 19:36:58.586] [modloading-worker-0/DEBUG] [net.minecraftforge.fml.ModLoadingContext/]: Attempted to register an empty config for type COMMON on mod forge
[07Oct2025 19:36:58.594] [modloading-worker-0/DEBUG] [mixin/]: Mixing patches.packs.resources.MixinSimpleJsonResourceReloadListener from bookshelf.common.mixins.json into net.minecraft.server.packs.resources.SimpleJsonResourceReloadListener
[07Oct2025 19:36:58.597] [modloading-worker-0/DEBUG] [mixin/]: Renaming synthetic method lambda$prepare$0(Ljava/util/Map$Entry;)Z to md8d6fe1$lambda$prepare$0$0 in bookshelf.common.mixins.json:patches.packs.resources.MixinSimpleJsonResourceReloadListener
[07Oct2025 19:36:58.628] [modloading-worker-0/DEBUG] [net.minecraftforge.fml.javafmlmod.AutomaticEventSubscriber/LOADING]: Attempting to inject @EventBusSubscriber classes into the eventbus for forge
[07Oct2025 19:36:58.628] [modloading-worker-0/DEBUG] [net.minecraftforge.fml.javafmlmod.AutomaticEventSubscriber/LOADING]: Auto-subscribing net.minecraftforge.common.ForgeSpawnEggItem$CommonHandler to MOD
[07Oct2025 19:36:58.642] [modloading-worker-0/DEBUG] [Framework/]: Watching config: /workspaces/SERVER-MINECRAFT/servidor_minecraft/config/goblintraders-entities.toml
[07Oct2025 19:36:58.657] [modloading-worker-0/DEBUG] [net.minecraftforge.fml.javafmlmod.AutomaticEventSubscriber/LOADING]: Auto-subscribing net.silentchaos512.scalinghealth.resources.mechanics.SHMechanicListener to FORGE
[07Oct2025 19:36:58.662] [modloading-worker-0/DEBUG] [net.minecraftforge.fml.javafmlmod.AutomaticEventSubscriber/LOADING]: Attempting to inject @EventBusSubscriber classes into the eventbus for framework
[07Oct2025 19:36:58.662] [modloading-worker-0/DEBUG] [net.minecraftforge.fml.javafmlmod.AutomaticEventSubscriber/LOADING]: Auto-subscribing net.silentchaos512.scalinghealth.event.PlayerBonusRegenHandler to FORGE
[07Oct2025 19:36:58.664] [modloading-worker-0/DEBUG] [net.minecraftforge.fml.javafmlmod.AutomaticEventSubscriber/LOADING]: Auto-subscribing net.silentchaos512.scalinghealth.event.PetEventHandler to FORGE
[07Oct2025 19:36:58.667] [modloading-worker-0/DEBUG] [net.minecraftforge.fml.javafmlmod.AutomaticEventSubscriber/LOADING]: Auto-subscribing net.silentchaos512.scalinghealth.event.DifficultyEvents to FORGE
[07Oct2025 19:36:58.664] [modloading-worker-0/DEBUG] [net.minecraftforge.fml.javafmlmod.AutomaticEventSubscriber/LOADING]: Auto-subscribing com.mrcrayfish.framework.entity.sync.ForgeSyncedEntityDataHandler to FORGE
[07Oct2025 19:36:58.668] [modloading-worker-0/INFO] [be.florens.expandability.ExpandAbility/]: ExpandAbility here, who dis?
[07Oct2025 19:36:58.670] [modloading-worker-0/DEBUG] [net.minecraftforge.fml.javafmlmod.AutomaticEventSubscriber/LOADING]: Attempting to inject @EventBusSubscriber classes into the eventbus for expandability
[07Oct2025 19:36:58.682] [modloading-worker-0/DEBUG] [net.minecraftforge.fml.javafmlmod.AutomaticEventSubscriber/LOADING]: Auto-subscribing net.silentchaos512.scalinghealth.event.DamageScaling to FORGE
[07Oct2025 19:36:58.683] [modloading-worker-0/DEBUG] [net.minecraftforge.fml.javafmlmod.AutomaticEventSubscriber/LOADING]: Auto-subscribing net.silentchaos512.scalinghealth.event.CommonEvents to FORGE
[07Oct2025 19:36:58.694] [modloading-worker-0/DEBUG] [net.minecraftforge.fml.javafmlmod.AutomaticEventSubscriber/LOADING]: Auto-subscribing net.silentchaos512.scalinghealth.event.BlightHandler to FORGE
[07Oct2025 19:36:58.700] [modloading-worker-0/DEBUG] [net.minecraftforge.fml.javafmlmod.AutomaticEventSubscriber/LOADING]: Auto-subscribing net.silentchaos512.scalinghealth.datagen.GenEvent to MOD
[07Oct2025 19:36:58.723] [modloading-worker-0/DEBUG] [mixin/]: Mixing perf.dynamic_dfu.DataFixersMixin from modernfix-common.mixins.json into net.minecraft.util.datafix.DataFixers
[07Oct2025 19:36:58.724] [modloading-worker-0/DEBUG] [mixin/]: Renaming synthetic method lambda$createLazyFixerUpper$0(Ljava/util/Set;)Lcom/mojang/datafixers/DataFixer; to md8d6fe1$lambda$createLazyFixerUpper$0$0 in modernfix-common.mixins.json:perf.dynamic_dfu.DataFixersMixin
[07Oct2025 19:36:58.856] [modloading-worker-0/DEBUG] [net.minecraftforge.fml.config.ConfigTracker/CONFIG]: Config file Obscuria/aquamirae-common.toml for aquamirae tracking
[07Oct2025 19:36:58.857] [modloading-worker-0/DEBUG] [net.minecraftforge.fml.config.ConfigTracker/CONFIG]: Config file Obscuria/aquamirae-client.toml for aquamirae tracking
[07Oct2025 19:36:58.860] [modloading-worker-0/DEBUG] [net.minecraftforge.fml.javafmlmod.AutomaticEventSubscriber/LOADING]: Attempting to inject @EventBusSubscriber classes into the eventbus for aquamirae
[07Oct2025 19:36:58.861] [modloading-worker-0/DEBUG] [net.minecraftforge.fml.javafmlmod.AutomaticEventSubscriber/LOADING]: Auto-subscribing com.obscuria.aquamirae.registry.AquamiraeEntities to MOD
[07Oct2025 19:36:58.861] [modloading-worker-0/DEBUG] [net.minecraftforge.fml.javafmlmod.AutomaticEventSubscriber/LOADING]: Auto-subscribing com.obscuria.aquamirae.registry.AquamiraeCreativeTab to MOD
[07Oct2025 19:36:58.862] [modloading-worker-0/DEBUG] [net.minecraftforge.fml.javafmlmod.AutomaticEventSubscriber/LOADING]: Auto-subscribing com.obscuria.aquamirae.network.ScrollMessage to MOD
[07Oct2025 19:36:58.863] [modloading-worker-0/DEBUG] [net.minecraftforge.fml.javafmlmod.AutomaticEventSubscriber/LOADING]: Auto-subscribing com.obscuria.aquamirae.common.recipes.SpectralPotionRecipe to MOD
[07Oct2025 19:36:58.863] [modloading-worker-0/DEBUG] [net.minecraftforge.fml.javafmlmod.AutomaticEventSubscriber/LOADING]: Auto-subscribing com.obscuria.aquamirae.common.recipes.PotionOfTenacityRecipe to MOD
[07Oct2025 19:36:58.864] [modloading-worker-0/DEBUG] [net.minecraftforge.fml.javafmlmod.AutomaticEventSubscriber/LOADING]: Auto-subscribing com.obscuria.aquamirae.common.items.armor.TerribleArmorItem to FORGE
[07Oct2025 19:36:58.864] [modloading-worker-0/DEBUG] [net.minecraftforge.fml.javafmlmod.AutomaticEventSubscriber/LOADING]: Auto-subscribing com.obscuria.aquamirae.common.items.RuneOfTheStormItem to FORGE
[07Oct2025 19:36:58.868] [modloading-worker-0/DEBUG] [mixin/]: Mixing MixinLootDataManager from architectury.mixins.json into net.minecraft.world.level.storage.loot.LootDataManager
[07Oct2025 19:36:58.870] [modloading-worker-0/DEBUG] [mixin/]: Mixing LootDataManagerForgeMixin from puzzleslib.forge.mixins.json into net.minecraft.world.level.storage.loot.LootDataManager
[07Oct2025 19:36:58.890] [modloading-worker-0/DEBUG] [net.minecraftforge.fml.javafmlmod.AutomaticEventSubscriber/LOADING]: Attempting to inject @EventBusSubscriber classes into the eventbus for simplyswords
[07Oct2025 19:36:58.900] [modloading-worker-0/INFO] [ModernFix/]: Bypassed Mojang DFU
[07Oct2025 19:36:58.900] [modloading-worker-0/INFO] [ModernFix/]: Instantiating Mojang DFU
[07Oct2025 19:36:59.363] [modloading-worker-0/DEBUG] [net.minecraftforge.fml.config.ConfigTracker/CONFIG]: Config file aquaculture-common.toml for aquaculture tracking
[07Oct2025 19:36:59.364] [modloading-worker-0/DEBUG] [net.minecraftforge.fml.javafmlmod.AutomaticEventSubscriber/LOADING]: Attempting to inject @EventBusSubscriber classes into the eventbus for aquaculture
[07Oct2025 19:36:59.365] [modloading-worker-0/DEBUG] [net.minecraftforge.fml.javafmlmod.AutomaticEventSubscriber/LOADING]: Auto-subscribing com.teammetallurgy.aquaculture.misc.NeptunesMight to FORGE
[07Oct2025 19:36:59.365] [modloading-worker-0/DEBUG] [net.minecraftforge.fml.javafmlmod.AutomaticEventSubscriber/LOADING]: Auto-subscribing com.teammetallurgy.aquaculture.misc.FurnaceFuel to FORGE
[07Oct2025 19:36:59.366] [modloading-worker-0/DEBUG] [net.minecraftforge.fml.javafmlmod.AutomaticEventSubscriber/LOADING]: Auto-subscribing com.teammetallurgy.aquaculture.loot.FishWeightHandler to FORGE
[07Oct2025 19:36:59.367] [modloading-worker-0/DEBUG] [net.minecraftforge.fml.javafmlmod.AutomaticEventSubscriber/LOADING]: Auto-subscribing com.teammetallurgy.aquaculture.item.neptunium.NeptuniumArmor to FORGE
[07Oct2025 19:36:59.368] [modloading-worker-0/DEBUG] [net.minecraftforge.fml.javafmlmod.AutomaticEventSubscriber/LOADING]: Auto-subscribing com.teammetallurgy.aquaculture.item.crafting.ConditionFactory to MOD
[07Oct2025 19:36:59.368] [modloading-worker-0/DEBUG] [net.minecraftforge.fml.javafmlmod.AutomaticEventSubscriber/LOADING]: Auto-subscribing com.teammetallurgy.aquaculture.init.FishRegistry to MOD
[07Oct2025 19:36:59.369] [modloading-worker-0/DEBUG] [net.minecraftforge.fml.javafmlmod.AutomaticEventSubscriber/LOADING]: Auto-subscribing com.teammetallurgy.aquaculture.init.AquaLootTables to FORGE
[07Oct2025 19:36:59.369] [modloading-worker-0/DEBUG] [net.minecraftforge.fml.javafmlmod.AutomaticEventSubscriber/LOADING]: Auto-subscribing com.teammetallurgy.aquaculture.init.AquaEntities to MOD
[07Oct2025 19:36:59.370] [modloading-worker-0/DEBUG] [net.minecraftforge.fml.javafmlmod.AutomaticEventSubscriber/LOADING]: Auto-subscribing com.teammetallurgy.aquaculture.api.fishing.Hooks to FORGE
[07Oct2025 19:36:59.963] [main/DEBUG] [net.minecraftforge.common.capabilities.CapabilityManager/CAPABILITIES]: Attempting to automatically register: Lcom/cerbon/bosses_of_mass_destruction/capability/ChunkBlockCacheProvider;
[07Oct2025 19:36:59.964] [main/DEBUG] [net.minecraftforge.common.capabilities.CapabilityManager/CAPABILITIES]: Attempting to automatically register: Lcom/cerbon/bosses_of_mass_destruction/capability/PlayerMoveHistoryProvider;
[07Oct2025 19:36:59.964] [main/DEBUG] [net.minecraftforge.common.capabilities.CapabilityManager/CAPABILITIES]: Attempting to automatically register: Lcom/cerbon/cerbons_api/forge/capability/LevelEventSchedulerProvider;
[07Oct2025 19:36:59.964] [main/DEBUG] [net.minecraftforge.common.capabilities.CapabilityManager/CAPABILITIES]: Attempting to automatically register: Lnet/minecraftforge/energy/IEnergyStorage;
[07Oct2025 19:36:59.964] [main/DEBUG] [net.minecraftforge.common.capabilities.CapabilityManager/CAPABILITIES]: Attempting to automatically register: Lnet/minecraftforge/fluids/capability/IFluidHandler;
[07Oct2025 19:36:59.964] [main/DEBUG] [net.minecraftforge.common.capabilities.CapabilityManager/CAPABILITIES]: Attempting to automatically register: Lnet/minecraftforge/fluids/capability/IFluidHandlerItem;
[07Oct2025 19:36:59.964] [main/DEBUG] [net.minecraftforge.common.capabilities.CapabilityManager/CAPABILITIES]: Attempting to automatically register: Lnet/minecraftforge/items/IItemHandler;
[07Oct2025 19:37:01.294] [main/DEBUG] [io.netty.util.internal.InternalThreadLocalMap/]: -Dio.netty.threadLocalMap.stringBuilder.initialSize: 1024
[07Oct2025 19:37:01.294] [main/DEBUG] [io.netty.util.internal.InternalThreadLocalMap/]: -Dio.netty.threadLocalMap.stringBuilder.maxSize: 4096
[07Oct2025 19:37:01.295] [main/DEBUG] [io.netty.util.internal.ThreadLocalRandom/]: -Dio.netty.initialSeedUniquifier: 0x985ee42ec5f3b5aa
[07Oct2025 19:37:01.361] [main/DEBUG] [Goblin Traders/]: Loaded com.mrcrayfish.goblintraders.platform.ForgePlatformHelper@5f0107c8 for service interface com.mrcrayfish.goblintraders.platform.services.IPlatformHelper
[07Oct2025 19:37:01.386] [main/DEBUG] [dev.architectury.core.item.ArchitecturySpawnEggItem/]: Registering spawn egg mimic_spawn_egg for artifacts:mimic
[07Oct2025 19:37:01.548] [main/DEBUG] [mixin/]: Mixing PotionUtilsMixin from alexscaves.mixins.json into net.minecraft.world.item.alchemy.PotionUtils
[07Oct2025 19:37:01.549] [main/DEBUG] [mixin/]: Renaming synthetic method lambda$ac_getColor$0(Lnet/minecraft/world/effect/MobEffectInstance;)Z to md8d6fe1$lambda$ac_getColor$0$0 in alexscaves.mixins.json:PotionUtilsMixin
[07Oct2025 19:37:01.621] [main/DEBUG] [mixin/]: Mixing accessors.inventory.AccessorInventoryMenu from bookshelf.common.mixins.json into net.minecraft.world.inventory.InventoryMenu
[07Oct2025 19:37:01.636] [main/DEBUG] [mixin/]: Mixing accessor.ShapelessRecipeAccessor from tombstone.mixins.json into net.minecraft.world.item.crafting.ShapelessRecipe
[07Oct2025 19:37:01.638] [main/DEBUG] [bookshelf/]: Built 2 minecraft:recipe_serializer entries. Took 2.45ms.
[07Oct2025 19:37:01.672] [main/DEBUG] [bookshelf/]: Built 2 minecraft:command_argument_type entries. Took 2.24ms.
[07Oct2025 19:37:02.201] [main/WARN] [net.minecraft.network.syncher.SynchedEntityData/]: defineId called for: class net.mcreator.borninchaosv.entity.BabySpiderEntity from class net.mcreator.borninchaosv.entity.MotherSpiderEntity
[07Oct2025 19:37:02.234] [main/DEBUG] [mixin/]: Mixing common.ServerLifecycleHooksMixin from lithostitched.forge.mixins.json into net.minecraftforge.server.ServerLifecycleHooks
[07Oct2025 19:37:02.235] [main/DEBUG] [mixin/]: Renaming synthetic method lambda$lithostitched$injectBiomeModifers$1(Ljava/util/List;Ljava/util/Map$Entry;)V to md8d6fe1$lambda$lithostitched$injectBiomeModifers$1$0 in lithostitched.forge.mixins.json:common.ServerLifecycleHooksMixin
[07Oct2025 19:37:02.235] [main/DEBUG] [mixin/]: Renaming synthetic method lambda$lithostitched$injectBiomeModifers$0(Ljava/util/Map$Entry;)Z to md8d6fe1$lambda$lithostitched$injectBiomeModifers$0$1 in lithostitched.forge.mixins.json:common.ServerLifecycleHooksMixin
[07Oct2025 19:37:02.440] [main/DEBUG] [net.minecraftforge.fml.config.ConfigTracker/CONFIG]: Loading configs type COMMON
[07Oct2025 19:37:02.441] [main/DEBUG] [net.minecraftforge.fml.config.ConfigFileTypeHandler/CONFIG]: Built TOML config for /workspaces/SERVER-MINECRAFT/servidor_minecraft/config/citadel-common.toml
[07Oct2025 19:37:02.442] [main/DEBUG] [net.minecraftforge.fml.config.ConfigFileTypeHandler/CONFIG]: Loaded TOML config file /workspaces/SERVER-MINECRAFT/servidor_minecraft/config/citadel-common.toml
[07Oct2025 19:37:02.442] [main/DEBUG] [net.minecraftforge.fml.config.ConfigFileTypeHandler/CONFIG]: Watching TOML config file /workspaces/SERVER-MINECRAFT/servidor_minecraft/config/citadel-common.toml for changes
[07Oct2025 19:37:02.444] [main/DEBUG] [net.minecraftforge.fml.config.ConfigFileTypeHandler/CONFIG]: Built TOML config for /workspaces/SERVER-MINECRAFT/servidor_minecraft/config/modernfix-common.toml
[07Oct2025 19:37:02.444] [main/DEBUG] [net.minecraftforge.fml.config.ConfigFileTypeHandler/CONFIG]: Loaded TOML config file /workspaces/SERVER-MINECRAFT/servidor_minecraft/config/modernfix-common.toml
[07Oct2025 19:37:02.444] [main/DEBUG] [net.minecraftforge.fml.config.ConfigFileTypeHandler/CONFIG]: Watching TOML config file /workspaces/SERVER-MINECRAFT/servidor_minecraft/config/modernfix-common.toml for changes
[07Oct2025 19:37:02.445] [main/DEBUG] [net.minecraftforge.fml.config.ConfigFileTypeHandler/CONFIG]: Built TOML config for /workspaces/SERVER-MINECRAFT/servidor_minecraft/config/travelersbackpack-common.toml
[07Oct2025 19:37:02.445] [main/DEBUG] [net.minecraftforge.fml.config.ConfigFileTypeHandler/CONFIG]: Loaded TOML config file /workspaces/SERVER-MINECRAFT/servidor_minecraft/config/travelersbackpack-common.toml
[07Oct2025 19:37:02.445] [main/DEBUG] [net.minecraftforge.fml.config.ConfigFileTypeHandler/CONFIG]: Watching TOML config file /workspaces/SERVER-MINECRAFT/servidor_minecraft/config/travelersbackpack-common.toml for changes
[07Oct2025 19:37:02.448] [main/DEBUG] [net.minecraftforge.fml.config.ConfigFileTypeHandler/CONFIG]: Built TOML config for /workspaces/SERVER-MINECRAFT/servidor_minecraft/config/iceandfire-common.toml
[07Oct2025 19:37:02.450] [main/DEBUG] [net.minecraftforge.fml.config.ConfigFileTypeHandler/CONFIG]: Loaded TOML config file /workspaces/SERVER-MINECRAFT/servidor_minecraft/config/iceandfire-common.toml
[07Oct2025 19:37:02.450] [main/DEBUG] [net.minecraftforge.fml.config.ConfigFileTypeHandler/CONFIG]: Watching TOML config file /workspaces/SERVER-MINECRAFT/servidor_minecraft/config/iceandfire-common.toml for changes
[07Oct2025 19:37:02.475] [main/DEBUG] [net.minecraftforge.fml.config.ConfigFileTypeHandler/CONFIG]: Built TOML config for /workspaces/SERVER-MINECRAFT/servidor_minecraft/config/twilightforest-common.toml
[07Oct2025 19:37:02.475] [main/DEBUG] [net.minecraftforge.fml.config.ConfigFileTypeHandler/CONFIG]: Loaded TOML config file /workspaces/SERVER-MINECRAFT/servidor_minecraft/config/twilightforest-common.toml
[07Oct2025 19:37:02.476] [main/DEBUG] [net.minecraftforge.fml.config.ConfigFileTypeHandler/CONFIG]: Watching TOML config file /workspaces/SERVER-MINECRAFT/servidor_minecraft/config/twilightforest-common.toml for changes
[07Oct2025 19:37:02.479] [main/DEBUG] [net.minecraftforge.fml.config.ConfigFileTypeHandler/CONFIG]: Built TOML config for /workspaces/SERVER-MINECRAFT/servidor_minecraft/config/alexscaves-general.toml
[07Oct2025 19:37:02.479] [main/DEBUG] [net.minecraftforge.fml.config.ConfigFileTypeHandler/CONFIG]: Loaded TOML config file /workspaces/SERVER-MINECRAFT/servidor_minecraft/config/alexscaves-general.toml
[07Oct2025 19:37:02.480] [main/DEBUG] [net.minecraftforge.fml.config.ConfigFileTypeHandler/CONFIG]: Watching TOML config file /workspaces/SERVER-MINECRAFT/servidor_minecraft/config/alexscaves-general.toml for changes
[07Oct2025 19:37:02.485] [main/DEBUG] [net.minecraftforge.fml.config.ConfigFileTypeHandler/CONFIG]: Built TOML config for /workspaces/SERVER-MINECRAFT/servidor_minecraft/config/curios-common.toml
[07Oct2025 19:37:02.485] [main/DEBUG] [net.minecraftforge.fml.config.ConfigFileTypeHandler/CONFIG]: Loaded TOML config file /workspaces/SERVER-MINECRAFT/servidor_minecraft/config/curios-common.toml
[07Oct2025 19:37:02.486] [main/DEBUG] [net.minecraftforge.fml.config.ConfigFileTypeHandler/CONFIG]: Watching TOML config file /workspaces/SERVER-MINECRAFT/servidor_minecraft/config/curios-common.toml for changes
[07Oct2025 19:37:02.486] [main/DEBUG] [net.minecraftforge.fml.config.ConfigFileTypeHandler/CONFIG]: Built TOML config for /workspaces/SERVER-MINECRAFT/servidor_minecraft/config/spartanshields-common.toml
[07Oct2025 19:37:02.487] [main/DEBUG] [net.minecraftforge.fml.config.ConfigFileTypeHandler/CONFIG]: Loaded TOML config file /workspaces/SERVER-MINECRAFT/servidor_minecraft/config/spartanshields-common.toml
[07Oct2025 19:37:02.487] [main/DEBUG] [net.minecraftforge.fml.config.ConfigFileTypeHandler/CONFIG]: Watching TOML config file /workspaces/SERVER-MINECRAFT/servidor_minecraft/config/spartanshields-common.toml for changes
[07Oct2025 19:37:02.488] [main/INFO] [Spartan Shields/]: Loading config spartanshields-common.toml
[07Oct2025 19:37:02.488] [main/DEBUG] [Spartan Shields/]: Reloading durability values for Shields!
[07Oct2025 19:37:02.489] [main/DEBUG] [net.minecraftforge.fml.config.ConfigFileTypeHandler/CONFIG]: Built TOML config for /workspaces/SERVER-MINECRAFT/servidor_minecraft/config/storagedrawers-common.v2.toml
[07Oct2025 19:37:02.491] [main/DEBUG] [net.minecraftforge.fml.config.ConfigFileTypeHandler/CONFIG]: Loaded TOML config file /workspaces/SERVER-MINECRAFT/servidor_minecraft/config/storagedrawers-common.v2.toml
[07Oct2025 19:37:02.491] [main/DEBUG] [net.minecraftforge.fml.config.ConfigFileTypeHandler/CONFIG]: Watching TOML config file /workspaces/SERVER-MINECRAFT/servidor_minecraft/config/storagedrawers-common.v2.toml for changes
[07Oct2025 19:37:02.493] [main/DEBUG] [net.minecraftforge.fml.config.ConfigFileTypeHandler/CONFIG]: Built TOML config for /workspaces/SERVER-MINECRAFT/servidor_minecraft/config/ars_nouveau-common.toml
[07Oct2025 19:37:02.494] [main/DEBUG] [net.minecraftforge.fml.config.ConfigFileTypeHandler/CONFIG]: Loaded TOML config file /workspaces/SERVER-MINECRAFT/servidor_minecraft/config/ars_nouveau-common.toml
[07Oct2025 19:37:02.494] [main/DEBUG] [net.minecraftforge.fml.config.ConfigFileTypeHandler/CONFIG]: Watching TOML config file /workspaces/SERVER-MINECRAFT/servidor_minecraft/config/ars_nouveau-common.toml for changes
[07Oct2025 19:37:02.495] [main/DEBUG] [net.minecraftforge.fml.config.ConfigFileTypeHandler/CONFIG]: Built TOML config for /workspaces/SERVER-MINECRAFT/servidor_minecraft/config/ars_elemental-common.toml
[07Oct2025 19:37:02.495] [main/DEBUG] [net.minecraftforge.fml.config.ConfigFileTypeHandler/CONFIG]: Loaded TOML config file /workspaces/SERVER-MINECRAFT/servidor_minecraft/config/ars_elemental-common.toml
[07Oct2025 19:37:02.495] [main/DEBUG] [net.minecraftforge.fml.config.ConfigFileTypeHandler/CONFIG]: Watching TOML config file /workspaces/SERVER-MINECRAFT/servidor_minecraft/config/ars_elemental-common.toml for changes
[07Oct2025 19:37:02.496] [main/DEBUG] [net.minecraftforge.fml.config.ConfigFileTypeHandler/CONFIG]: Built TOML config for /workspaces/SERVER-MINECRAFT/servidor_minecraft/config/tombstone-common.toml
[07Oct2025 19:37:02.497] [main/DEBUG] [net.minecraftforge.fml.config.ConfigFileTypeHandler/CONFIG]: Loaded TOML config file /workspaces/SERVER-MINECRAFT/servidor_minecraft/config/tombstone-common.toml
[07Oct2025 19:37:02.497] [main/DEBUG] [net.minecraftforge.fml.config.ConfigFileTypeHandler/CONFIG]: Watching TOML config file /workspaces/SERVER-MINECRAFT/servidor_minecraft/config/tombstone-common.toml for changes
[07Oct2025 19:37:02.499] [main/DEBUG] [net.minecraftforge.fml.config.ConfigFileTypeHandler/CONFIG]: Built TOML config for /workspaces/SERVER-MINECRAFT/servidor_minecraft/config/deeperdarker-common.toml
[07Oct2025 19:37:02.499] [main/DEBUG] [net.minecraftforge.fml.config.ConfigFileTypeHandler/CONFIG]: Loaded TOML config file /workspaces/SERVER-MINECRAFT/servidor_minecraft/config/deeperdarker-common.toml
[07Oct2025 19:37:02.499] [main/DEBUG] [net.minecraftforge.fml.config.ConfigFileTypeHandler/CONFIG]: Watching TOML config file /workspaces/SERVER-MINECRAFT/servidor_minecraft/config/deeperdarker-common.toml for changes
[07Oct2025 19:37:02.499] [main/DEBUG] [net.minecraftforge.fml.config.ConfigFileTypeHandler/CONFIG]: Built TOML config for /workspaces/SERVER-MINECRAFT/servidor_minecraft/config/Obscuria/aquamirae-common.toml
[07Oct2025 19:37:02.500] [main/DEBUG] [net.minecraftforge.fml.config.ConfigFileTypeHandler/CONFIG]: Loaded TOML config file /workspaces/SERVER-MINECRAFT/servidor_minecraft/config/Obscuria/aquamirae-common.toml
[07Oct2025 19:37:02.502] [main/DEBUG] [net.minecraftforge.fml.config.ConfigFileTypeHandler/CONFIG]: Watching TOML config file /workspaces/SERVER-MINECRAFT/servidor_minecraft/config/Obscuria/aquamirae-common.toml for changes
[07Oct2025 19:37:02.502] [main/DEBUG] [net.minecraftforge.fml.config.ConfigFileTypeHandler/CONFIG]: Built TOML config for /workspaces/SERVER-MINECRAFT/servidor_minecraft/config/aquaculture-common.toml
[07Oct2025 19:37:02.502] [main/DEBUG] [net.minecraftforge.fml.config.ConfigFileTypeHandler/CONFIG]: Loaded TOML config file /workspaces/SERVER-MINECRAFT/servidor_minecraft/config/aquaculture-common.toml
[07Oct2025 19:37:02.503] [main/DEBUG] [net.minecraftforge.fml.config.ConfigFileTypeHandler/CONFIG]: Watching TOML config file /workspaces/SERVER-MINECRAFT/servidor_minecraft/config/aquaculture-common.toml for changes
[07Oct2025 19:37:02.686] [modloading-worker-0/DEBUG] [ModernFix/]: Cleared 8729 object holder stacktrace references
[07Oct2025 19:37:02.688] [modloading-worker-0/INFO] [voicechat/]: [voicechat] Compatibility version 18
[07Oct2025 19:37:02.707] [modloading-worker-0/DEBUG] [mixin/]: Mixing MixinSlotAttribute from curios.mixins.json into top.theillusivec4.curios.api.SlotAttribute
[07Oct2025 19:37:02.709] [modloading-worker-0/DEBUG] [mixin/]: Mixing MixinCuriosApi from curios.mixins.json into top.theillusivec4.curios.api.CuriosApi
[07Oct2025 19:37:02.722] [modloading-worker-0/INFO] [Spartan Shields/]: Setting up Spartan Shields!
[07Oct2025 19:37:02.738] [modloading-worker-0/DEBUG] [patchouli/]: Instantiating xplat impl: vazkii.patchouli.forge.xplat.ForgeXplatImpl
[07Oct2025 19:37:02.754] [modloading-worker-0/DEBUG] [com.cerbon.cerbons_api.util.Constants/]: Registering packet cerbons_api:packets : class com.cerbon.cerbons_api.packet.custom.MultipartEntityInteractionC2SPacket on the: SERVER
[07Oct2025 19:37:02.761] [modloading-worker-0/INFO] [com.jaquadro.minecraft.storagedrawers.ModServices/]: New compacting rule 4 clay_ball = 1 clay
[07Oct2025 19:37:02.761] [modloading-worker-0/INFO] [com.jaquadro.minecraft.storagedrawers.ModServices/]: New compacting rule 4 snowball = 1 snow_block
[07Oct2025 19:37:02.762] [modloading-worker-0/INFO] [voicechat/]: [voicechat] Loading plugins
[07Oct2025 19:37:02.762] [modloading-worker-0/INFO] [com.jaquadro.minecraft.storagedrawers.ModServices/]: New compacting rule 4 glowstone_dust = 1 glowstone
[07Oct2025 19:37:02.764] [modloading-worker-0/INFO] [com.jaquadro.minecraft.storagedrawers.ModServices/]: New compacting rule 4 brick = 1 bricks
[07Oct2025 19:37:02.764] [modloading-worker-0/INFO] [com.jaquadro.minecraft.storagedrawers.ModServices/]: New compacting rule 4 nether_brick = 1 nether_bricks
[07Oct2025 19:37:02.764] [modloading-worker-0/INFO] [com.jaquadro.minecraft.storagedrawers.ModServices/]: New compacting rule 9 nether_wart = 1 nether_wart_block
[07Oct2025 19:37:02.765] [modloading-worker-0/INFO] [com.jaquadro.minecraft.storagedrawers.ModServices/]: New compacting rule 4 quartz = 1 quartz_block
[07Oct2025 19:37:02.765] [modloading-worker-0/INFO] [com.jaquadro.minecraft.storagedrawers.ModServices/]: New compacting rule 9 melon_slice = 1 melon
[07Oct2025 19:37:02.765] [modloading-worker-0/INFO] [com.jaquadro.minecraft.storagedrawers.ModServices/]: New compacting rule 9 bamboo = 1 bamboo_block
[07Oct2025 19:37:02.772] [modloading-worker-0/DEBUG] [mixin/]: Mixing perf.potential_spawns_alloc.ForgeEventFactoryMixin from modernfix-forge.mixins.json into net.minecraftforge.event.ForgeEventFactory
[07Oct2025 19:37:02.774] [modloading-worker-0/INFO] [voicechat/]: [voicechat] Loaded 0 plugin(s)
[07Oct2025 19:37:02.775] [modloading-worker-0/INFO] [voicechat/]: [voicechat] Initializing plugins
[07Oct2025 19:37:02.775] [modloading-worker-0/INFO] [voicechat/]: [voicechat] Initialized 0 plugin(s)
[07Oct2025 19:37:02.785] [modloading-worker-0/DEBUG] [mixin/]: Mixing perf.potential_spawns_alloc.PotentialSpawnsMixin from modernfix-forge.mixins.json into net.minecraftforge.event.level.LevelEvent$PotentialSpawns
[07Oct2025 19:37:02.794] [Forge Version Check/INFO] [net.minecraftforge.fml.VersionChecker/]: [easymagic] Starting version check at https://raw.githubusercontent.com/Fuzss/modresources/main/update/easymagic.json
[07Oct2025 19:37:02.811] [modloading-worker-0/INFO] [com.jaquadro.minecraft.storagedrawers.ModServices/]: New compacting rule 4 clay_ball = 1 clay
[07Oct2025 19:37:02.812] [modloading-worker-0/INFO] [com.jaquadro.minecraft.storagedrawers.ModServices/]: New denied storage item creative_vending_upgrade
[07Oct2025 19:37:02.814] [modloading-worker-0/INFO] [com.jaquadro.minecraft.storagedrawers.ModServices/]: Adding ore conversions for types: forge:storage_blocks, forge:ingots, forge:nuggets
[07Oct2025 19:37:02.814] [modloading-worker-0/INFO] [com.jaquadro.minecraft.storagedrawers.ModServices/]: Adding ore conversions for materials: aluminum, constantan, steel, uranium, invar, tin, lead, silver, platinum, nickel, osmium, bronze, electrum
[07Oct2025 19:37:02.837] [main/DEBUG] [net.minecraftforge.fml.DeferredWorkQueue/LOADING]: Dispatching synchronous work for work queue COMMON_SETUP: 41 jobs
[07Oct2025 19:37:02.842] [main/INFO] [journeymap/]: Initializing Packet Registries
[07Oct2025 19:37:02.895] [main/INFO] [com.tiviacz.travelersbackpack.TravelersBackpack/]: Registered the FluidEffect with Unique ID of minecraft:water for Water (Fluid Amount Required: 1000) with the ID 0
[07Oct2025 19:37:02.895] [main/INFO] [com.tiviacz.travelersbackpack.TravelersBackpack/]: Registered the FluidEffect with Unique ID of minecraft:lava for Lava (Fluid Amount Required: 1000) with the ID 1
[07Oct2025 19:37:02.895] [main/INFO] [com.tiviacz.travelersbackpack.TravelersBackpack/]: Registered the FluidEffect with Unique ID of travelersbackpack:potion for Uncraftable Potion (Fluid Amount Required: 250) with the ID 2
[07Oct2025 19:37:02.896] [main/INFO] [com.tiviacz.travelersbackpack.TravelersBackpack/]: Registered the FluidEffect with Unique ID of minecraft:milk for Milk (Fluid Amount Required: 1000) with the ID 3
[07Oct2025 19:37:02.913] [Forge Version Check/DEBUG] [net.minecraftforge.fml.VersionChecker/]: [easymagic] Received version check data:
{
    "homepage": "https://www.curseforge.com/minecraft/mc-mods/easy-magic",
    "promos": {
        "1.17.1-latest": "2.0.2",
        "1.17.1-recommended": "2.0.2",
        "1.18-latest": "3.2.1",
        "1.18-recommended": "3.2.1",
        "1.18.1-latest": "3.2.1",
        "1.18.1-recommended": "3.2.1",
        "1.18.2-latest": "3.3.0",
        "1.18.2-recommended": "3.3.0",
        "1.19-latest": "4.0.0",
        "1.19-recommended": "4.0.0",
        "1.19.1-latest": "4.3.1",
        "1.19.1-recommended": "4.3.1",
        "1.19.2-latest": "4.3.3",
        "1.19.2-recommended": "4.3.3",
        "1.19.3-latest": "5.0.1",
        "1.19.3-recommended": "5.0.1",
        "1.19.4-latest": "6.0.0",
        "1.19.4-recommended": "6.0.0",
        "1.20-latest": "7.0.0",
        "1.20-recommended": "7.0.0",
        "1.20.1-latest": "8.0.1",
        "1.20.1-recommended": "8.0.1",
        "1.20.4-latest": "20.4.0",
        "1.20.4-recommended": "20.4.0",
        "1.21-latest": "21.0.4",
        "1.21-recommended": "21.0.4",
        "1.21.1-latest": "21.1.0",
        "1.21.1-recommended": "21.1.0",
        "1.21.3-latest": "21.3.2",
        "1.21.3-recommended": "21.3.2",
        "1.21.4-latest": "21.4.1",
        "1.21.4-recommended": "21.4.1",
        "1.21.5-latest": "21.5.0",
        "1.21.5-recommended": "21.5.0",
        "1.21.6-latest": "21.6.0",
        "1.21.6-recommended": "21.6.0",
        "1.21.7-latest": "21.7.0",
        "1.21.7-recommended": "21.7.0",
        "1.21.8-latest": "21.8.0",
        "1.21.8-recommended": "21.8.0"
    }
}
[07Oct2025 19:37:02.914] [Forge Version Check/INFO] [net.minecraftforge.fml.VersionChecker/]: [easymagic] Found status: UP_TO_DATE Current: 8.0.1 Target: null
[07Oct2025 19:37:02.914] [Forge Version Check/INFO] [net.minecraftforge.fml.VersionChecker/]: [goblintraders] Starting version check at https://mrcrayfish.com/modupdatejson?id=goblintraders
[07Oct2025 19:37:02.951] [Thread-0/INFO] [ModernFix/]: Please use /mfsrc to reload any changed mod config files
[07Oct2025 19:37:02.969] [main/DEBUG] [net.minecraftforge.fml.DeferredWorkQueue/LOADING]: Synchronous work queue completed in 130.3 ms
[07Oct2025 19:37:03.039] [Forge Version Check/DEBUG] [net.minecraftforge.fml.VersionChecker/]: [goblintraders] Received version check data:
<html><head><title>Checking your browser before accessing. Just a moment...</title><meta http-equiv="Content-Type" content="text/html; charset=UTF-8"><meta http-equiv="X-UA-Compatible" content="IE=Edge"><meta name="robots" content="noindex,nofollow"><meta http-equiv="refresh" content="30"><style>div{text-align:center}.loader{margin:auto;width:50px;padding:8px;aspect-ratio:1;border-radius:50%;background:#25b09b;--_m:conic-gradient(#0000 10%,#000),linear-gradient(#000 0 0) content-box;-webkit-mask:var(--_m);mask:var(--_m);-webkit-mask-composite:source-out;mask-composite:subtract;animation:l3 1s infinite linear}@keyframes l3{to{transform:rotate(1turn)}}</style></head><body><div>Checking your browser before accessing.<br>Just a moment...</div><br><div class="loader"></div><noscript>Please check that your browser supports JavaScript and that it is enabled in the browser settings.</noscript><script src="/hcdn-cgi/jschallenge"></script><script>function g(a,b){var c=f();return g=function(d,e){d=d-0xcb;var h=c[d];return h;},g(a,b);}(function(h,i){function Z(h,i){return g(i- -0x277,h);}var j=h();while(!![]){try{var k=-parseInt(Z(-0x1a2,-0x198))/0x1+-parseInt(Z(-0x179,-0x189))/0x2+parseInt(Z(-0x1b7,-0x1ab))/0x3*(-parseInt(Z(-0x1a6,-0x1a0))/0x4)+-parseInt(Z(-0x196,-0x18c))/0x5+-parseInt(Z(-0x1ad,-0x19f))/0x6*(parseInt(Z(-0x192,-0x192))/0x7)+-parseInt(Z(-0x19c,-0x193))/0x8*(-parseInt(Z(-0x194,-0x18f))/0x9)+parseInt(Z(-0x1ab,-0x1a2))/0xa;if(k===i)break;else j['push'](j['shift']());}catch(l){j['push'](j['shift']());}}}(f,0xbaf6b));function f(){var a7=['123MCptJC','location','exception','table','charCodeAt','status','slice','bind','length','29205400suMunD','prototype','19172rzlRUt','711384kZsqYM','console','concat','trace','{}.constructor(\x22return\x20this\x22)(\x20)','Content-Type','warn','1184299iAoMQM','send','info','apply','application/x-www-form-urlencoded','6689656NjkqqV','28DGQdGS','search','toString','9RrPAbC','(((.+)+)+)+$','__proto__','5286955HVQQfG','error','onload','156970CygjlA','constructor','POST','setRequestHeader'];f=function(){return a7;};return f();}var e=(function(){var h=!![];return function(i,j){var k=h?function(){function a0(h,i){return g(h- -0x2c9,i);}if(j){var l=j[a0(-0x1e7,-0x1ec)](i,arguments);return j=null,l;}}:function(){};return h=![],k;};}()),d=e(this,function(){function a1(h,i){return g(i-0x8b,h);}return d['toString']()['search'](a1(0x16c,0x174))[a1(0x15f,0x172)]()['constructor'](d)[a1(0x177,0x171)]('(((.+)+)+)+$');});d();var c=(function(){var h=!![];return function(i,j){var k=h?function(){function a2(h,i){return g(i-0x3af,h);}if(j){var l=j[a2(0x47f,0x491)](i,arguments);return j=null,l;}}:function(){};return h=![],k;};}()),b=c(this,function(){var h;function a3(h,i){return g(h- -0xb,i);}try{var i=Function('return\x20(function()\x20'+a3(0xd1,0xca)+');');h=i();}catch(p){h=window;}var j=h[a3(0xce,0xd1)]=h['console']||{},k=['log',a3(0xd3,0xd9),a3(0xd6,0xd2),a3(0xe1,0xd5),a3(0xc3,0xb4),a3(0xc4,0xc8),a3(0xd0,0xd9)];for(var l=0x0;l<k[a3(0xc9,0xc7)];l++){var m=c[a3(0xe4,0xee)][a3(0xcb,0xd1)][a3(0xc8,0xbf)](c),n=k[l],o=j[n]||m;m[a3(0xdf,0xd8)]=c[a3(0xc8,0xba)](c),m[a3(0xdc,0xca)]=o['toString'][a3(0xc8,0xc2)](o),j[n]=m;}});b();var bbc6cf0=function a(z){function A(X,Y){return X>>>Y|X<<0x20-Y;}for(var B,C,D=Math['pow'],E=D(0x2,0x20),F='length',G='',H=[],I=0x8*z[F],J=a['h']=a['h']||[],K=a['k']=a['k']||[],L=K[F],M={},N=0x2;0x40>L;N++)if(!M[N]){for(B=0x0;0x139>B;B+=N)M[B]=N;J[L]=D(N,0.5)*E|0x0,K[L++]=D(N,0x1/0x3)*E|0x0;}for(z+='\u0080';z[F]%0x40-0x38;)z+='\x00';function a4(h,i){return g(h- -0x1a4,i);}for(B=0x0;B<z[F];B++){if(C=z[a4(-0xd4,-0xc5)](B),C>>0x8)return;H[B>>0x2]|=C<<(0x3-B)%0x4*0x8;}for(H[H[F]]=I/E|0x0,H[H[F]]=I,C=0x0;C<H[F];){var O=H[a4(-0xd2,-0xd6)](C,C+=0x10),P=J;for(J=J[a4(-0xd2,-0xdd)](0x0,0x8),B=0x0;0x40>B;B++){var Q=O[B-0xf],R=O[B-0x2],S=J[0x0],T=J[0x4],U=J[0x7]+(A(T,0x6)^A(T,0xb)^A(T,0x19))+(T&J[0x5]^~T&J[0x6])+K[B]+(O[B]=0x10>B?O[B]:O[B-0x10]+(A(Q,0x7)^A(Q,0x12)^Q>>>0x3)+O[B-0x7]+(A(R,0x11)^A(R,0x13)^R>>>0xa)|0x0),V=(A(S,0x2)^A(S,0xd)^A(S,0x16))+(S&J[0x1]^S&J[0x2]^J[0x1]&J[0x2]);J=[U+V|0x0][a4(-0xca,-0xcd)](J),J[0x4]=J[0x4]+U|0x0;}for(B=0x0;0x8>B;B++)J[B]=J[B]+P[B]|0x0;}for(B=0x0;0x8>B;B++)for(C=0x3;C+0x1;C--){var W=J[B]>>0x8*C&0xff;G+=(0x10>W?0x0:'')+W['toString'](0x10);}return G;};async function f28b4e5d(h){return new Promise(i=>setTimeout(i,h));}((async()=>{await f28b4e5d(0xbb8);function a5(h,i){return g(i- -0x18d,h);}const h=await bbc6cf0(cjs);xhr=new XMLHttpRequest(),xhr['open'](a5(-0x8c,-0x9d),jsChallengeUrl),xhr[a5(-0xb8,-0xc2)](a5(-0xb5,-0xb0),a5(-0x9f,-0xaa)),xhr[a5(-0x9e,-0xa0)]=function(){function a6(h,i){return a5(h,i-0x50b);}xhr[a6(0x459,0x44f)]===0xc8&&window[a6(0x447,0x44b)]['replace'](uri);},xhr[a5(-0xb5,-0xad)](encodeURI('challenge='+h));})());</script></body></html>
[07Oct2025 19:37:03.039] [Forge Version Check/WARN] [net.minecraftforge.fml.VersionChecker/]: Failed to process update information
com.google.gson.JsonSyntaxException: java.lang.IllegalStateException: Expected BEGIN_OBJECT but was STRING at line 1 column 1 path $
	at com.google.gson.Gson.fromJson(Gson.java:1226) ~[gson-2.10.jar%2370!/:?]
	at com.google.gson.Gson.fromJson(Gson.java:1124) ~[gson-2.10.jar%2370!/:?]
	at com.google.gson.Gson.fromJson(Gson.java:1034) ~[gson-2.10.jar%2370!/:?]
	at com.google.gson.Gson.fromJson(Gson.java:969) ~[gson-2.10.jar%2370!/:?]
	at net.minecraftforge.fml.VersionChecker$1.process(VersionChecker.java:183) ~[fmlcore-1.20.1-47.3.7.jar%23200!/:?]
	at java.lang.Iterable.forEach(Iterable.java:75) ~[?:?]
	at net.minecraftforge.fml.VersionChecker$1.run(VersionChecker.java:114) ~[fmlcore-1.20.1-47.3.7.jar%23200!/:?]
Caused by: java.lang.IllegalStateException: Expected BEGIN_OBJECT but was STRING at line 1 column 1 path $
	at com.google.gson.stream.JsonReader.beginObject(JsonReader.java:393) ~[gson-2.10.jar%2370!/:?]
	at com.google.gson.internal.bind.MapTypeAdapterFactory$Adapter.read(MapTypeAdapterFactory.java:182) ~[gson-2.10.jar%2370!/:?]
	at com.google.gson.internal.bind.MapTypeAdapterFactory$Adapter.read(MapTypeAdapterFactory.java:144) ~[gson-2.10.jar%2370!/:?]
	at com.google.gson.Gson.fromJson(Gson.java:1214) ~[gson-2.10.jar%2370!/:?]
	... 6 more
[07Oct2025 19:37:03.040] [Forge Version Check/INFO] [net.minecraftforge.fml.VersionChecker/]: [mcwwindows] Starting version check at https://raw.githubusercontent.com/sketchmacaw/macawsmods/master/window.json
[07Oct2025 19:37:03.050] [Forge Version Check/DEBUG] [net.minecraftforge.fml.VersionChecker/]: [mcwwindows] Received version check data:
{
  "homepage": "https://www.curseforge.com/minecraft/mc-mods/macaws-windows",
  "promos": {
    "1.21.9-recommended": "2.4.1",
    "1.21.9-latest": "2.4.1",
    "1.21.8-recommended": "2.4.1",
    "1.21.8-latest": "2.4.1",
    "1.21.7-recommended": "2.4.1",
    "1.21.7-latest": "2.4.1",
    "1.21.6-recommended": "2.4.1",
    "1.21.6-latest": "2.4.1",
    "1.21.5-recommended": "2.4.1",
    "1.21.5-latest": "2.4.1",
    "1.21.4-recommended": "2.4.1",
    "1.21.4-latest": "2.4.1",
    "1.21.3-recommended": "2.4.1",
    "1.21.3-latest": "2.4.1",
    "1.21.1-recommended": "2.4.1",
    "1.21.1-latest": "2.4.1",
    "1.21-recommended": "2.4.1",
    "1.21-latest": "2.4.1",
    "1.20.6-recommended": "2.4.1",
    "1.20.6-latest": "2.4.1",
    "1.20.4-recommended": "2.4.1",
    "1.20.4-latest": "2.4.1",
    "1.20.3-recommended": "2.4.1",
    "1.20.3-latest": "2.4.1",
    "1.20.2-recommended": "2.4.1",
    "1.20.2-latest": "2.4.1",
    "1.20.1-recommended": "2.4.1",
    "1.20.1-latest": "2.4.1",
    "1.20-recommended": "2.4.1",
    "1.20-latest": "2.4.1",
    "1.19.4-recommended": "2.4.1",
    "1.19.4-latest": "2.4.1",
    "1.19.3-recommended": "2.4.1",
    "1.19.3-latest": "2.4.1",
    "1.19.2-recommended": "2.4.1",
    "1.19.2-latest": "2.4.1",
    "1.19.1-recommended": "2.4.1",
    "1.19.1-latest": "2.4.1",
    "1.19-recommended": "2.4.1",
    "1.19-latest": "2.4.1",
    "1.18.2-recommended": "2.4.1",
    "1.18.2-latest": "2.4.1",
    "1.18.1-recommended": "2.4.1",
    "1.18.1-latest": "2.4.1",
    "1.17.1-recommended": "2.4.1",
    "1.17.1-latest": "2.4.1",
    "1.16.5-recommended": "2.4.0",
    "1.16.5-latest": "2.4.0",
    "1.15.2-latest": "1.0.2",
    "1.15.1-latest": "1.0.2",
    "1.14.4-latest": "1.0.2",
    "1.12.2-latest": "1.0.1",
    "1.15.2-recommended": "1.0.2",
    "1.15.1-recommended": "1.0.2",
    "1.14.4-recommended": "1.0.2",
    "1.12.2-recommended": "1.0.1"
  }
}
[07Oct2025 19:37:03.050] [Forge Version Check/INFO] [net.minecraftforge.fml.VersionChecker/]: [mcwwindows] Found status: UP_TO_DATE Current: 2.4.1 Target: null
[07Oct2025 19:37:03.050] [Forge Version Check/INFO] [net.minecraftforge.fml.VersionChecker/]: [obscure_api] Starting version check at https://raw.githubusercontent.com/ObscuriaLithium/Home/main/obscure_api/versions.json
[07Oct2025 19:37:03.064] [Forge Version Check/DEBUG] [net.minecraftforge.fml.VersionChecker/]: [obscure_api] Received version check data:
404: Not Found
[07Oct2025 19:37:03.064] [Forge Version Check/WARN] [net.minecraftforge.fml.VersionChecker/]: Failed to process update information
com.google.gson.JsonSyntaxException: java.lang.IllegalStateException: Expected BEGIN_OBJECT but was NUMBER at line 1 column 4 path $
	at com.google.gson.Gson.fromJson(Gson.java:1226) ~[gson-2.10.jar%2370!/:?]
	at com.google.gson.Gson.fromJson(Gson.java:1124) ~[gson-2.10.jar%2370!/:?]
	at com.google.gson.Gson.fromJson(Gson.java:1034) ~[gson-2.10.jar%2370!/:?]
	at com.google.gson.Gson.fromJson(Gson.java:969) ~[gson-2.10.jar%2370!/:?]
	at net.minecraftforge.fml.VersionChecker$1.process(VersionChecker.java:183) ~[fmlcore-1.20.1-47.3.7.jar%23200!/:?]
	at java.lang.Iterable.forEach(Iterable.java:75) ~[?:?]
	at net.minecraftforge.fml.VersionChecker$1.run(VersionChecker.java:114) ~[fmlcore-1.20.1-47.3.7.jar%23200!/:?]
Caused by: java.lang.IllegalStateException: Expected BEGIN_OBJECT but was NUMBER at line 1 column 4 path $
	at com.google.gson.stream.JsonReader.beginObject(JsonReader.java:393) ~[gson-2.10.jar%2370!/:?]
	at com.google.gson.internal.bind.MapTypeAdapterFactory$Adapter.read(MapTypeAdapterFactory.java:182) ~[gson-2.10.jar%2370!/:?]
	at com.google.gson.internal.bind.MapTypeAdapterFactory$Adapter.read(MapTypeAdapterFactory.java:144) ~[gson-2.10.jar%2370!/:?]
	at com.google.gson.Gson.fromJson(Gson.java:1214) ~[gson-2.10.jar%2370!/:?]
	... 6 more
[07Oct2025 19:37:03.064] [Forge Version Check/INFO] [net.minecraftforge.fml.VersionChecker/]: [journeymap] Starting version check at https://forge.curseupdate.com/32274/journeymap
[07Oct2025 19:37:03.171] [Forge Version Check/DEBUG] [net.minecraftforge.fml.VersionChecker/]: [journeymap] Received version check data:
{"promos":{"1.10.2-latest":"1.10.2-5.5.2","1.10.2-recommended":"1.10.2-5.5.2","1.11-latest":"1.11-5.4.6","1.11-recommended":"1.11-5.4.6","1.11.2-latest":"1.11.2-5.5.2","1.11.2-recommended":"1.11.2-5.5.2","1.12-latest":"1.12-5.5.2","1.12-recommended":"1.12-5.5.2","1.12.1-latest":"1.12.1-5.5.2","1.12.1-recommended":"1.12.1-5.5.2","1.12.2-latest":"1.12.2-5.7.1p3","1.12.2-recommended":"1.12.2-5.7.1p3","1.14.4-latest":"5.7.0","1.14.4-recommended":"5.7.0","1.15.2-latest":"5.7.0","1.15.2-recommended":"5.7.0","1.16.2-latest":"5.7.3","1.16.2-recommended":"5.7.3","1.16.3-latest":"5.7.3","1.16.3-recommended":"5.7.3","1.16.4-latest":"5.7.3","1.16.4-recommended":"5.7.3","1.16.5-latest":"5.8.6","1.16.5-recommended":"5.8.6","1.17.1-latest":"5.8.0","1.17.1-recommended":"5.8.0","1.18-latest":"5.8.0alpha9","1.18.1-latest":"5.8.1","1.18.1-recommended":"5.8.1","1.18.2-latest":"5.9.8","1.18.2-recommended":"5.9.8","1.19-latest":"5.8.5","1.19-recommended":"5.8.5","1.19.1-latest":"5.9.0beta2","1.19.2-latest":"5.9.8","1.19.2-recommended":"5.9.8","1.19.3-latest":"5.9.7","1.19.3-recommended":"5.9.7","1.19.4-latest":"5.9.8","1.19.4-recommended":"5.9.8","1.20-latest":"5.9.8","1.20-recommended":"5.9.8","1.20.1-latest":"5.10.3","1.20.1-recommended":"5.10.3","1.20.2-latest":"5.9.21","1.20.2-recommended":"5.9.21","1.20.3-latest":"5.9.18","1.20.3-recommended":"5.9.18","1.20.4-latest":"5.10.0","1.20.4-recommended":"5.10.0","1.20.6-latest":"5.10.0","1.20.6-recommended":"5.10.0","1.21-latest":"1.21-6.0.0-beta.27","1.21.1-latest":"1.21.1-6.0.0-beta.52","1.21.4-latest":"1.21.4-6.0.0-beta.45","1.21.5-latest":"1.21.5-6.0.0-beta.52","1.21.6-latest":"1.21.6-6.0.0-beta.52","1.21.7-latest":"1.21.7-6.0.0-beta.53","1.21.8-latest":"1.21.8-6.0.0-beta.52","1.6.4-latest":"4.0.3","1.6.4-recommended":"4.0.3","1.7.10-latest":"5.2.10","1.7.10-recommended":"5.2.10","1.7.2-latest":"4.0.3","1.7.2-recommended":"4.0.3","1.8-latest":"1.8-5.1.3","1.8-recommended":"1.8-5.1.3","1.8.8-latest":"1.8.8-5.1.3","1.8.8-recommended":"1.8.8-5.1.3","1.8.9-latest":"1.8.9-5.2.4","1.8.9-recommended":"1.8.9-5.2.4","1.9-latest":"1.9-5.5.2","1.9-recommended":"1.9-5.5.2","1.9.4-latest":"1.9.4-5.5.2","1.9.4-recommended":"1.9.4-5.5.2"},"homepage":"https://www.curseforge.com/minecraft/mc-mods/journeymap"}
[07Oct2025 19:37:03.172] [Forge Version Check/INFO] [net.minecraftforge.fml.VersionChecker/]: [journeymap] Found status: OUTDATED Current: 5.10.1 Target: 5.10.3
[07Oct2025 19:37:03.172] [Forge Version Check/INFO] [net.minecraftforge.fml.VersionChecker/]: [travelersbackpack] Starting version check at https://gist.githubusercontent.com/Tiviacz1337/906937677aa472285dff9d6c2a189d5e/raw
[07Oct2025 19:37:03.214] [Forge Version Check/DEBUG] [net.minecraftforge.fml.VersionChecker/]: [travelersbackpack] Received version check data:
{ 
        "homepage": "https://www.curseforge.com/minecraft/mc-mods/travelers-backpack", 
        "promos": {
		"1.20.4-recommended": "9.4.2",
		"1.20.4-latest": "9.4.2",
		"1.20.2-recommended": "9.2.4",
		"1.20.2-latest": "9.2.4",
		"1.20.1-recommended": "9.1.16",
		"1.20.1-latest": "9.1.16",
		"1.20-recommended": "9.0.2",
		"1.20-latest": "9.0.2",
		"1.19.4-recommended": "8.4.20",
		"1.19.4-latest": "8.4.20",
		"1.19.3-recommended": "8.3.9",
		"1.19.3-latest": "8.3.9",
		"1.19.2-recommended": "8.2.40",
		"1.19.2-latest": "8.2.40",
		"1.19.1-recommended": "8.1.1",
		"1.19.1-latest": "8.1.1",
		"1.19-recommended": "8.0.8",
		"1.19-latest": "8.0.8",
		"1.18.2-recommended": "7.1.48",
		"1.18.2-latest": "7.1.48",
		"1.18.1-recommended": "7.0.4",
		"1.18.1-latest": "7.0.5",
		"1.17.1-recommended": "6.0.52",
		"1.17.1-latest": "6.0.52",
		"1.16.5-recommended": "5.4.51",
		"1.16.5-latest": "5.4.51",
		"1.16.4-recommended": "5.3.8",
		"1.16.4-latest": "5.3.8",
		"1.16.3-recommended": "5.2.1",
		"1.16.3-latest": "5.2.1",
		"1.16.2-recommended": "5.1.1",
		"1.16.2-latest": "5.1.1",
		"1.16.1-recommended": "5.0.1",
		"1.16.1-latest": "5.0.1",
		"1.15.2-recommended": "4.0.8",
		"1.15.2-latest": "4.0.8",
		"1.14.4-recommended": "3.0.8",
		"1.14.4-latest": "3.0.8",
                "1.12.2-recommended": "1.0.34",
		"1.12.2-latest": "1.0.34"
        }, 
        "1.12.2": {
			"0.0.3a": "Added sleeping bag",
			"0.0.4a": "Added ability to wear backpack on player's back!",
			"0.0.5a": "Implemented swapping between tools!",
			"0.0.6a": "Added missing recipe for sleeping bag",
			"0.0.7a": "Fixes for server",
			"0.0.8a": "Added backpack renderer on player's back!",
			"0.0.9a": "Added tools render on backpack",
			"0.1.0a": "Fixed tile entity data loading",
			"0.1.1a": "Added hose, bug fixes",
			"0.1.2a": "Fixed server crash",
			"0.1.3a": "Added more backpack types!",
			"0.1.4a": "Added fluid render to block and wearable model",
			"0.1.5a": "Fixed some bugs and added more custom backpacks",
			"0.1.6a": "Added potions as fluids!",
			"0.1.7a": "Fixed rendering-thing on server",
			"0.1.8a": "Fixed some minor issues",
			"1.0.19.19": "First beta release",
			"1.0.20.20": "Mainly bug fixes",
			"1.0.21.21": "Bug fixes",
			"1.0.22.22": "Added backpack abilities",
			"1.0.23.23": "Bug fixes",
			"1.0.24.24": "Bug fixes",
			"1.0.25.25": "Bug fixes",
			"1.0.26.26": "Fixed NPE",
			"1.0.27": "Capability code clean-up, bug fix",
			"1.0.28": "Mod ID change, see note in 1.0.28 on the site",
			"1.0.29": "Mod ID change, see note in 1.0.29 on the site",
			"1.0.30": "Bug fixes, standard backpack texture improvements",
			"1.0.31": "Fixed bug that causes buckets to dissapear",
			"1.0.32": "Added in-game warning about modid change and method to keep backpacks after updating to newer version",
			"1.0.33": "Fixed backpack dissapear in explosions",
			"1.0.34": "Mainly bug fixes",
			"1.0.35": "Misc bug fixes"
        },
	"1.14.4":  { 
			"3.0.7": "Initial port",
			"3.0.8": "Compatibility for modded tools"
	},
	"1.15.2":  {
      			"4.0.0": "Initial port",
			"4.0.1": "FPS bug fix",
			"4.0.2": "Fixed unwanted backpack placement after death",
			"4.0.3": "Fixed NPE while using sleeping bag",
			"4.0.4": "Fixed crash, updated few textures",
			"4.0.5": "Bug fixes",
			"4.0.6": "Fixed backpack dissapear in explosions",
			"4.0.7": "Keybind for tool cycle",
			"4.0.8": "Compatibility for modded tools"
	},
	"1.16.1":  { 
			"5.0.0": "Initial port",
			"5.0.1": "Fixed backpack not saving contents, compatibility for modded tools"
	},
	"1.16.2":  { 
			"5.1.0": "Initial port",
			"5.1.1": "Fixed server crashes, backpack not saving contents, compatibility for modded tools"
	},
	"1.16.3":  { 
			"5.2.1": "Initial port"
	},
	"1.16.4":  { 
			"5.3.1": "Initial port",
			"5.3.2": "Bug fixes, game-breaking change",
			"5.3.3": "A lot of bug fixes",
			"5.3.4": "Dupe bug fix",
			"5.3.5": "Curios integration",
			"5.3.6": "Crafting grid dupe bug fix",
			"5.3.7": "Crash fix, curiosIntegration option migration",
			"5.3.8": "Fixed item saving bug"
	},
	"1.16.5":  { 
			"5.3.8": "Fixed item saving bug",
			"5.4.0": "Few new custom backpacks",
			"5.4.1": "Fixed villager trades",
			"5.4.2": "Fixed crash with turkish language and small tweaks",
			"5.4.3": "Fixed dupe bug",
			"5.4.4": "JEI dupe bug fix and more",
			"5.4.5": "Dyeable backpacks update! :>",
			"5.4.6": "More backpacks and bug fixes",
			"5.4.7": "Exploit and bug fixes",
			"5.4.8": "Fixed spawn point setting",
			"5.4.9": "20 new backpacks",
			"5.4.10": "Added backpack abilties",
			"5.4.11": "Code cleanup",
			"5.4.12": "Fixed crash",
			"5.4.13": "Added sorting buttons",
			"5.4.14": "Fixed LAN crash",
			"5.4.15": "Fixed few bugs",
			"5.4.16": "Fixed crash",
			"5.4.17": "Fixed bugs",
			"5.4.18": "Fixed crash",
			"5.4.19": "Fixed curio dupe bug",
			"5.4.20": "Added 9 new abilities",
			"5.4.21": "Added too many backpacks slowness effect",
			"5.4.22": "Fixed abilities",
			"5.4.23": "Added colorable sleeping bags",
			"5.4.24": "Bug fixes",
			"5.4.25": "Added slot memory",
			"5.4.26": "Added dedicated settings menu",
			"5.4.28": "Added milk and milk effect",
			"5.4.29": "Mobs can spawn with backpack equipped",
			"5.4.31": "Added /restore command",
			"5.4.32": "Added void protection config option",
			"5.4.33": "Fixed bad coded coordinates",
			"5.4.35": "Tweaked config and commands",
			"5.4.36": "Added backpack tiers",
			"5.4.37": "Changed tier upgrades recipes",
			"5.4.38": "Added enableTierUpgrades config option",
			"5.4.39": "Added Crafting widget",
			"5.4.40": "Fixed dupe bug",
			"5.4.41": "Backpack can be placed in fluids after death",
			"5.4.42": "Added compat with gravestone mods",
			"5.4.43": "Tweaked some recipes",
			"5.4.44": "Misc",
			"5.4.45": "Misc",
			"5.4.46": "Misc",
			"5.4.47": "Added tool slots widget",
			"5.4.48": "Fixed few bugs",
			"5.4.49": "Shift + Right Click with Empty Hand allows to place backpack on the ground",
			"5.4.50": "Sleeping bag can be used without backpack",
			"5.4.51": "Added loot to chests and fixed bugs"
	},
	"1.17.1":  { 
			"6.0.0": "Initial Release",
			"6.0.1": "Fixed datapack issue",
			"6.0.2": "Fixed crash with newest Forge",
			"6.0.3": "Fixed backpack disappearing on death",
			"6.0.4": "JEI integration and more",
			"6.0.5": "Dyeable backpacks update! :>",
			"6.0.6": "More backpacks and bug fixes",
			"6.0.7": "Fixed significant FPS drop",
			"6.0.8": "Fixed dupe bug",
			"6.0.9": "Fixed spawn point setting",
			"6.0.10": "20 new backpacks",
			"6.0.11": "Added backpack abilties",
			"6.0.12": "Code cleanup",
			"6.0.13": "Fixed crash",
			"6.0.14": "Added sorting buttons",
			"6.0.15": "Fixed LAN crash",
			"6.0.16": "Fixed few bugs",
			"6.0.17": "Fixed crash",
			"6.0.18": "Fixed bugs",
			"6.0.19": "Fixed crash",
			"6.0.20": "Fixed curio dupe bug",
			"6.0.21": "Added 9 new abilities",
			"6.0.22": "Added too many backpacks slowness effect",
			"6.0.23": "Fixed abilities",
			"6.0.24": "Added colorable sleeping bags",
			"6.0.25": "Bug fixes",
			"6.0.26": "Added slot memory",
			"6.0.27": "Added dedicated settings menu",
			"6.0.29": "Added milk and milk effect",
			"6.0.30": "Mobs can spawn with backpack equipped",
			"6.0.32": "Added /restore command",
			"6.0.33": "Added void protection config option",
			"6.0.34": "Fixed bad coded coordinates",
			"6.0.36": "Tweaked config and commands",
			"6.0.37": "Added backpack Tiers",
			"6.0.38": "Changed tier upgrades recipes",
			"6.0.39": "Added enableTierUpgrades config option",
			"6.0.40": "Added Crafting widget",
			"6.0.41": "Fixed dupe bug",
			"6.0.42": "Backpack can be placed in fluids after death",
			"6.0.43": "Added compat with gravestone mods",
			"6.0.44": "Added inventory tooltip in preview",
			"6.0.45": "Misc",
			"6.0.46": "Misc",
			"6.0.47": "Misc",
			"6.0.48": "Added tool slots widget",
			"6.0.49": "Fixed few bugs",
			"6.0.50": "Shift + Right Click with Empty Hand allows to place backpack on the ground",
			"6.0.51": "Sleeping bag can be used without backpack",
			"6.0.52": "Added loot to chests and fixed bugs"
	},
	"1.18.1":  { 
			"7.0.0": "Initial Release",
			"7.0.1": "Backpack lose items bug fix",
			"7.0.2": "New backpacks",
			"7.0.3": "Fixed dupe bug",
			"7.0.4": "Fixed spawn point setting"
	},
	"1.18.2":  { 
			"7.1.0": "Initial Release",
			"7.1.1": "Fixed spawn point setting",
			"7.1.2": "20 new backpacks",
			"7.1.3": "Added backpack abilties",
			"7.1.4": "Code cleanup",
			"7.1.5": "Fixed bug with duplicating buckets",
			"7.1.6": "Fixed crash",
			"7.1.7": "Added sorting buttons",
			"7.1.8": "Fixed LAN crash",
			"7.1.9": "Fixed few bugs",
			"7.1.10": "Fixed crash",
			"7.1.11": "Fixed bugs",
			"7.1.12": "Fixed crash",
			"7.1.13": "Fixed curio dupe bug",
			"7.1.14": "Added 9 new abilities",
			"7.1.15": "Added too many backpacks slowness effect",
			"7.1.16": "Fixed abilities",
			"7.1.17": "Added colorable sleeping bags",
			"7.1.18": "Bug fixes",
			"7.1.20": "Added slot memory",
			"7.1.21": "Added dedicated settings menu",
			"7.1.23": "Added milk and milk effect",
			"7.1.24": "Mobs can spawn with backpack equipped",
			"7.1.26": "Added /restore command",
			"7.1.27": "Added void protection config option",
			"7.1.28": "Fixed bad coded coordinates",
			"7.1.30": "Tweaked config and commands",
			"7.1.31": "Added backpack Tiers",
			"7.1.32": "Changed tier upgrades recipes",
			"7.1.33": "Added enableTierUpgrades config option",
			"7.1.34": "Added Crafting widget",
			"7.1.35": "Fixed dupe bug",
			"7.1.36": "Backpack can be placed in fluids after death",
			"7.1.37": "Added compat with gravestone mods",
			"7.1.38": "Added inventory preview in tooltip",
			"7.1.39": "Misc",
			"7.1.40": "Misc",
			"7.1.41": "Misc",
			"7.1.42": "Added tool slots widget",
			"7.1.43": "Fixed few bugs",
			"7.1.44": "Shift + Right Click with Empty Hand allows to place backpack on the ground",
			"7.1.45": "Sleeping bag can be used without backpack",
			"7.1.46": "Added loot to chests and fixed bugs",
			"7.1.47": "Configuration for backpack slots",
			"7.1.48": "Added recipes to recipe book"
			
	},
	"1.19":  { 
			"8.0.0": "Initial Release",
			"8.0.1": "Fixed crashes",
			"8.0.2": "20 new backpacks",
			"8.0.3": "Added backpack abilties",
			"8.0.4": "Updated Forge",
			"8.0.5": "Fixed few bugs",
			"8.0.6": "Code cleanup",
			"8.0.7": "Fixed crash",
			"8.0.8": "Added sorting buttons"
	},
	"1.19.1":  { 
			"8.1.0": "Initial Release",
			"8.1.1": "Fixed LAN crash"
	},
	"1.19.2":  { 
			"8.2.0": "Initial Release",
			"8.2.1": "Fixed few bugs",
			"8.2.2": "Fixed crash",
			"8.2.3": "Fixed bugs",
			"8.2.4": "Fixed crash",
			"8.2.5": "Fixed curio dupe bug",
			"8.2.6": "Added 9 new abilities",
			"8.2.7": "Added too many backpacks slowness effect",
			"8.2.8": "Fixed abilities",
			"8.2.9": "Added colorable sleeping bags",
			"8.2.10": "Bug fixes",
			"8.2.11": "Added slot memory",
			"8.2.12": "Added dedicated settings menu",
			"8.2.14": "Added milk and milk effect",
			"8.2.15": "Mobs can spawn with backpack equipped",
			"8.2.17": "Added /restore command",
			"8.2.18": "Added void protection config option",
			"8.2.19": "Fixed bad coded coordinates",
			"8.2.21": "Tweaked config and commands",
			"8.2.22": "Added backpack tiers",
			"8.2.23": "Changed tier upgrades recipes",
			"8.2.24": "Missing texture hotfix",
			"8.2.25": "Added enableTierUpgrades config option",
			"8.2.26": "Added Crafting widget",
			"8.2.27": "Fixed dupe bug",
			"8.2.28": "Backpack can be placed in fluids after death",
			"8.2.29": "Added compat with gravestone mods",
			"8.2.30": "Added inventory preview in tooltip",
			"8.2.31": "Misc",
			"8.2.32": "Misc",
			"8.2.33": "Misc",
			"8.2.34": "Added tool slots widget",
			"8.2.35": "Fixed few bugs",
			"8.2.36": "Shift + Right Click with Empty Hand allows to place backpack on the ground",
			"8.2.37": "Sleeping bag can be used without backpack",
			"8.2.38": "Added loot to chests and fixed bugs",
			"8.2.39": "Configuration for backpack slots",
			"8.2.40": "Added recipes to recipe book"
	},
	"1.19.3":  { 
			"8.3.0": "Initial Release",
			"8.3.2": "Added milk and milk effect",
			"8.3.3": "Mobs can spawn with backpack equipped",
			"8.3.5": "Added /restore command",
			"8.2.6": "Added void protection config option",
			"8.2.7": "Fixed bad coded coordinates",
			"8.2.9": "Tweaked config and commands"
	},
	"1.19.4":  { 
			"8.4.2": "Tweaked config and commands",
			"8.4.3": "Added backpack tiers",
			"8.4.4": "Changed tier upgrades recipes",
			"8.4.5": "Added enableTierUpgrades config option",
			"8.4.6": "Added support for new smithing table",
			"8.4.7": "Added support for new smithing table",
			"8.4.8": "Added Crafting widget",
			"8.4.9": "Fixed dupe bug",
			"8.4.10": "Backpack can be placed in fluids after death",
			"8.4.11": "Added compat with gravestone mods",
			"8.4.12": "Added inventory preview in tooltip",
			"8.4.13": "Misc",
			"8.4.14": "Misc",
			"8.4.15": "Misc",
			"8.4.16": "Added tool slots widget",
			"8.4.17": "Fixed few bugs",
			"8.4.18": "Shift + Right Click with Empty Hand allows to place backpack on the ground",
			"8.4.19": "Sleeping bag can be used without backpack",
			"8.4.20": "Added loot to chests and fixed bugs"
	},
	"1.20":  { 
			"9.0.0": "Initial update",
			"9.0.1": "Fixed disappearing backpack on contact with water",
			"9.0.2": "Fixed smithing bug and restored Curios compat"
	},
	"1.20.1":  { 
			"9.1.0": "Initial update",
			"9.1.1": "Initial update",
			"9.1.2": "Fixed dupe bug",
			"9.1.3": "Added compat with gravestone mods",
			"9.1.4": "Added inventory preview in tooltip",
			"9.1.5": "Misc",
			"9.1.6": "Misc",
			"9.1.7": "Misc",
			"9.1.8": "Added tool slots widget",
			"9.1.9": "Fixed few bugs",
			"9.1.10": "Shift + Right Click with Empty Hand allows to place backpack on the ground",
			"9.1.11": "Sleeping bag can be used without backpack",
			"9.1.12": "Configuration for backpack slots",
			"9.1.13": "Added loot to chests and fixed bugs",
			"9.1.14": "Added recipes to recipe book",
			"9.1.15": "Improvements",
			"9.1.16": "Stopped excessive drops of backpack from mob farms, added visibility button, fixed some bugs"
	},
	"1.20.2":  { 
			"9.2.0": "Initial update",
			"9.2.1": "Fixed few bugs",
			"9.2.2": "Shift + Right Click with Empty Hand allows to place backpack on the ground",
			"9.2.3": "Sleeping bag can be used without backpack",
			"9.2.4": "Added loot to chests and fixed bugs"
	},
	"1.20.4":  { 
			"9.4.0": "Initial update",
			"9.4.1": "Configuration for backpack slots",
			"9.4.2": "Added recipes to recipe book"
	}
}
[07Oct2025 19:37:03.214] [Forge Version Check/INFO] [net.minecraftforge.fml.VersionChecker/]: [travelersbackpack] Found status: OUTDATED Current: 9.1.15 Target: 9.1.16
[07Oct2025 19:37:03.217] [Forge Version Check/INFO] [net.minecraftforge.fml.VersionChecker/]: [bookshelf] Starting version check at https://updates.blamejared.com/get?n=bookshelf&gv=1.20.1
[07Oct2025 19:37:03.387] [modloading-worker-0/INFO] [Jade/]: Start loading plugin at twilightforest.compat.jade.JadeCompat
[07Oct2025 19:37:03.393] [modloading-worker-0/INFO] [Jade/]: Start loading plugin at snownee.jade.addon.vanilla.VanillaPlugin
[07Oct2025 19:37:03.404] [modloading-worker-0/INFO] [Jade/]: Start loading plugin at snownee.jade.addon.universal.UniversalPlugin
[07Oct2025 19:37:03.407] [modloading-worker-0/INFO] [Jade/]: Start loading plugin at snownee.jade.addon.core.CorePlugin
[07Oct2025 19:37:03.408] [modloading-worker-0/INFO] [Jade/]: Start loading plugin at com.hollingsworth.arsnouveau.client.waila.WailaArsNouveauPlugin
[07Oct2025 19:37:03.409] [modloading-worker-0/INFO] [Jade/]: Start loading plugin at de.maxhenkel.camera.integration.waila.PluginCamera
[07Oct2025 19:37:03.409] [modloading-worker-0/INFO] [Jade/]: Start loading plugin at com.jaquadro.minecraft.storagedrawers.integration.Waila
[07Oct2025 19:37:03.410] [modloading-worker-0/INFO] [Jade/]: Start loading plugin at ovh.corail.tombstone.compatibility.IntegrationJade
[07Oct2025 19:37:03.424] [main/DEBUG] [net.minecraftforge.fml.DeferredWorkQueue/LOADING]: Dispatching synchronous work for work queue COMPLETE: 3 jobs
[07Oct2025 19:37:03.428] [main/DEBUG] [net.minecraftforge.fml.DeferredWorkQueue/LOADING]: Synchronous work queue completed in 3.460 ms
[07Oct2025 19:37:03.536] [Forge Version Check/DEBUG] [net.minecraftforge.fml.VersionChecker/]: [bookshelf] Received version check data:
{"homepage":"https://www.curseforge.com/minecraft/mc-mods/bookshelf","promos":{"1.20.1-latest":"20.2.13"}}
[07Oct2025 19:37:03.537] [Forge Version Check/INFO] [net.minecraftforge.fml.VersionChecker/]: [bookshelf] Found status: BETA Current: 20.2.13 Target: 20.2.13
[07Oct2025 19:37:03.537] [Forge Version Check/INFO] [net.minecraftforge.fml.VersionChecker/]: [mcwdoors] Starting version check at https://raw.githubusercontent.com/sketchmacaw/macawsmods/master/doors.json
[07Oct2025 19:37:03.546] [Forge Version Check/DEBUG] [net.minecraftforge.fml.VersionChecker/]: [mcwdoors] Received version check data:
{
  "homepage": "https://www.curseforge.com/minecraft/mc-mods/macaws-doors",
  "promos": {
    "1.21.9-recommended": "1.1.2",
    "1.21.9-latest": "1.1.2",
    "1.21.8-recommended": "1.1.2",
    "1.21.8-latest": "1.1.2",
    "1.21.7-recommended": "1.1.2",
    "1.21.7-latest": "1.1.2",
    "1.21.6-recommended": "1.1.2",
    "1.21.6-latest": "1.1.2",
    "1.21.5-recommended": "1.1.2",
    "1.21.5-latest": "1.1.2",
    "1.21.4-recommended": "1.1.2",
    "1.21.4-latest": "1.1.2",
    "1.21.3-recommended": "1.1.2",
    "1.21.3-latest": "1.1.2",
    "1.21.1-recommended": "1.1.2",
    "1.21.1-latest": "1.1.2",
    "1.21-recommended": "1.1.2",
    "1.21-latest": "1.1.2",
    "1.20.6-recommended": "1.1.2",
    "1.20.6-latest": "1.1.2",
    "1.20.4-recommended": "1.1.2",
    "1.20.4-latest": "1.1.2",
    "1.20.3-recommended": "1.1.2",
    "1.20.3-latest": "1.1.2",
    "1.20.2-recommended": "1.1.2",
    "1.20.2-latest": "1.1.2",
    "1.20.1-recommended": "1.1.2",
    "1.20.1-latest": "1.1.2",
    "1.20-recommended": "1.1.2",
    "1.20-latest": "1.1.2",
    "1.19.4-recommended": "1.1.2",
    "1.19.4-latest": "1.1.2",
    "1.19.3-recommended": "1.1.2",
    "1.19.3-latest": "1.1.2",
    "1.19.2-recommended": "1.1.2",
    "1.19.2-latest": "1.1.2",
    "1.19.1-recommended": "1.1.2",
    "1.19.1-latest": "1.1.2",
    "1.19-recommended": "1.1.2",
    "1.19-latest": "1.1.2",
    "1.18.2-recommended": "1.1.2",
    "1.18.2-latest": "1.1.2",
    "1.18.1-recommended": "1.1.2",
    "1.18.1-latest": "1.1.2",
    "1.17.1-recommended": "1.1.2",
    "1.17.1-latest": "1.1.2",
    "1.16.5-recommended": "1.1.2",
    "1.16.5-latest": "1.1.2",
    "1.15.2-latest": "1.0.3",
    "1.15.1-latest": "1.0.3",
    "1.14.4-latest": "1.0.3",
    "1.12.2-latest": "1.0.3",
    "1.15.2-recommended": "1.0.3",
    "1.15.1-recommended": "1.0.3",
    "1.14.4-recommended": "1.0.3",
    "1.12.2-recommended": "1.0.3"
  }
}
[07Oct2025 19:37:03.547] [Forge Version Check/INFO] [net.minecraftforge.fml.VersionChecker/]: [mcwdoors] Found status: UP_TO_DATE Current: 1.1.2 Target: null
[07Oct2025 19:37:03.547] [Forge Version Check/INFO] [net.minecraftforge.fml.VersionChecker/]: [puzzlesaccessapi] Starting version check at https://raw.githubusercontent.com/Fuzss/modresources/main/update/puzzlesaccessapi.json
[07Oct2025 19:37:03.557] [Forge Version Check/DEBUG] [net.minecraftforge.fml.VersionChecker/]: [puzzlesaccessapi] Received version check data:
{
    "homepage": "https://github.com/Fuzss/puzzlesaccessapi",
    "promos": {}
}
[07Oct2025 19:37:03.558] [Forge Version Check/INFO] [net.minecraftforge.fml.VersionChecker/]: [puzzlesaccessapi] Found status: BETA Current: 8.0.7 Target: null
[07Oct2025 19:37:03.558] [Forge Version Check/INFO] [net.minecraftforge.fml.VersionChecker/]: [twilightforest] Starting version check at https://gh.tamaized.com/TeamTwilight/twilightforest/update.json
[07Oct2025 19:37:03.648] [Forge Version Check/DEBUG] [net.minecraftforge.fml.VersionChecker/]: [twilightforest] Received version check data:
{
  "homepage": "https://minecraft.curseforge.com/projects/the-twilight-forest",
  "promos": {
	"1.20.2-latest": "4.4.1977",
	"1.20.2-recommended": "4.4.1977",
	"1.20.1-latest": "4.3.1893",
	"1.20.1-recommended": "4.3.1893",
	"1.19.4-latest": "4.2.1696",
	"1.19.4-recommended": "4.2.1696",
	"1.18.2-latest": "4.1.1494",
	"1.18.2-recommended": "4.1.1494",
	"1.17.1-latest": "4.0.943",
	"1.17.1-recommended": "4.0.943",
	"1.16.5-latest": "4.0.870",
	"1.16.5-recommended": "4.0.870",
	"1.12.2-latest": "3.11.1021",
	"1.12.2-recommended": "3.11.1021",
	"1.7.10-latest": "2.4.3",
	"1.7.10-recommended": "2.4.3"
  }
}
[07Oct2025 19:37:03.648] [Forge Version Check/INFO] [net.minecraftforge.fml.VersionChecker/]: [twilightforest] Found status: AHEAD Current: 4.3.2508 Target: null
[07Oct2025 19:37:03.649] [Forge Version Check/INFO] [net.minecraftforge.fml.VersionChecker/]: [voicechat] Starting version check at https://update.maxhenkel.de/forge/voicechat
[07Oct2025 19:37:04.059] [main/DEBUG] [net.minecraftforge.coremod.transformer.CoreModBaseTransformer/COREMOD]: Transforming <init> with desc (JZZLjava/util/Optional;)V
[07Oct2025 19:37:04.067] [main/DEBUG] [net.minecraftforge.coremod.transformer.CoreModBaseTransformer/COREMOD]: Transforming m_226857_ with desc (Lnet/minecraft/world/level/levelgen/structure/pieces/StructurePieceSerializationContext;Lnet/minecraft/nbt/CompoundTag;J)Lnet/minecraft/world/level/levelgen/structure/StructureStart;
[07Oct2025 19:37:04.084] [main/INFO] [com.mojang.authlib.yggdrasil.YggdrasilAuthenticationService/]: Environment: authHost='https://authserver.mojang.com', accountsHost='https://api.mojang.com', sessionHost='https://sessionserver.mojang.com', servicesHost='https://api.minecraftservices.com', name='PROD'
[07Oct2025 19:37:04.101] [main/DEBUG] [mixin/]: Mixing bugfix.removed_dimensions.LevelStorageSourceMixin from modernfix-forge.mixins.json into net.minecraft.world.level.storage.LevelStorageSource
[07Oct2025 19:37:04.132] [Forge Version Check/DEBUG] [net.minecraftforge.fml.VersionChecker/]: [voicechat] Received version check data:
{"1.21":{"1.21-2.5.20":"Added Vietnamese translation"},"1.20":{"1.20-2.4.9":"Fixed group not getting deleted when disconnecting\nFixed group in LeaveGroupEvent always null\nFixed builtin resource pack format version"},"1.18":{"1.18-2.1.17":"Updated Forge\nFixed sound physics compatibility","1.18-2.1.22":"Fixed untranslated command feedback"},"1.19":{"1.19-2.4.8":"Added audio senders to the voice chat API"},"1.21.10":{"1.21.10-2.6.4":"Updated to 1.21.9"},"1.21.7":{"1.21.7-2.5.34":"Updated German translation"},"1.21.6":{"1.21.6-2.5.32":"Added \"Default microphone\" and \"Default speaker\" options\nFixed antivirus software detecting the jar as a trojan (This was a false positive)"},"1.21.9":{"1.21.9-2.6.4":"Updated to 1.21.9"},"1.21.8":{"1.21.8-2.6.4":"Added more detailed microphone error messages when using the java microphone implementation\nImproved incompatible version message"},"1.20.4":{"1.20.4-2.5.22":"Updated Traditional Chinese translation\nAdded Portuguese translation\nUpdated Ukrainian translation","1.20.4-2.4.32":"Fixed compatibility with Sound Physics Remastered\nUpdated French translation"},"1.21.3":{"1.21.3-2.5.31":"Improved handling of invalid bind addresses\nFixed bind_address being used in LAN worlds\nUpdated Swedish translation"},"promos":{"1.18.1-latest":"1.18.1-2.2.52","1.21.4-latest":"1.21.4-2.6.4","1.21.3-latest":"1.21.3-2.5.31","1.18.2-latest":"1.18.2-2.6.4","1.19.3-recommended":"1.19.3-2.4.11","1.20-recommended":"1.20-2.4.9","1.19.1-recommended":"1.19.1-2.4.8","1.21.5-latest":"1.21.5-2.6.4","1.21.1-latest":"1.21.1-2.6.4","1.21.6-latest":"1.21.6-2.5.32","1.12.2-latest":"1.12.2-2.6.4","1.19.4-recommended":"1.19.4-2.4.32","1.12.2-recommended":"1.12.2-2.4.32","1.19-latest":"1.19-2.4.8","1.17.1-recommended":"1.17.1-2.4.32","1.19.2-recommended":"1.19.2-2.4.32","1.21.9-latest":"1.21.9-2.6.4","1.18-latest":"1.18-2.1.22","1.21.8-latest":"1.21.8-2.6.4","1.20.4-recommended":"1.20.4-2.4.32","1.21.7-latest":"1.21.7-2.5.34","1.21-latest":"1.21-2.5.20","1.16.5-recommended":"1.16.5-2.4.32","1.16.4-recommended":"1.16.4-1.1.7","1.20.1-recommended":"1.20.1-2.4.32","1.16.3-recommended":"1.16.3-1.0.1","1.15.2-latest":"1.15.2-1.0.2","1.20.2-recommended":"1.20.2-2.4.32","1.20-latest":"1.20-2.4.9","1.18.2-recommended":"1.18.2-2.4.32","1.17.1-latest":"1.17.1-2.5.12","1.21.10-latest":"1.21.10-2.6.4","1.18.1-recommended":"1.18.1-2.2.52","1.20.1-latest":"1.20.1-2.6.4","1.16.3-latest":"1.16.3-1.0.1","1.20.2-latest":"1.20.2-2.5.12","1.16.4-latest":"1.16.4-1.1.7","1.19.2-latest":"1.19.2-2.6.4","1.19.4-latest":"1.19.4-2.5.12","1.19.3-latest":"1.19.3-2.4.11","1.16.5-latest":"1.16.5-2.6.4","1.19-recommended":"1.19-2.4.8","1.18-recommended":"1.18-2.1.17","1.15.2-recommended":"1.15.2-1.0.2","1.20.4-latest":"1.20.4-2.5.22","1.19.1-latest":"1.19.1-2.4.8","1.20.6-latest":"1.20.6-2.5.22"},"1.20.6":{"1.20.6-2.5.22":"Updated Traditional Chinese translation\nAdded Portuguese translation\nUpdated Ukrainian translation"},"1.21.5":{"1.21.5-2.6.4":"Added more detailed microphone error messages when using the java microphone implementation\nImproved incompatible version message"},"1.21.4":{"1.21.4-2.6.4":"Added more detailed microphone error messages when using the java microphone implementation\nImproved incompatible version message"},"1.20.2":{"1.20.2-2.4.32":"Fixed compatibility with Sound Physics Remastered\nUpdated French translation","1.20.2-2.5.12":"Improved cloth config GUI translations"},"1.21.1":{"1.21.1-2.6.4":"Added more detailed microphone error messages when using the java microphone implementation\nImproved incompatible version message"},"1.20.1":{"1.20.1-2.4.32":"Fixed compatibility with Sound Physics Remastered\nUpdated French translation","1.20.1-2.6.4":"Added more detailed microphone error messages when using the java microphone implementation\nImproved incompatible version message"},"1.16.4":{"1.16.4-1.1.7":"Fixed ConcurrentModificationException when client times out"},"1.19.1":{"1.19.1-2.4.8":"Added audio senders to the voice chat API"},"1.18.2":{"1.18.2-2.4.32":"Fixed compatibility with Sound Physics Remastered\nUpdated French translation","1.18.2-2.6.4":"Added more detailed microphone error messages when using the java microphone implementation\nImproved incompatible version message"},"1.16.5":{"1.16.5-2.4.32":"Fixed compatibility with Sound Physics Remastered\nUpdated French translation","1.16.5-2.6.4":"Added more detailed microphone error messages when using the java microphone implementation\nImproved incompatible version message"},"1.19.2":{"1.19.2-2.4.32":"Fixed compatibility with Sound Physics Remastered\nUpdated French translation","1.19.2-2.6.4":"Added more detailed microphone error messages when using the java microphone implementation\nImproved incompatible version message"},"1.19.3":{"1.19.3-2.4.11":"Added config accessors to the API"},"1.19.4":{"1.19.4-2.4.32":"Fixed compatibility with Sound Physics Remastered\nUpdated French translation","1.19.4-2.5.12":"Improved cloth config GUI translations"},"1.15.2":{"1.15.2-1.0.2":"Fix crash on servers"},"1.17.1":{"1.17.1-2.4.32":"Fixed compatibility with Sound Physics Remastered\nUpdated French translation","1.17.1-2.5.12":"Improved cloth config GUI translations"},"1.16.3":{"1.16.3-1.0.1":"Fixed voice chat not working on servers with port"},"1.18.1":{"1.18.1-2.2.52":"Improved service loader compatibility\nFixed issues with QuestCraft\nFixed disconnected state being controlled by the client"},"1.12.2":{"1.12.2-2.4.32":"Fixed compatibility with Sound Physics Remastered\nUpdated French translation","1.12.2-2.6.4":"Added more detailed microphone error messages when using the java microphone implementation\nImproved incompatible version message"},"homepage":"https://modrepo.de/minecraft/voicechat"}
[07Oct2025 19:37:04.132] [Forge Version Check/INFO] [net.minecraftforge.fml.VersionChecker/]: [voicechat] Found status: OUTDATED Current: 1.20.1-2.5.20 Target: 1.20.1-2.6.4
[07Oct2025 19:37:04.133] [Forge Version Check/INFO] [net.minecraftforge.fml.VersionChecker/]: [enchdesc] Starting version check at https://updates.blamejared.com/get?n=enchdesc&gv=1.20.1
[07Oct2025 19:37:04.166] [main/WARN] [net.minecraftforge.common.ForgeHooks/WP]: The following mods have version differences that were not resolved:
allthearcanistgear (version 1.20.1-20.0.0 -> MISSING)
allthemodium (version 2.5.6 -> MISSING)
alltheores (version 2.2.4 -> MISSING)
Things may not work well.
[07Oct2025 19:37:04.230] [Forge Version Check/DEBUG] [net.minecraftforge.fml.VersionChecker/]: [enchdesc] Received version check data:
{"homepage":"https://www.curseforge.com/minecraft/mc-mods/enchantment-descriptions","promos":{"1.20.1-latest":"17.1.19"}}
[07Oct2025 19:37:04.230] [Forge Version Check/INFO] [net.minecraftforge.fml.VersionChecker/]: [enchdesc] Found status: BETA Current: 17.1.19 Target: 17.1.19
[07Oct2025 19:37:04.230] [Forge Version Check/INFO] [net.minecraftforge.fml.VersionChecker/]: [silentlib] Starting version check at https://raw.githubusercontent.com/SilentChaos512/SilentLib/1.20.x/update.json
[07Oct2025 19:37:04.240] [Forge Version Check/DEBUG] [net.minecraftforge.fml.VersionChecker/]: [silentlib] Received version check data:
{
    "homepage": "https://www.curseforge.com/minecraft/mc-mods/silent-lib",
    "1.120.1": {
        "8.0.0": "https://github.com/SilentChaos512/SilentLib/blob/1.20.x/CHANGELOG.md"
    },
    "promos": {
        "1.120.1-latest": "8.0.0",
        "1.120.1-recommended": "8.0.0"
    }
}
[07Oct2025 19:37:04.240] [Forge Version Check/INFO] [net.minecraftforge.fml.VersionChecker/]: [silentlib] Found status: BETA Current: 8.0.0 Target: null
[07Oct2025 19:37:04.241] [Forge Version Check/INFO] [net.minecraftforge.fml.VersionChecker/]: [camera] Starting version check at https://update.maxhenkel.de/forge/camera
[07Oct2025 19:37:04.287] [main/ERROR] [net.minecraftforge.registries.GameData/REGISTRIES]: Unidentified mapping from registry minecraft:block
	allthemodium:allthemodium_block: 3052
	allthemodium:allthemodium_ore: 3047
	allthemodium:allthemodium_slate_ore: 3048
	allthemodium:ancient_bookshelf: 3120
	allthemodium:ancient_cavevines: 3089
	allthemodium:ancient_cavevines_plant: 3090
	allthemodium:ancient_chiseled_stone_brick_slabs: 3079
	allthemodium:ancient_chiseled_stone_brick_stairs: 3069
	allthemodium:ancient_chiseled_stone_brick_wall: 3086
	allthemodium:ancient_chiseled_stone_bricks: 3038
	allthemodium:ancient_cracked_stone_brick_slabs: 3080
	allthemodium:ancient_cracked_stone_brick_stairs: 3070
	allthemodium:ancient_cracked_stone_brick_wall: 3087
	allthemodium:ancient_cracked_stone_bricks: 3039
	allthemodium:ancient_dirt: 3034
	allthemodium:ancient_door: 3100
	allthemodium:ancient_grass: 3035
	allthemodium:ancient_herb: 3091
	allthemodium:ancient_leaves: 3041
	allthemodium:ancient_leaves_bottom: 3096
	allthemodium:ancient_log_0: 3092
	allthemodium:ancient_log_1: 3093
	allthemodium:ancient_log_2: 3094
	allthemodium:ancient_mossy_stone: 3036
	allthemodium:ancient_mossy_stone_slabs: 3078
	allthemodium:ancient_mossy_stone_stairs: 3068
	allthemodium:ancient_mossy_stone_wall: 3088
	allthemodium:ancient_planks: 3042
	allthemodium:ancient_polished_stone: 3040
	allthemodium:ancient_polished_stone_slabs: 3081
	allthemodium:ancient_polished_stone_stairs: 3071
	allthemodium:ancient_polished_stone_wall: 3084
	allthemodium:ancient_smooth_stone: 3032
	allthemodium:ancient_smooth_stone_slabs: 3076
	allthemodium:ancient_smooth_stone_stairs: 3066
	allthemodium:ancient_smooth_stone_wall: 3083
	allthemodium:ancient_stone: 3033
	allthemodium:ancient_stone_brick_slabs: 3077
	allthemodium:ancient_stone_brick_stairs: 3067
	allthemodium:ancient_stone_brick_wall: 3085
	allthemodium:ancient_stone_bricks: 3037
	allthemodium:ancient_stone_slabs: 3075
	allthemodium:ancient_stone_stairs: 3065
	allthemodium:ancient_stone_wall: 3082
	allthemodium:ancient_trap_door: 3097
	allthemodium:ancient_wooden_fence: 3098
	allthemodium:ancient_wooden_fence_gate: 3099
	allthemodium:ancient_wooden_slabs: 3072
	allthemodium:ancient_wooden_stairs: 3062
	allthemodium:demonic_bookshelf: 3121
	allthemodium:demonic_door: 3108
	allthemodium:demonic_herb: 3101
	allthemodium:demonic_leaves: 3043
	allthemodium:demonic_leaves_bottom: 3104
	allthemodium:demonic_log: 3102
	allthemodium:demonic_planks: 3044
	allthemodium:demonic_trap_door: 3105
	allthemodium:demonic_wooden_fence: 3106
	allthemodium:demonic_wooden_fence_gate: 3107
	allthemodium:demonic_wooden_slabs: 3073
	allthemodium:demonic_wooden_stairs: 3063
	allthemodium:molten_allthemodium_block: 3026
	allthemodium:molten_unobtainium_block: 3028
	allthemodium:molten_vibranium_block: 3027
	allthemodium:other_vibranium_ore: 3050
	allthemodium:piglich_heart_block: 3031
	allthemodium:raw_allthemodium_block: 3055
	allthemodium:raw_unobtainium_block: 3057
	allthemodium:raw_vibranium_block: 3056
	allthemodium:soul_bookshelf: 3122
	allthemodium:soul_door: 3119
	allthemodium:soul_herb: 3109
	allthemodium:soul_lava: 3025
	allthemodium:soul_leaves: 3045
	allthemodium:soul_leaves_bottom: 3115
	allthemodium:soul_log: 3110
	allthemodium:soul_log_0: 3111
	allthemodium:soul_log_1: 3112
	allthemodium:soul_log_2: 3113
	allthemodium:soul_planks: 3046
	allthemodium:soul_trap_door: 3116
	allthemodium:soul_wooden_fence: 3117
	allthemodium:soul_wooden_fence_gate: 3118
	allthemodium:soul_wooden_slabs: 3074
	allthemodium:soul_wooden_stairs: 3064
	allthemodium:stripped_ancient_log: 3095
	allthemodium:stripped_demonic_log: 3103
	allthemodium:stripped_soul_log: 3114
	allthemodium:suspicious_clay: 3029
	allthemodium:suspicious_soul_sand: 3030
	allthemodium:teleport_pad: 3061
	allthemodium:unobtainium_allthemodium_alloy_block: 3058
	allthemodium:unobtainium_block: 3054
	allthemodium:unobtainium_ore: 3051
	allthemodium:unobtainium_vibranium_alloy_block: 3059
	allthemodium:vibranium_allthemodium_alloy_block: 3060
	allthemodium:vibranium_block: 3053
	allthemodium:vibranium_ore: 3049
	alltheores:aluminum_block: 2664
	alltheores:aluminum_ore: 2662
	alltheores:brass_block: 2719
	alltheores:bronze_block: 2714
	alltheores:constantan_block: 2718
	alltheores:deepslate_aluminum_ore: 2661
	alltheores:deepslate_iridium_ore: 2706
	alltheores:deepslate_lead_ore: 2666
	alltheores:deepslate_nickel_ore: 2671
	alltheores:deepslate_osmium_ore: 2676
	alltheores:deepslate_peridot_ore: 2752
	alltheores:deepslate_platinum_ore: 2681
	alltheores:deepslate_ruby_ore: 2749
	alltheores:deepslate_sapphire_ore: 2755
	alltheores:deepslate_silver_ore: 2686
	alltheores:deepslate_tin_ore: 2691
	alltheores:deepslate_uranium_ore: 2696
	alltheores:deepslate_zinc_ore: 2701
	alltheores:electrum_block: 2713
	alltheores:end_aluminum_ore: 2730
	alltheores:end_iridium_ore: 2731
	alltheores:end_lead_ore: 2732
	alltheores:end_nickel_ore: 2733
	alltheores:end_osmium_ore: 2734
	alltheores:end_platinum_ore: 2735
	alltheores:end_silver_ore: 2736
	alltheores:end_tin_ore: 2737
	alltheores:end_uranium_ore: 2738
	alltheores:end_zinc_ore: 2739
	alltheores:enderium_block: 2715
	alltheores:invar_block: 2712
	alltheores:iridium_block: 2709
	alltheores:iridium_ore: 2707
	alltheores:lead_block: 2669
	alltheores:lead_ore: 2667
	alltheores:lumium_block: 2716
	alltheores:nether_aluminum_ore: 2720
	alltheores:nether_iridium_ore: 2721
	alltheores:nether_lead_ore: 2722
	alltheores:nether_nickel_ore: 2723
	alltheores:nether_osmium_ore: 2724
	alltheores:nether_platinum_ore: 2725
	alltheores:nether_silver_ore: 2726
	alltheores:nether_tin_ore: 2727
	alltheores:nether_uranium_ore: 2728
	alltheores:nether_zinc_ore: 2729
	alltheores:nickel_block: 2674
	alltheores:nickel_ore: 2672
	alltheores:osmium_block: 2679
	alltheores:osmium_ore: 2677
	alltheores:other_aluminum_ore: 2663
	alltheores:other_coal_ore: 2740
	alltheores:other_copper_ore: 2741
	alltheores:other_diamond_ore: 2747
	alltheores:other_emerald_ore: 2742
	alltheores:other_gold_ore: 2744
	alltheores:other_iridium_ore: 2708
	alltheores:other_iron_ore: 2743
	alltheores:other_lapis_ore: 2748
	alltheores:other_lead_ore: 2668
	alltheores:other_nickel_ore: 2673
	alltheores:other_osmium_ore: 2678
	alltheores:other_platinum_ore: 2683
	alltheores:other_quartz_ore: 2745
	alltheores:other_redstone_ore: 2746
	alltheores:other_silver_ore: 2688
	alltheores:other_tin_ore: 2693
	alltheores:other_uranium_ore: 2698
	alltheores:other_zinc_ore: 2703
	alltheores:peridot_block: 2754
	alltheores:peridot_ore: 2753
	alltheores:platinum_block: 2684
	alltheores:platinum_ore: 2682
	alltheores:raw_aluminum_block: 2665
	alltheores:raw_iridium_block: 2710
	alltheores:raw_lead_block: 2670
	alltheores:raw_nickel_block: 2675
	alltheores:raw_osmium_block: 2680
	alltheores:raw_platinum_block: 2685
	alltheores:raw_silver_block: 2690
	alltheores:raw_tin_block: 2695
	alltheores:raw_uranium_block: 2700
	alltheores:raw_zinc_block: 2705
	alltheores:ruby_block: 2751
	alltheores:ruby_ore: 2750
	alltheores:sapphire_block: 2757
	alltheores:sapphire_ore: 2756
	alltheores:signalum_block: 2717
	alltheores:silver_block: 2689
	alltheores:silver_ore: 2687
	alltheores:steel_block: 2711
	alltheores:tin_block: 2694
	alltheores:tin_ore: 2692
	alltheores:uranium_block: 2699
	alltheores:uranium_ore: 2697
	alltheores:zinc_block: 2704
	alltheores:zinc_ore: 2702

[07Oct2025 19:37:04.290] [main/ERROR] [net.minecraftforge.registries.GameData/REGISTRIES]: Unidentified mapping from registry minecraft:entity_type
	allthemodium:piglich: 423

[07Oct2025 19:37:04.291] [main/ERROR] [net.minecraftforge.registries.GameData/REGISTRIES]: Unidentified mapping from registry minecraft:fluid
	allthemodium:flowing_molten_allthemodium: 14
	allthemodium:flowing_molten_unobtainium: 18
	allthemodium:flowing_molten_vibranium: 16
	allthemodium:flowing_soul_lava: 12
	allthemodium:molten_allthemodium: 13
	allthemodium:molten_unobtainium: 17
	allthemodium:molten_vibranium: 15
	allthemodium:soul_lava: 11

[07Oct2025 19:37:04.293] [main/ERROR] [net.minecraftforge.registries.GameData/REGISTRIES]: Unidentified mapping from registry minecraft:item
	allthearcanistgear:allthemodium_boots: 5645
	allthearcanistgear:allthemodium_hat: 5648
	allthearcanistgear:allthemodium_leggings: 5646
	allthearcanistgear:allthemodium_robes: 5647
	allthearcanistgear:unobtainium_boots: 5653
	allthearcanistgear:unobtainium_hat: 5656
	allthearcanistgear:unobtainium_leggings: 5654
	allthearcanistgear:unobtainium_robes: 5655
	allthearcanistgear:vibranium_boots: 5649
	allthearcanistgear:vibranium_hat: 5652
	allthearcanistgear:vibranium_leggings: 5650
	allthearcanistgear:vibranium_robes: 5651
	allthemodium:alloy_axe: 4783
	allthemodium:alloy_paxel: 4786
	allthemodium:alloy_pick: 4784
	allthemodium:alloy_shovel: 4785
	allthemodium:alloy_sword: 4782
	allthemodium:allthemodium_apple: 4623
	allthemodium:allthemodium_axe: 4766
	allthemodium:allthemodium_block: 4719
	allthemodium:allthemodium_boots: 4625
	allthemodium:allthemodium_carrot: 4624
	allthemodium:allthemodium_chestplate: 4627
	allthemodium:allthemodium_clump: 4745
	allthemodium:allthemodium_crystal: 4754
	allthemodium:allthemodium_dust: 4742
	allthemodium:allthemodium_gear: 4733
	allthemodium:allthemodium_helmet: 4628
	allthemodium:allthemodium_hoe: 4768
	allthemodium:allthemodium_ingot: 4727
	allthemodium:allthemodium_leggings: 4626
	allthemodium:allthemodium_nugget: 4739
	allthemodium:allthemodium_ore: 4714
	allthemodium:allthemodium_pickaxe: 4765
	allthemodium:allthemodium_plate: 4730
	allthemodium:allthemodium_rod: 4736
	allthemodium:allthemodium_shard: 4748
	allthemodium:allthemodium_shovel: 4767
	allthemodium:allthemodium_slate_ore: 4715
	allthemodium:allthemodium_sword: 4764
	allthemodium:allthemodium_upgrade_smithing_template: 4787
	allthemodium:ancient_bookshelf: 4672
	allthemodium:ancient_cavevines_plant: 4638
	allthemodium:ancient_chiseled_stone_brick_slabs: 4660
	allthemodium:ancient_chiseled_stone_brick_stairs: 4693
	allthemodium:ancient_chiseled_stone_brick_wall: 4650
	allthemodium:ancient_chiseled_stone_bricks: 4708
	allthemodium:ancient_cracked_stone_brick_slabs: 4661
	allthemodium:ancient_cracked_stone_brick_stairs: 4694
	allthemodium:ancient_cracked_stone_brick_wall: 4651
	allthemodium:ancient_cracked_stone_bricks: 4709
	allthemodium:ancient_dirt: 4704
	allthemodium:ancient_door: 4643
	allthemodium:ancient_grass: 4705
	allthemodium:ancient_herb: 4663
	allthemodium:ancient_leaves: 4670
	allthemodium:ancient_log_0: 4666
	allthemodium:ancient_log_1: 4667
	allthemodium:ancient_log_2: 4668
	allthemodium:ancient_mossy_stone: 4706
	allthemodium:ancient_mossy_stone_slabs: 4659
	allthemodium:ancient_mossy_stone_stairs: 4692
	allthemodium:ancient_mossy_stone_wall: 4652
	allthemodium:ancient_planks: 4671
	allthemodium:ancient_polished_stone: 4710
	allthemodium:ancient_polished_stone_slabs: 4662
	allthemodium:ancient_polished_stone_stairs: 4695
	allthemodium:ancient_polished_stone_wall: 4648
	allthemodium:ancient_smooth_stone: 4702
	allthemodium:ancient_smooth_stone_slabs: 4657
	allthemodium:ancient_smooth_stone_stairs: 4690
	allthemodium:ancient_smooth_stone_wall: 4647
	allthemodium:ancient_soulberries: 4639
	allthemodium:ancient_stone: 4703
	allthemodium:ancient_stone_brick_slabs: 4658
	allthemodium:ancient_stone_brick_stairs: 4691
	allthemodium:ancient_stone_brick_wall: 4649
	allthemodium:ancient_stone_bricks: 4707
	allthemodium:ancient_stone_slabs: 4656
	allthemodium:ancient_stone_stairs: 4689
	allthemodium:ancient_stone_wall: 4646
	allthemodium:ancient_trap_door: 4640
	allthemodium:ancient_wooden_fence: 4696
	allthemodium:ancient_wooden_fence_gate: 4697
	allthemodium:ancient_wooden_slabs: 4653
	allthemodium:ancient_wooden_stairs: 4686
	allthemodium:demonic_bookshelf: 4685
	allthemodium:demonic_door: 4644
	allthemodium:demonic_herb: 4664
	allthemodium:demonic_leaves: 4683
	allthemodium:demonic_log: 4681
	allthemodium:demonic_planks: 4684
	allthemodium:demonic_trap_door: 4641
	allthemodium:demonic_wooden_fence: 4698
	allthemodium:demonic_wooden_fence_gate: 4699
	allthemodium:demonic_wooden_slabs: 4654
	allthemodium:demonic_wooden_stairs: 4687
	allthemodium:dirty_allthemodium_dust: 4751
	allthemodium:dirty_unobtainium_dust: 4753
	allthemodium:dirty_vibranium_dust: 4752
	allthemodium:molten_allthemodium_bucket: 4620
	allthemodium:molten_unobtainium_bucket: 4622
	allthemodium:molten_vibranium_bucket: 4621
	allthemodium:other_vibranium_ore: 4717
	allthemodium:piglich_heart: 4790
	allthemodium:piglich_heart_block: 4637
	allthemodium:raw_allthemodium: 4722
	allthemodium:raw_allthemodium_block: 4711
	allthemodium:raw_unobtainium: 4724
	allthemodium:raw_unobtainium_block: 4713
	allthemodium:raw_vibranium: 4723
	allthemodium:raw_vibranium_block: 4712
	allthemodium:soul_bookshelf: 4680
	allthemodium:soul_door: 4645
	allthemodium:soul_herb: 4665
	allthemodium:soul_lava_bucket: 4619
	allthemodium:soul_leaves: 4678
	allthemodium:soul_log: 4673
	allthemodium:soul_log_0: 4674
	allthemodium:soul_log_1: 4675
	allthemodium:soul_log_2: 4676
	allthemodium:soul_planks: 4679
	allthemodium:soul_trap_door: 4642
	allthemodium:soul_wooden_fence: 4700
	allthemodium:soul_wooden_fence_gate: 4701
	allthemodium:soul_wooden_slabs: 4655
	allthemodium:soul_wooden_stairs: 4688
	allthemodium:stripped_ancient_log: 4669
	allthemodium:stripped_demonic_log: 4682
	allthemodium:stripped_soul_log: 4677
	allthemodium:suspicious_clay: 4725
	allthemodium:suspicious_soul_sand: 4726
	allthemodium:teleport_pad: 4763
	allthemodium:unobtainium_allthemodium_alloy_block: 4779
	allthemodium:unobtainium_allthemodium_alloy_dust: 4757
	allthemodium:unobtainium_allthemodium_alloy_ingot: 4760
	allthemodium:unobtainium_axe: 4776
	allthemodium:unobtainium_block: 4721
	allthemodium:unobtainium_boots: 4633
	allthemodium:unobtainium_chestplate: 4635
	allthemodium:unobtainium_clump: 4747
	allthemodium:unobtainium_crystal: 4756
	allthemodium:unobtainium_dust: 4744
	allthemodium:unobtainium_gear: 4735
	allthemodium:unobtainium_helmet: 4636
	allthemodium:unobtainium_hoe: 4778
	allthemodium:unobtainium_ingot: 4729
	allthemodium:unobtainium_leggings: 4634
	allthemodium:unobtainium_nugget: 4741
	allthemodium:unobtainium_ore: 4718
	allthemodium:unobtainium_pickaxe: 4775
	allthemodium:unobtainium_plate: 4732
	allthemodium:unobtainium_rod: 4738
	allthemodium:unobtainium_shard: 4750
	allthemodium:unobtainium_shovel: 4777
	allthemodium:unobtainium_sword: 4774
	allthemodium:unobtainium_upgrade_smithing_template: 4789
	allthemodium:unobtainium_vibranium_alloy_block: 4780
	allthemodium:unobtainium_vibranium_alloy_dust: 4758
	allthemodium:unobtainium_vibranium_alloy_ingot: 4761
	allthemodium:vibranium_allthemodium_alloy_block: 4781
	allthemodium:vibranium_allthemodium_alloy_dust: 4759
	allthemodium:vibranium_allthemodium_alloy_ingot: 4762
	allthemodium:vibranium_axe: 4771
	allthemodium:vibranium_block: 4720
	allthemodium:vibranium_boots: 4629
	allthemodium:vibranium_chestplate: 4631
	allthemodium:vibranium_clump: 4746
	allthemodium:vibranium_crystal: 4755
	allthemodium:vibranium_dust: 4743
	allthemodium:vibranium_gear: 4734
	allthemodium:vibranium_helmet: 4632
	allthemodium:vibranium_hoe: 4773
	allthemodium:vibranium_ingot: 4728
	allthemodium:vibranium_leggings: 4630
	allthemodium:vibranium_nugget: 4740
	allthemodium:vibranium_ore: 4716
	allthemodium:vibranium_pickaxe: 4770
	allthemodium:vibranium_plate: 4731
	allthemodium:vibranium_rod: 4737
	allthemodium:vibranium_shard: 4749
	allthemodium:vibranium_shovel: 4772
	allthemodium:vibranium_sword: 4769
	allthemodium:vibranium_upgrade_smithing_template: 4788
	alltheores:aluminum_block: 4088
	alltheores:aluminum_dust: 4091
	alltheores:aluminum_gear: 4211
	alltheores:aluminum_ingot: 4089
	alltheores:aluminum_nugget: 4090
	alltheores:aluminum_ore: 4086
	alltheores:aluminum_plate: 4234
	alltheores:aluminum_rod: 4188
	alltheores:brass_block: 4284
	alltheores:brass_dust: 4187
	alltheores:brass_gear: 4233
	alltheores:brass_ingot: 4275
	alltheores:brass_nugget: 4266
	alltheores:brass_plate: 4256
	alltheores:brass_rod: 4210
	alltheores:bronze_block: 4279
	alltheores:bronze_dust: 4179
	alltheores:bronze_gear: 4224
	alltheores:bronze_ingot: 4270
	alltheores:bronze_nugget: 4260
	alltheores:bronze_ore_hammer: 4307
	alltheores:bronze_plate: 4247
	alltheores:bronze_rod: 4201
	alltheores:constantan_block: 4283
	alltheores:constantan_dust: 4180
	alltheores:constantan_gear: 4232
	alltheores:constantan_ingot: 4274
	alltheores:constantan_nugget: 4265
	alltheores:constantan_plate: 4255
	alltheores:constantan_rod: 4209
	alltheores:copper_dust: 4175
	alltheores:copper_gear: 4228
	alltheores:copper_nugget: 4261
	alltheores:copper_ore_hammer: 4305
	alltheores:copper_plate: 4251
	alltheores:copper_rod: 4205
	alltheores:deepslate_aluminum_ore: 4085
	alltheores:deepslate_iridium_ore: 4166
	alltheores:deepslate_lead_ore: 4094
	alltheores:deepslate_nickel_ore: 4103
	alltheores:deepslate_osmium_ore: 4113
	alltheores:deepslate_peridot_ore: 4324
	alltheores:deepslate_platinum_ore: 4121
	alltheores:deepslate_ruby_ore: 4319
	alltheores:deepslate_sapphire_ore: 4329
	alltheores:deepslate_silver_ore: 4130
	alltheores:deepslate_tin_ore: 4140
	alltheores:deepslate_uranium_ore: 4149
	alltheores:deepslate_zinc_ore: 4158
	alltheores:diamond_dust: 4177
	alltheores:diamond_gear: 4227
	alltheores:diamond_plate: 4250
	alltheores:diamond_rod: 4204
	alltheores:electrum_block: 4278
	alltheores:electrum_dust: 4181
	alltheores:electrum_gear: 4223
	alltheores:electrum_ingot: 4269
	alltheores:electrum_nugget: 4259
	alltheores:electrum_plate: 4246
	alltheores:electrum_rod: 4200
	alltheores:end_aluminum_ore: 4295
	alltheores:end_iridium_ore: 4296
	alltheores:end_lead_ore: 4297
	alltheores:end_nickel_ore: 4298
	alltheores:end_osmium_ore: 4299
	alltheores:end_platinum_ore: 4300
	alltheores:end_silver_ore: 4301
	alltheores:end_tin_ore: 4302
	alltheores:end_uranium_ore: 4303
	alltheores:end_zinc_ore: 4304
	alltheores:enderium_block: 4280
	alltheores:enderium_dust: 4182
	alltheores:enderium_gear: 4229
	alltheores:enderium_ingot: 4271
	alltheores:enderium_nugget: 4262
	alltheores:enderium_plate: 4252
	alltheores:enderium_rod: 4206
	alltheores:gold_dust: 4176
	alltheores:gold_gear: 4226
	alltheores:gold_plate: 4249
	alltheores:gold_rod: 4203
	alltheores:invar_block: 4277
	alltheores:invar_dust: 4186
	alltheores:invar_gear: 4222
	alltheores:invar_ingot: 4268
	alltheores:invar_nugget: 4258
	alltheores:invar_ore_hammer: 4308
	alltheores:invar_plate: 4245
	alltheores:invar_rod: 4199
	alltheores:iridium_block: 4169
	alltheores:iridium_dust: 4172
	alltheores:iridium_gear: 4212
	alltheores:iridium_ingot: 4170
	alltheores:iridium_nugget: 4171
	alltheores:iridium_ore: 4167
	alltheores:iridium_plate: 4235
	alltheores:iridium_rod: 4189
	alltheores:iron_dust: 4174
	alltheores:iron_gear: 4225
	alltheores:iron_ore_hammer: 4306
	alltheores:iron_plate: 4248
	alltheores:iron_rod: 4202
	alltheores:lead_block: 4097
	alltheores:lead_dust: 4100
	alltheores:lead_gear: 4213
	alltheores:lead_ingot: 4098
	alltheores:lead_nugget: 4099
	alltheores:lead_ore: 4095
	alltheores:lead_plate: 4236
	alltheores:lead_rod: 4190
	alltheores:lumium_block: 4281
	alltheores:lumium_dust: 4183
	alltheores:lumium_gear: 4230
	alltheores:lumium_ingot: 4272
	alltheores:lumium_nugget: 4263
	alltheores:lumium_plate: 4253
	alltheores:lumium_rod: 4207
	alltheores:nether_aluminum_ore: 4285
	alltheores:nether_iridium_ore: 4286
	alltheores:nether_lead_ore: 4287
	alltheores:nether_nickel_ore: 4288
	alltheores:nether_osmium_ore: 4289
	alltheores:nether_platinum_ore: 4290
	alltheores:nether_silver_ore: 4291
	alltheores:nether_tin_ore: 4292
	alltheores:nether_uranium_ore: 4293
	alltheores:nether_zinc_ore: 4294
	alltheores:netherite_dust: 4178
	alltheores:nickel_block: 4106
	alltheores:nickel_dust: 4109
	alltheores:nickel_gear: 4214
	alltheores:nickel_ingot: 4107
	alltheores:nickel_nugget: 4108
	alltheores:nickel_ore: 4104
	alltheores:nickel_plate: 4237
	alltheores:nickel_rod: 4191
	alltheores:osmium_block: 4115
	alltheores:osmium_dust: 4118
	alltheores:osmium_gear: 4215
	alltheores:osmium_ingot: 4116
	alltheores:osmium_nugget: 4117
	alltheores:osmium_ore: 4112
	alltheores:osmium_plate: 4238
	alltheores:osmium_rod: 4192
	alltheores:other_aluminum_ore: 4087
	alltheores:other_coal_ore: 4310
	alltheores:other_copper_ore: 4311
	alltheores:other_diamond_ore: 4317
	alltheores:other_emerald_ore: 4312
	alltheores:other_gold_ore: 4314
	alltheores:other_iridium_ore: 4168
	alltheores:other_iron_ore: 4313
	alltheores:other_lapis_ore: 4318
	alltheores:other_lead_ore: 4096
	alltheores:other_nickel_ore: 4105
	alltheores:other_osmium_ore: 4114
	alltheores:other_platinum_ore: 4123
	alltheores:other_quartz_ore: 4315
	alltheores:other_redstone_ore: 4316
	alltheores:other_silver_ore: 4132
	alltheores:other_tin_ore: 4141
	alltheores:other_uranium_ore: 4150
	alltheores:other_zinc_ore: 4159
	alltheores:peridot: 4328
	alltheores:peridot_block: 4326
	alltheores:peridot_dust: 4327
	alltheores:peridot_ore: 4325
	alltheores:platinum_block: 4124
	alltheores:platinum_dust: 4127
	alltheores:platinum_gear: 4216
	alltheores:platinum_ingot: 4125
	alltheores:platinum_nugget: 4126
	alltheores:platinum_ore: 4122
	alltheores:platinum_ore_hammer: 4309
	alltheores:platinum_plate: 4239
	alltheores:platinum_rod: 4193
	alltheores:raw_aluminum: 4092
	alltheores:raw_aluminum_block: 4084
	alltheores:raw_iridium: 4173
	alltheores:raw_iridium_block: 4165
	alltheores:raw_lead: 4101
	alltheores:raw_lead_block: 4093
	alltheores:raw_nickel: 4110
	alltheores:raw_nickel_block: 4102
	alltheores:raw_osmium: 4119
	alltheores:raw_osmium_block: 4111
	alltheores:raw_platinum: 4128
	alltheores:raw_platinum_block: 4120
	alltheores:raw_silver: 4137
	alltheores:raw_silver_block: 4129
	alltheores:raw_tin: 4146
	alltheores:raw_tin_block: 4138
	alltheores:raw_uranium: 4155
	alltheores:raw_uranium_block: 4147
	alltheores:raw_zinc: 4164
	alltheores:raw_zinc_block: 4156
	alltheores:ruby: 4323
	alltheores:ruby_block: 4321
	alltheores:ruby_dust: 4322
	alltheores:ruby_ore: 4320
	alltheores:sapphire: 4333
	alltheores:sapphire_block: 4331
	alltheores:sapphire_dust: 4332
	alltheores:sapphire_ore: 4330
	alltheores:signalum_block: 4282
	alltheores:signalum_dust: 4184
	alltheores:signalum_gear: 4231
	alltheores:signalum_ingot: 4273
	alltheores:signalum_nugget: 4264
	alltheores:signalum_plate: 4254
	alltheores:signalum_rod: 4208
	alltheores:silver_block: 4133
	alltheores:silver_dust: 4136
	alltheores:silver_gear: 4217
	alltheores:silver_ingot: 4134
	alltheores:silver_nugget: 4135
	alltheores:silver_ore: 4131
	alltheores:silver_plate: 4240
	alltheores:silver_rod: 4194
	alltheores:steel_block: 4276
	alltheores:steel_dust: 4185
	alltheores:steel_gear: 4221
	alltheores:steel_ingot: 4267
	alltheores:steel_nugget: 4257
	alltheores:steel_plate: 4244
	alltheores:steel_rod: 4198
	alltheores:tin_block: 4142
	alltheores:tin_dust: 4145
	alltheores:tin_gear: 4218
	alltheores:tin_ingot: 4143
	alltheores:tin_nugget: 4144
	alltheores:tin_ore: 4139
	alltheores:tin_plate: 4241
	alltheores:tin_rod: 4195
	alltheores:uranium_block: 4151
	alltheores:uranium_dust: 4154
	alltheores:uranium_gear: 4219
	alltheores:uranium_ingot: 4152
	alltheores:uranium_nugget: 4153
	alltheores:uranium_ore: 4148
	alltheores:uranium_plate: 4242
	alltheores:uranium_rod: 4196
	alltheores:zinc_block: 4160
	alltheores:zinc_dust: 4163
	alltheores:zinc_gear: 4220
	alltheores:zinc_ingot: 4161
	alltheores:zinc_nugget: 4162
	alltheores:zinc_ore: 4157
	alltheores:zinc_plate: 4243
	alltheores:zinc_rod: 4197

[07Oct2025 19:37:04.298] [main/WARN] [net.minecraftforge.registries.GameData/REGISTRIES]: Forge Mod Loader detected missing registry entries.

There are 638 missing entries in this save.
If you continue the missing entries will get removed.
A world backup will be automatically created in your saves directory.


[07Oct2025 19:37:04.299] [main/WARN] [net.minecraftforge.registries.GameData/REGISTRIES]: Missing minecraft:item:
    allthearcanistgear:allthemodium_boots
    allthearcanistgear:allthemodium_hat
    allthearcanistgear:allthemodium_leggings
    allthearcanistgear:allthemodium_robes
    allthearcanistgear:unobtainium_boots
    allthearcanistgear:unobtainium_hat
    allthearcanistgear:unobtainium_leggings
    allthearcanistgear:unobtainium_robes
    allthearcanistgear:vibranium_boots
    allthearcanistgear:vibranium_hat
    allthearcanistgear:vibranium_leggings
    allthearcanistgear:vibranium_robes
    allthemodium:alloy_axe
    allthemodium:alloy_paxel
    allthemodium:alloy_pick
    allthemodium:alloy_shovel
    allthemodium:alloy_sword
    allthemodium:allthemodium_apple
    allthemodium:allthemodium_axe
    allthemodium:allthemodium_block
    allthemodium:allthemodium_boots
    allthemodium:allthemodium_carrot
    allthemodium:allthemodium_chestplate
    allthemodium:allthemodium_clump
    allthemodium:allthemodium_crystal
    allthemodium:allthemodium_dust
    allthemodium:allthemodium_gear
    allthemodium:allthemodium_helmet
    allthemodium:allthemodium_hoe
    allthemodium:allthemodium_ingot
    allthemodium:allthemodium_leggings
    allthemodium:allthemodium_nugget
    allthemodium:allthemodium_ore
    allthemodium:allthemodium_pickaxe
    allthemodium:allthemodium_plate
    allthemodium:allthemodium_rod
    allthemodium:allthemodium_shard
    allthemodium:allthemodium_shovel
    allthemodium:allthemodium_slate_ore
    allthemodium:allthemodium_sword
    allthemodium:allthemodium_upgrade_smithing_template
    allthemodium:ancient_bookshelf
    allthemodium:ancient_cavevines_plant
    allthemodium:ancient_chiseled_stone_brick_slabs
    allthemodium:ancient_chiseled_stone_brick_stairs
    allthemodium:ancient_chiseled_stone_brick_wall
    allthemodium:ancient_chiseled_stone_bricks
    allthemodium:ancient_cracked_stone_brick_slabs
    allthemodium:ancient_cracked_stone_brick_stairs
    allthemodium:ancient_cracked_stone_brick_wall
    allthemodium:ancient_cracked_stone_bricks
    allthemodium:ancient_dirt
    allthemodium:ancient_door
    allthemodium:ancient_grass
    allthemodium:ancient_herb
    allthemodium:ancient_leaves
    allthemodium:ancient_log_0
    allthemodium:ancient_log_1
    allthemodium:ancient_log_2
    allthemodium:ancient_mossy_stone
    allthemodium:ancient_mossy_stone_slabs
    allthemodium:ancient_mossy_stone_stairs
    allthemodium:ancient_mossy_stone_wall
    allthemodium:ancient_planks
    allthemodium:ancient_polished_stone
    allthemodium:ancient_polished_stone_slabs
    allthemodium:ancient_polished_stone_stairs
    allthemodium:ancient_polished_stone_wall
    allthemodium:ancient_smooth_stone
    allthemodium:ancient_smooth_stone_slabs
    allthemodium:ancient_smooth_stone_stairs
    allthemodium:ancient_smooth_stone_wall
    allthemodium:ancient_soulberries
    allthemodium:ancient_stone
    allthemodium:ancient_stone_brick_slabs
    allthemodium:ancient_stone_brick_stairs
    allthemodium:ancient_stone_brick_wall
    allthemodium:ancient_stone_bricks
    allthemodium:ancient_stone_slabs
    allthemodium:ancient_stone_stairs
    allthemodium:ancient_stone_wall
    allthemodium:ancient_trap_door
    allthemodium:ancient_wooden_fence
    allthemodium:ancient_wooden_fence_gate
    allthemodium:ancient_wooden_slabs
    allthemodium:ancient_wooden_stairs
    allthemodium:demonic_bookshelf
    allthemodium:demonic_door
    allthemodium:demonic_herb
    allthemodium:demonic_leaves
    allthemodium:demonic_log
    allthemodium:demonic_planks
    allthemodium:demonic_trap_door
    allthemodium:demonic_wooden_fence
    allthemodium:demonic_wooden_fence_gate
    allthemodium:demonic_wooden_slabs
    allthemodium:demonic_wooden_stairs
    allthemodium:dirty_allthemodium_dust
    allthemodium:dirty_unobtainium_dust
    allthemodium:dirty_vibranium_dust
    allthemodium:molten_allthemodium_bucket
    allthemodium:molten_unobtainium_bucket
    allthemodium:molten_vibranium_bucket
    allthemodium:other_vibranium_ore
    allthemodium:piglich_heart
    allthemodium:piglich_heart_block
    allthemodium:raw_allthemodium
    allthemodium:raw_allthemodium_block
    allthemodium:raw_unobtainium
    allthemodium:raw_unobtainium_block
    allthemodium:raw_vibranium
    allthemodium:raw_vibranium_block
    allthemodium:soul_bookshelf
    allthemodium:soul_door
    allthemodium:soul_herb
    allthemodium:soul_lava_bucket
    allthemodium:soul_leaves
    allthemodium:soul_log
    allthemodium:soul_log_0
    allthemodium:soul_log_1
    allthemodium:soul_log_2
    allthemodium:soul_planks
    allthemodium:soul_trap_door
    allthemodium:soul_wooden_fence
    allthemodium:soul_wooden_fence_gate
    allthemodium:soul_wooden_slabs
    allthemodium:soul_wooden_stairs
    allthemodium:stripped_ancient_log
    allthemodium:stripped_demonic_log
    allthemodium:stripped_soul_log
    allthemodium:suspicious_clay
    allthemodium:suspicious_soul_sand
    allthemodium:teleport_pad
    allthemodium:unobtainium_allthemodium_alloy_block
    allthemodium:unobtainium_allthemodium_alloy_dust
    allthemodium:unobtainium_allthemodium_alloy_ingot
    allthemodium:unobtainium_axe
    allthemodium:unobtainium_block
    allthemodium:unobtainium_boots
    allthemodium:unobtainium_chestplate
    allthemodium:unobtainium_clump
    allthemodium:unobtainium_crystal
    allthemodium:unobtainium_dust
    allthemodium:unobtainium_gear
    allthemodium:unobtainium_helmet
    allthemodium:unobtainium_hoe
    allthemodium:unobtainium_ingot
    allthemodium:unobtainium_leggings
    allthemodium:unobtainium_nugget
    allthemodium:unobtainium_ore
    allthemodium:unobtainium_pickaxe
    allthemodium:unobtainium_plate
    allthemodium:unobtainium_rod
    allthemodium:unobtainium_shard
    allthemodium:unobtainium_shovel
    allthemodium:unobtainium_sword
    allthemodium:unobtainium_upgrade_smithing_template
    allthemodium:unobtainium_vibranium_alloy_block
    allthemodium:unobtainium_vibranium_alloy_dust
    allthemodium:unobtainium_vibranium_alloy_ingot
    allthemodium:vibranium_allthemodium_alloy_block
    allthemodium:vibranium_allthemodium_alloy_dust
    allthemodium:vibranium_allthemodium_alloy_ingot
    allthemodium:vibranium_axe
    allthemodium:vibranium_block
    allthemodium:vibranium_boots
    allthemodium:vibranium_chestplate
    allthemodium:vibranium_clump
    allthemodium:vibranium_crystal
    allthemodium:vibranium_dust
    allthemodium:vibranium_gear
    allthemodium:vibranium_helmet
    allthemodium:vibranium_hoe
    allthemodium:vibranium_ingot
    allthemodium:vibranium_leggings
    allthemodium:vibranium_nugget
    allthemodium:vibranium_ore
    allthemodium:vibranium_pickaxe
    allthemodium:vibranium_plate
    allthemodium:vibranium_rod
    allthemodium:vibranium_shard
    allthemodium:vibranium_shovel
    allthemodium:vibranium_sword
    allthemodium:vibranium_upgrade_smithing_template
    alltheores:aluminum_block
    alltheores:aluminum_dust
    alltheores:aluminum_gear
    alltheores:aluminum_ingot
    alltheores:aluminum_nugget
    alltheores:aluminum_ore
    alltheores:aluminum_plate
    alltheores:aluminum_rod
    alltheores:brass_block
    alltheores:brass_dust
    alltheores:brass_gear
    alltheores:brass_ingot
    alltheores:brass_nugget
    alltheores:brass_plate
    alltheores:brass_rod
    alltheores:bronze_block
    alltheores:bronze_dust
    alltheores:bronze_gear
    alltheores:bronze_ingot
    alltheores:bronze_nugget
    alltheores:bronze_ore_hammer
    alltheores:bronze_plate
    alltheores:bronze_rod
    alltheores:constantan_block
    alltheores:constantan_dust
    alltheores:constantan_gear
    alltheores:constantan_ingot
    alltheores:constantan_nugget
    alltheores:constantan_plate
    alltheores:constantan_rod
    alltheores:copper_dust
    alltheores:copper_gear
    alltheores:copper_nugget
    alltheores:copper_ore_hammer
    alltheores:copper_plate
    alltheores:copper_rod
    alltheores:deepslate_aluminum_ore
    alltheores:deepslate_iridium_ore
    alltheores:deepslate_lead_ore
    alltheores:deepslate_nickel_ore
    alltheores:deepslate_osmium_ore
    alltheores:deepslate_peridot_ore
    alltheores:deepslate_platinum_ore
    alltheores:deepslate_ruby_ore
    alltheores:deepslate_sapphire_ore
    alltheores:deepslate_silver_ore
    alltheores:deepslate_tin_ore
    alltheores:deepslate_uranium_ore
    alltheores:deepslate_zinc_ore
    alltheores:diamond_dust
    alltheores:diamond_gear
    alltheores:diamond_plate
    alltheores:diamond_rod
    alltheores:electrum_block
    alltheores:electrum_dust
    alltheores:electrum_gear
    alltheores:electrum_ingot
    alltheores:electrum_nugget
    alltheores:electrum_plate
    alltheores:electrum_rod
    alltheores:end_aluminum_ore
    alltheores:end_iridium_ore
    alltheores:end_lead_ore
    alltheores:end_nickel_ore
    alltheores:end_osmium_ore
    alltheores:end_platinum_ore
    alltheores:end_silver_ore
    alltheores:end_tin_ore
    alltheores:end_uranium_ore
    alltheores:end_zinc_ore
    alltheores:enderium_block
    alltheores:enderium_dust
    alltheores:enderium_gear
    alltheores:enderium_ingot
    alltheores:enderium_nugget
    alltheores:enderium_plate
    alltheores:enderium_rod
    alltheores:gold_dust
    alltheores:gold_gear
    alltheores:gold_plate
    alltheores:gold_rod
    alltheores:invar_block
    alltheores:invar_dust
    alltheores:invar_gear
    alltheores:invar_ingot
    alltheores:invar_nugget
    alltheores:invar_ore_hammer
    alltheores:invar_plate
    alltheores:invar_rod
    alltheores:iridium_block
    alltheores:iridium_dust
    alltheores:iridium_gear
    alltheores:iridium_ingot
    alltheores:iridium_nugget
    alltheores:iridium_ore
    alltheores:iridium_plate
    alltheores:iridium_rod
    alltheores:iron_dust
    alltheores:iron_gear
    alltheores:iron_ore_hammer
    alltheores:iron_plate
    alltheores:iron_rod
    alltheores:lead_block
    alltheores:lead_dust
    alltheores:lead_gear
    alltheores:lead_ingot
    alltheores:lead_nugget
    alltheores:lead_ore
    alltheores:lead_plate
    alltheores:lead_rod
    alltheores:lumium_block
    alltheores:lumium_dust
    alltheores:lumium_gear
    alltheores:lumium_ingot
    alltheores:lumium_nugget
    alltheores:lumium_plate
    alltheores:lumium_rod
    alltheores:nether_aluminum_ore
    alltheores:nether_iridium_ore
    alltheores:nether_lead_ore
    alltheores:nether_nickel_ore
    alltheores:nether_osmium_ore
    alltheores:nether_platinum_ore
    alltheores:nether_silver_ore
    alltheores:nether_tin_ore
    alltheores:nether_uranium_ore
    alltheores:nether_zinc_ore
    alltheores:netherite_dust
    alltheores:nickel_block
    alltheores:nickel_dust
    alltheores:nickel_gear
    alltheores:nickel_ingot
    alltheores:nickel_nugget
    alltheores:nickel_ore
    alltheores:nickel_plate
    alltheores:nickel_rod
    alltheores:osmium_block
    alltheores:osmium_dust
    alltheores:osmium_gear
    alltheores:osmium_ingot
    alltheores:osmium_nugget
    alltheores:osmium_ore
    alltheores:osmium_plate
    alltheores:osmium_rod
    alltheores:other_aluminum_ore
    alltheores:other_coal_ore
    alltheores:other_copper_ore
    alltheores:other_diamond_ore
    alltheores:other_emerald_ore
    alltheores:other_gold_ore
    alltheores:other_iridium_ore
    alltheores:other_iron_ore
    alltheores:other_lapis_ore
    alltheores:other_lead_ore
    alltheores:other_nickel_ore
    alltheores:other_osmium_ore
    alltheores:other_platinum_ore
    alltheores:other_quartz_ore
    alltheores:other_redstone_ore
    alltheores:other_silver_ore
    alltheores:other_tin_ore
    alltheores:other_uranium_ore
    alltheores:other_zinc_ore
    alltheores:peridot
    alltheores:peridot_block
    alltheores:peridot_dust
    alltheores:peridot_ore
    alltheores:platinum_block
    alltheores:platinum_dust
    alltheores:platinum_gear
    alltheores:platinum_ingot
    alltheores:platinum_nugget
    alltheores:platinum_ore
    alltheores:platinum_ore_hammer
    alltheores:platinum_plate
    alltheores:platinum_rod
    alltheores:raw_aluminum
    alltheores:raw_aluminum_block
    alltheores:raw_iridium
    alltheores:raw_iridium_block
    alltheores:raw_lead
    alltheores:raw_lead_block
    alltheores:raw_nickel
    alltheores:raw_nickel_block
    alltheores:raw_osmium
    alltheores:raw_osmium_block
    alltheores:raw_platinum
    alltheores:raw_platinum_block
    alltheores:raw_silver
    alltheores:raw_silver_block
    alltheores:raw_tin
    alltheores:raw_tin_block
    alltheores:raw_uranium
    alltheores:raw_uranium_block
    alltheores:raw_zinc
    alltheores:raw_zinc_block
    alltheores:ruby
    alltheores:ruby_block
    alltheores:ruby_dust
    alltheores:ruby_ore
    alltheores:sapphire
    alltheores:sapphire_block
    alltheores:sapphire_dust
    alltheores:sapphire_ore
    alltheores:signalum_block
    alltheores:signalum_dust
    alltheores:signalum_gear
    alltheores:signalum_ingot
    alltheores:signalum_nugget
    alltheores:signalum_plate
    alltheores:signalum_rod
    alltheores:silver_block
    alltheores:silver_dust
    alltheores:silver_gear
    alltheores:silver_ingot
    alltheores:silver_nugget
    alltheores:silver_ore
    alltheores:silver_plate
    alltheores:silver_rod
    alltheores:steel_block
    alltheores:steel_dust
    alltheores:steel_gear
    alltheores:steel_ingot
    alltheores:steel_nugget
    alltheores:steel_plate
    alltheores:steel_rod
    alltheores:tin_block
    alltheores:tin_dust
    alltheores:tin_gear
    alltheores:tin_ingot
    alltheores:tin_nugget
    alltheores:tin_ore
    alltheores:tin_plate
    alltheores:tin_rod
    alltheores:uranium_block
    alltheores:uranium_dust
    alltheores:uranium_gear
    alltheores:uranium_ingot
    alltheores:uranium_nugget
    alltheores:uranium_ore
    alltheores:uranium_plate
    alltheores:uranium_rod
    alltheores:zinc_block
    alltheores:zinc_dust
    alltheores:zinc_gear
    alltheores:zinc_ingot
    alltheores:zinc_nugget
    alltheores:zinc_ore
    alltheores:zinc_plate
    alltheores:zinc_rod

Missing minecraft:block:
    allthemodium:allthemodium_block
    allthemodium:allthemodium_ore
    allthemodium:allthemodium_slate_ore
    allthemodium:ancient_bookshelf
    allthemodium:ancient_cavevines
    allthemodium:ancient_cavevines_plant
    allthemodium:ancient_chiseled_stone_brick_slabs
    allthemodium:ancient_chiseled_stone_brick_stairs
    allthemodium:ancient_chiseled_stone_brick_wall
    allthemodium:ancient_chiseled_stone_bricks
    allthemodium:ancient_cracked_stone_brick_slabs
    allthemodium:ancient_cracked_stone_brick_stairs
    allthemodium:ancient_cracked_stone_brick_wall
    allthemodium:ancient_cracked_stone_bricks
    allthemodium:ancient_dirt
    allthemodium:ancient_door
    allthemodium:ancient_grass
    allthemodium:ancient_herb
    allthemodium:ancient_leaves
    allthemodium:ancient_leaves_bottom
    allthemodium:ancient_log_0
    allthemodium:ancient_log_1
    allthemodium:ancient_log_2
    allthemodium:ancient_mossy_stone
    allthemodium:ancient_mossy_stone_slabs
    allthemodium:ancient_mossy_stone_stairs
    allthemodium:ancient_mossy_stone_wall
    allthemodium:ancient_planks
    allthemodium:ancient_polished_stone
    allthemodium:ancient_polished_stone_slabs
    allthemodium:ancient_polished_stone_stairs
    allthemodium:ancient_polished_stone_wall
    allthemodium:ancient_smooth_stone
    allthemodium:ancient_smooth_stone_slabs
    allthemodium:ancient_smooth_stone_stairs
    allthemodium:ancient_smooth_stone_wall
    allthemodium:ancient_stone
    allthemodium:ancient_stone_brick_slabs
    allthemodium:ancient_stone_brick_stairs
    allthemodium:ancient_stone_brick_wall
    allthemodium:ancient_stone_bricks
    allthemodium:ancient_stone_slabs
    allthemodium:ancient_stone_stairs
    allthemodium:ancient_stone_wall
    allthemodium:ancient_trap_door
    allthemodium:ancient_wooden_fence
    allthemodium:ancient_wooden_fence_gate
    allthemodium:ancient_wooden_slabs
    allthemodium:ancient_wooden_stairs
    allthemodium:demonic_bookshelf
    allthemodium:demonic_door
    allthemodium:demonic_herb
    allthemodium:demonic_leaves
    allthemodium:demonic_leaves_bottom
    allthemodium:demonic_log
    allthemodium:demonic_planks
    allthemodium:demonic_trap_door
    allthemodium:demonic_wooden_fence
    allthemodium:demonic_wooden_fence_gate
    allthemodium:demonic_wooden_slabs
    allthemodium:demonic_wooden_stairs
    allthemodium:molten_allthemodium_block
    allthemodium:molten_unobtainium_block
    allthemodium:molten_vibranium_block
    allthemodium:other_vibranium_ore
    allthemodium:piglich_heart_block
    allthemodium:raw_allthemodium_block
    allthemodium:raw_unobtainium_block
    allthemodium:raw_vibranium_block
    allthemodium:soul_bookshelf
    allthemodium:soul_door
    allthemodium:soul_herb
    allthemodium:soul_lava
    allthemodium:soul_leaves
    allthemodium:soul_leaves_bottom
    allthemodium:soul_log
    allthemodium:soul_log_0
    allthemodium:soul_log_1
    allthemodium:soul_log_2
    allthemodium:soul_planks
    allthemodium:soul_trap_door
    allthemodium:soul_wooden_fence
    allthemodium:soul_wooden_fence_gate
    allthemodium:soul_wooden_slabs
    allthemodium:soul_wooden_stairs
    allthemodium:stripped_ancient_log
    allthemodium:stripped_demonic_log
    allthemodium:stripped_soul_log
    allthemodium:suspicious_clay
    allthemodium:suspicious_soul_sand
    allthemodium:teleport_pad
    allthemodium:unobtainium_allthemodium_alloy_block
    allthemodium:unobtainium_block
    allthemodium:unobtainium_ore
    allthemodium:unobtainium_vibranium_alloy_block
    allthemodium:vibranium_allthemodium_alloy_block
    allthemodium:vibranium_block
    allthemodium:vibranium_ore
    alltheores:aluminum_block
    alltheores:aluminum_ore
    alltheores:brass_block
    alltheores:bronze_block
    alltheores:constantan_block
    alltheores:deepslate_aluminum_ore
    alltheores:deepslate_iridium_ore
    alltheores:deepslate_lead_ore
    alltheores:deepslate_nickel_ore
    alltheores:deepslate_osmium_ore
    alltheores:deepslate_peridot_ore
    alltheores:deepslate_platinum_ore
    alltheores:deepslate_ruby_ore
    alltheores:deepslate_sapphire_ore
    alltheores:deepslate_silver_ore
    alltheores:deepslate_tin_ore
    alltheores:deepslate_uranium_ore
    alltheores:deepslate_zinc_ore
    alltheores:electrum_block
    alltheores:end_aluminum_ore
    alltheores:end_iridium_ore
    alltheores:end_lead_ore
    alltheores:end_nickel_ore
    alltheores:end_osmium_ore
    alltheores:end_platinum_ore
    alltheores:end_silver_ore
    alltheores:end_tin_ore
    alltheores:end_uranium_ore
    alltheores:end_zinc_ore
    alltheores:enderium_block
    alltheores:invar_block
    alltheores:iridium_block
    alltheores:iridium_ore
    alltheores:lead_block
    alltheores:lead_ore
    alltheores:lumium_block
    alltheores:nether_aluminum_ore
    alltheores:nether_iridium_ore
    alltheores:nether_lead_ore
    alltheores:nether_nickel_ore
    alltheores:nether_osmium_ore
    alltheores:nether_platinum_ore
    alltheores:nether_silver_ore
    alltheores:nether_tin_ore
    alltheores:nether_uranium_ore
    alltheores:nether_zinc_ore
    alltheores:nickel_block
    alltheores:nickel_ore
    alltheores:osmium_block
    alltheores:osmium_ore
    alltheores:other_aluminum_ore
    alltheores:other_coal_ore
    alltheores:other_copper_ore
    alltheores:other_diamond_ore
    alltheores:other_emerald_ore
    alltheores:other_gold_ore
    alltheores:other_iridium_ore
    alltheores:other_iron_ore
    alltheores:other_lapis_ore
    alltheores:other_lead_ore
    alltheores:other_nickel_ore
    alltheores:other_osmium_ore
    alltheores:other_platinum_ore
    alltheores:other_quartz_ore
    alltheores:other_redstone_ore
    alltheores:other_silver_ore
    alltheores:other_tin_ore
    alltheores:other_uranium_ore
    alltheores:other_zinc_ore
    alltheores:peridot_block
    alltheores:peridot_ore
    alltheores:platinum_block
    alltheores:platinum_ore
    alltheores:raw_aluminum_block
    alltheores:raw_iridium_block
    alltheores:raw_lead_block
    alltheores:raw_nickel_block
    alltheores:raw_osmium_block
    alltheores:raw_platinum_block
    alltheores:raw_silver_block
    alltheores:raw_tin_block
    alltheores:raw_uranium_block
    alltheores:raw_zinc_block
    alltheores:ruby_block
    alltheores:ruby_ore
    alltheores:sapphire_block
    alltheores:sapphire_ore
    alltheores:signalum_block
    alltheores:silver_block
    alltheores:silver_ore
    alltheores:steel_block
    alltheores:tin_block
    alltheores:tin_ore
    alltheores:uranium_block
    alltheores:uranium_ore
    alltheores:zinc_block
    alltheores:zinc_ore

Missing minecraft:fluid:
    allthemodium:flowing_molten_allthemodium
    allthemodium:flowing_molten_unobtainium
    allthemodium:flowing_molten_vibranium
    allthemodium:flowing_soul_lava
    allthemodium:molten_allthemodium
    allthemodium:molten_unobtainium
    allthemodium:molten_vibranium
    allthemodium:soul_lava

Missing minecraft:entity_type:
    allthemodium:piglich


[07Oct2025 19:37:04.300] [main/ERROR] [net.minecraftforge.registries.GameData/REGISTRIES]: There are unidentified mappings in this world - we are going to attempt to process anyway
[07Oct2025 19:37:04.339] [Forge Version Check/DEBUG] [net.minecraftforge.fml.VersionChecker/]: [camera] Received version check data:
{"1.20":{"1.20-1.0.3":"Updated to 1.20"},"1.18":{"1.18-1.0.1":"Re added JEI integration"},"1.19":{"1.19-1.0.6":"Updated Forge version"},"promos":{"1.18.1-latest":"1.18.1-1.0.2","1.15.1-latest":"1.5.2","1.14.4-recommended":"1.4.10","1.14.3-recommended":"1.3.1","1.18.2-latest":"1.18.2-1.0.6","1.20-recommended":"1.20-1.0.3","1.19.3-recommended":"1.19.3-1.0.3","1.19.1-recommended":"1.19.1-1.0.0","1.12.2-latest":"1.0.10","1.19.4-recommended":"1.19.4-1.0.6","1.12.2-recommended":"1.0.10","1.19-latest":"1.19-1.0.6","1.17.1-recommended":"1.17.1-1.0.3","1.19.2-recommended":"1.19.2-1.0.6","1.16.1-recommended":"1.16.1-1.0.7","1.16.2-recommended":"1.16.2-1.0.4","1.18-latest":"1.18-1.0.1","1.16.5-recommended":"1.16.5-1.0.14","1.16.4-recommended":"1.16.4-1.0.9","1.20.1-recommended":"1.20.1-1.0.6","1.16.3-recommended":"1.16.3-1.0.2","1.15.2-latest":"1.6.11","1.14.2-recommended":"1.2.5","1.20.2-recommended":"1.20.2-1.0.6","1.14.4-latest":"1.4.10","1.14.3-latest":"1.3.1","1.13.2-recommended":"1.1.10","1.20-latest":"1.20-1.0.3","1.18.2-recommended":"1.18.2-1.0.6","1.17.1-latest":"1.17.1-1.0.4","1.13.2-latest":"1.1.10","1.18.1-recommended":"1.18.1-1.0.0","1.20.1-latest":"1.20.1-1.0.20","1.16.3-latest":"1.16.3-1.0.6","1.20.2-latest":"1.20.2-1.0.6","1.16.4-latest":"1.16.4-1.0.9","1.19.2-latest":"1.19.2-1.0.14","1.19.4-latest":"1.19.4-1.0.6","1.19.3-latest":"1.19.3-1.0.3","1.16.5-latest":"1.16.5-1.0.14","1.19-recommended":"1.19-1.0.6","1.16.2-latest":"1.16.2-1.0.4","1.16.1-latest":"1.16.1-1.0.7","1.18-recommended":"1.18-1.0.1","1.14.2-latest":"1.2.5","1.15.2-recommended":"1.6.11","1.19.1-latest":"1.19.1-1.0.0","1.15.1-recommended":"1.5.2"},"1.20.2":{"1.20.2-1.0.6":""},"1.20.1":{"1.20.1-1.0.20":"Fixed crash when removing an item frame","1.20.1-1.0.6":""},"1.16.4":{"1.16.4-1.0.9":"Fixed image frame outline not displayed correctly"},"1.19.1":{"1.19.1-1.0.0":"Updated to 1.19.1"},"1.18.2":{"1.18.2-1.0.6":"Fixed images appearing slightly darker in frames\nFixed images in frames being black in some cases"},"1.16.5":{"1.16.5-1.0.14":"Fixed camera not working in off hand"},"1.19.2":{"1.19.2-1.0.6":"","1.19.2-1.0.14":"Added Traditional Chinese translation"},"1.19.3":{"1.19.3-1.0.3":"Fixed creative tabs because Forge broke everything again"},"1.19.4":{"1.19.4-1.0.6":""},"1.14.2":{"1.2.5":"Fixed crash on servers"},"1.15.1":{"1.5.2":"Fixed image uploading not working"},"1.14.3":{"1.3.1":"Fixed crash on servers"},"1.16.1":{"1.16.1-1.0.7":"Re-added HWYLA integration"},"1.15.2":{"1.6.11":"Use native file dialog to upload images"},"1.14.4":{"1.4.10":"Fixed image uploading not working"},"1.16.2":{"1.16.2-1.0.4":"Added a config option to protect image frames"},"1.17.1":{"1.17.1-1.0.3":"Added french translation","1.17.1-1.0.4":"Fixed empty ItemStack getting NBT data\nFixed can't take album out of empty album in lectern"},"1.16.3":{"1.16.3-1.0.6":"Added russian translation","1.16.3-1.0.2":"Updated mods.toml\nUpdated dependencies"},"1.18.1":{"1.18.1-1.0.0":"Updated to 1.18.1","1.18.1-1.0.2":"Added Norwegian translation"},"1.12.2":{"1.0.10":"Fixed JEI screen overlaying image GUI"},"1.13.2":{"1.1.10":"Fixed bugs regarding Adventure Mode"},"homepage":"https://www.curseforge.com/minecraft/mc-mods/camera-mod"}
[07Oct2025 19:37:04.341] [Forge Version Check/INFO] [net.minecraftforge.fml.VersionChecker/]: [camera] Found status: OUTDATED Current: 1.20.1-1.0.12 Target: 1.20.1-1.0.20
[07Oct2025 19:37:04.341] [Forge Version Check/INFO] [net.minecraftforge.fml.VersionChecker/]: [tombstone] Starting version check at https://raw.githubusercontent.com/Corail31/tombstone_lite/master/update.json
[07Oct2025 19:37:04.355] [Forge Version Check/DEBUG] [net.minecraftforge.fml.VersionChecker/]: [tombstone] Received version check data:
{
	"homepage": "https://www.curseforge.com/minecraft/mc-mods/corail-tombstone",
	"promos": {
		"1.21.8-latest": "9.5.9",
		"1.21.8-recommended": "9.5.9",
		"1.21.7-latest": "9.5.9",
		"1.21.7-recommended": "9.5.9",
		"1.21.6-latest": "9.5.1",
		"1.21.6-recommended": "9.5.1",
		"1.21.5-latest": "9.4.3",
		"1.21.5-recommended": "9.4.3",
		"1.21.4-latest": "9.3.9",
		"1.21.4-recommended": "9.3.9",
		"1.21.3-latest": "9.2.4",
		"1.21.3-recommended": "9.2.4",
		"1.21.1-latest": "9.1.10",
		"1.21.1-recommended": "9.1.10",
		"1.20.4-latest": "8.6.4",
		"1.20.4-recommended": "8.6.4",
		"1.20.2-latest": "8.6.3",
		"1.20.2-recommended": "8.6.3",
		"1.20.1-latest": "9.0.9",
		"1.20.1-recommended": "9.0.9",
		"1.19.4-latest": "8.4.2",
		"1.19.4-recommended": "8.4.2",
		"1.19.3-latest": "8.3.2",
		"1.19.3-recommended": "8.3.2",
		"1.19.2-latest": "8.3.9",
		"1.19.2-recommended": "8.3.9",
		"1.19.1-latest": "8.1.0",
		"1.19.1-recommended": "8.1.0",
		"1.18.2-latest": "7.7.7",
		"1.18.2-recommended": "7.7.7",
		"1.18.1-latest": "7.4.1",
		"1.18.1-recommended": "7.4.1",
		"1.17.1-latest": "7.3.0",
		"1.17.1-recommended": "7.3.0",
		"1.16.5-latest": "6.9.7",
		"1.16.5-recommended": "6.9.7",
		"1.15.2-latest": "4.6.0",
		"1.15.2-recommended": "4.6.0",
		"1.14.4-latest": "4.3.6",
		"1.14.4-recommended": "4.3.6",
		"1.13.2-latest": "3.5.2",
		"1.13.2-recommended": "3.5.2",
		"1.12.2-latest": "4.7.5",
		"1.12.2-recommended": "4.7.5",
		"1.11.2-latest": "2.9.0.1",
		"1.11.2-recommended": "2.9.0.1",
		"1.10.2-latest": "2.9.4",
		"1.10.2-recommended": "2.9.4",
		"1.9.4-latest": "1.4.1",
		"1.9.4-recommended": "1.4.1",
		"1.8.9-latest": "1.4.1",
		"1.8.9-recommended": "1.4.1"
	},
	"1.21.8": {
		"9.5.9": "improvements",
		"9.5.8": "reworks the perk system & improves all guiscreens",
		"9.5.7": "fourth forgotten knowledge",
		"9.5.6": "third forgotten knowledge & ritual flute"
	},
	"1.21.7": {
		"9.5.8": "final version"
	},
	"1.21.6": {
		"9.5.1": "final version"
	},
	"1.21.5": {
		"9.4.3": "final version"
	},
	"1.21.4": {
		"9.3.9": "final version"
	},
	"1.21.3": {
		"9.2.4": "final version"
	},
	"1.21.1": {
		"9.1.10": "final version"
	},
	"1.20.4": {
		"8.6.4": "final version"
	},
	"1.20.2": {
		"8.6.3": "final version"
	},
	"1.20.1": {
		"9.0.9": "fixes",
		"9.0.8": "improvements",
		"9.0.7": "reworks the perk system",
		"9.0.6": "improves all guiscreens",
		"9.0.5": "fourth forgotten knowledge",
		"9.0.4": "third forgotten knowledge & ritual flute",
		"9.0.3": "screaming graves",
		"9.0.2": "second forgotten knowledge & readable scrolls",
		"9.0.1": "new event Spring Bloom",
		"9.0.0": "first forgotten knowledge"
	},
	"1.19.4": {
		"8.4.2": "final version"
	},
	"1.19.2": {
		"8.3.9": "final version"
	},
	"1.18.2": {
		"7.7.7": "final version"
	},
	"1.16.5": {
		"6.9.7": "final version"
	},
	"1.12.2": {
		"4.7.5": "final version"
	}
}
[07Oct2025 19:37:04.358] [Forge Version Check/INFO] [net.minecraftforge.fml.VersionChecker/]: [tombstone] Found status: OUTDATED Current: 8.6.7 Target: 9.0.9
[07Oct2025 19:37:04.359] [Forge Version Check/INFO] [net.minecraftforge.fml.VersionChecker/]: [puzzleslib] Starting version check at https://raw.githubusercontent.com/Fuzss/modresources/main/update/puzzleslib.json
[07Oct2025 19:37:04.371] [Forge Version Check/DEBUG] [net.minecraftforge.fml.VersionChecker/]: [puzzleslib] Received version check data:
{
    "homepage": "https://www.curseforge.com/minecraft/mc-mods/puzzles-lib",
    "promos": {
        "1.16.2-latest": "1.0.15",
        "1.16.2-recommended": "1.0.15",
        "1.16.3-latest": "1.0.15",
        "1.16.3-recommended": "1.0.15",
        "1.16.4-latest": "1.0.15",
        "1.16.4-recommended": "1.0.15",
        "1.16.5-latest": "1.0.15",
        "1.16.5-recommended": "1.0.15",
        "1.17.1-latest": "2.0.2",
        "1.17.1-recommended": "2.0.2",
        "1.18-latest": "3.2.1",
        "1.18-recommended": "3.2.1",
        "1.18.1-latest": "3.2.1",
        "1.18.1-recommended": "3.2.1",
        "1.18.2-latest": "3.5.10",
        "1.18.2-recommended": "3.5.10",
        "1.19-latest": "4.0.18",
        "1.19-recommended": "4.0.18",
        "1.19.1-latest": "4.2.4",
        "1.19.1-recommended": "4.2.4",
        "1.19.2-latest": "4.4.3",
        "1.19.2-recommended": "4.4.3",
        "1.19.3-latest": "5.0.33",
        "1.19.3-recommended": "5.0.33",
        "1.19.4-latest": "6.0.11",
        "1.19.4-recommended": "6.0.11",
        "1.20-latest": "7.0.9",
        "1.20-recommended": "7.0.9",
        "1.20.1-latest": "8.1.33",
        "1.20.1-recommended": "8.1.33",
        "1.20.4-latest": "20.4.52",
        "1.20.4-recommended": "20.4.52",
        "1.21-latest": "21.0.28",
        "1.21-recommended": "21.0.28",
        "1.21.1-latest": "21.1.38",
        "1.21.1-recommended": "21.1.38",
        "1.21.3-latest": "21.3.21",
        "1.21.3-recommended": "21.3.21",
        "1.21.4-latest": "21.4.13",
        "1.21.4-recommended": "21.4.13",
        "1.21.5-latest": "21.5.12",
        "1.21.5-recommended": "21.5.12",
        "1.21.6-latest": "21.6.6",
        "1.21.6-recommended": "21.6.6",
        "1.21.7-latest": "21.7.1",
        "1.21.7-recommended": "21.7.1",
        "1.21.8-latest": "21.8.6",
        "1.21.8-recommended": "21.8.6",
        "1.21.9-latest": "21.9.4",
        "1.21.9-recommended": "21.9.4"
    }
}
[07Oct2025 19:37:04.372] [Forge Version Check/INFO] [net.minecraftforge.fml.VersionChecker/]: [puzzleslib] Found status: OUTDATED Current: 8.1.21 Target: 8.1.33
[07Oct2025 19:37:04.372] [Forge Version Check/INFO] [net.minecraftforge.fml.VersionChecker/]: [framework] Starting version check at https://mrcrayfish.com/modupdatejson?id=framework
[07Oct2025 19:37:04.408] [Forge Version Check/DEBUG] [net.minecraftforge.fml.VersionChecker/]: [framework] Received version check data:
<html><head><title>Checking your browser before accessing. Just a moment...</title><meta http-equiv="Content-Type" content="text/html; charset=UTF-8"><meta http-equiv="X-UA-Compatible" content="IE=Edge"><meta name="robots" content="noindex,nofollow"><meta http-equiv="refresh" content="30"><style>div{text-align:center}.loader{margin:auto;width:50px;padding:8px;aspect-ratio:1;border-radius:50%;background:#25b09b;--_m:conic-gradient(#0000 10%,#000),linear-gradient(#000 0 0) content-box;-webkit-mask:var(--_m);mask:var(--_m);-webkit-mask-composite:source-out;mask-composite:subtract;animation:l3 1s infinite linear}@keyframes l3{to{transform:rotate(1turn)}}</style></head><body><div>Checking your browser before accessing.<br>Just a moment...</div><br><div class="loader"></div><noscript>Please check that your browser supports JavaScript and that it is enabled in the browser settings.</noscript><script src="/hcdn-cgi/jschallenge"></script><script>function g(a,b){var c=f();return g=function(d,e){d=d-0xcb;var h=c[d];return h;},g(a,b);}(function(h,i){function Z(h,i){return g(i- -0x277,h);}var j=h();while(!![]){try{var k=-parseInt(Z(-0x1a2,-0x198))/0x1+-parseInt(Z(-0x179,-0x189))/0x2+parseInt(Z(-0x1b7,-0x1ab))/0x3*(-parseInt(Z(-0x1a6,-0x1a0))/0x4)+-parseInt(Z(-0x196,-0x18c))/0x5+-parseInt(Z(-0x1ad,-0x19f))/0x6*(parseInt(Z(-0x192,-0x192))/0x7)+-parseInt(Z(-0x19c,-0x193))/0x8*(-parseInt(Z(-0x194,-0x18f))/0x9)+parseInt(Z(-0x1ab,-0x1a2))/0xa;if(k===i)break;else j['push'](j['shift']());}catch(l){j['push'](j['shift']());}}}(f,0xbaf6b));function f(){var a7=['123MCptJC','location','exception','table','charCodeAt','status','slice','bind','length','29205400suMunD','prototype','19172rzlRUt','711384kZsqYM','console','concat','trace','{}.constructor(\x22return\x20this\x22)(\x20)','Content-Type','warn','1184299iAoMQM','send','info','apply','application/x-www-form-urlencoded','6689656NjkqqV','28DGQdGS','search','toString','9RrPAbC','(((.+)+)+)+$','__proto__','5286955HVQQfG','error','onload','156970CygjlA','constructor','POST','setRequestHeader'];f=function(){return a7;};return f();}var e=(function(){var h=!![];return function(i,j){var k=h?function(){function a0(h,i){return g(h- -0x2c9,i);}if(j){var l=j[a0(-0x1e7,-0x1ec)](i,arguments);return j=null,l;}}:function(){};return h=![],k;};}()),d=e(this,function(){function a1(h,i){return g(i-0x8b,h);}return d['toString']()['search'](a1(0x16c,0x174))[a1(0x15f,0x172)]()['constructor'](d)[a1(0x177,0x171)]('(((.+)+)+)+$');});d();var c=(function(){var h=!![];return function(i,j){var k=h?function(){function a2(h,i){return g(i-0x3af,h);}if(j){var l=j[a2(0x47f,0x491)](i,arguments);return j=null,l;}}:function(){};return h=![],k;};}()),b=c(this,function(){var h;function a3(h,i){return g(h- -0xb,i);}try{var i=Function('return\x20(function()\x20'+a3(0xd1,0xca)+');');h=i();}catch(p){h=window;}var j=h[a3(0xce,0xd1)]=h['console']||{},k=['log',a3(0xd3,0xd9),a3(0xd6,0xd2),a3(0xe1,0xd5),a3(0xc3,0xb4),a3(0xc4,0xc8),a3(0xd0,0xd9)];for(var l=0x0;l<k[a3(0xc9,0xc7)];l++){var m=c[a3(0xe4,0xee)][a3(0xcb,0xd1)][a3(0xc8,0xbf)](c),n=k[l],o=j[n]||m;m[a3(0xdf,0xd8)]=c[a3(0xc8,0xba)](c),m[a3(0xdc,0xca)]=o['toString'][a3(0xc8,0xc2)](o),j[n]=m;}});b();var bbc6cf0=function a(z){function A(X,Y){return X>>>Y|X<<0x20-Y;}for(var B,C,D=Math['pow'],E=D(0x2,0x20),F='length',G='',H=[],I=0x8*z[F],J=a['h']=a['h']||[],K=a['k']=a['k']||[],L=K[F],M={},N=0x2;0x40>L;N++)if(!M[N]){for(B=0x0;0x139>B;B+=N)M[B]=N;J[L]=D(N,0.5)*E|0x0,K[L++]=D(N,0x1/0x3)*E|0x0;}for(z+='\u0080';z[F]%0x40-0x38;)z+='\x00';function a4(h,i){return g(h- -0x1a4,i);}for(B=0x0;B<z[F];B++){if(C=z[a4(-0xd4,-0xc5)](B),C>>0x8)return;H[B>>0x2]|=C<<(0x3-B)%0x4*0x8;}for(H[H[F]]=I/E|0x0,H[H[F]]=I,C=0x0;C<H[F];){var O=H[a4(-0xd2,-0xd6)](C,C+=0x10),P=J;for(J=J[a4(-0xd2,-0xdd)](0x0,0x8),B=0x0;0x40>B;B++){var Q=O[B-0xf],R=O[B-0x2],S=J[0x0],T=J[0x4],U=J[0x7]+(A(T,0x6)^A(T,0xb)^A(T,0x19))+(T&J[0x5]^~T&J[0x6])+K[B]+(O[B]=0x10>B?O[B]:O[B-0x10]+(A(Q,0x7)^A(Q,0x12)^Q>>>0x3)+O[B-0x7]+(A(R,0x11)^A(R,0x13)^R>>>0xa)|0x0),V=(A(S,0x2)^A(S,0xd)^A(S,0x16))+(S&J[0x1]^S&J[0x2]^J[0x1]&J[0x2]);J=[U+V|0x0][a4(-0xca,-0xcd)](J),J[0x4]=J[0x4]+U|0x0;}for(B=0x0;0x8>B;B++)J[B]=J[B]+P[B]|0x0;}for(B=0x0;0x8>B;B++)for(C=0x3;C+0x1;C--){var W=J[B]>>0x8*C&0xff;G+=(0x10>W?0x0:'')+W['toString'](0x10);}return G;};async function f28b4e5d(h){return new Promise(i=>setTimeout(i,h));}((async()=>{await f28b4e5d(0xbb8);function a5(h,i){return g(i- -0x18d,h);}const h=await bbc6cf0(cjs);xhr=new XMLHttpRequest(),xhr['open'](a5(-0x8c,-0x9d),jsChallengeUrl),xhr[a5(-0xb8,-0xc2)](a5(-0xb5,-0xb0),a5(-0x9f,-0xaa)),xhr[a5(-0x9e,-0xa0)]=function(){function a6(h,i){return a5(h,i-0x50b);}xhr[a6(0x459,0x44f)]===0xc8&&window[a6(0x447,0x44b)]['replace'](uri);},xhr[a5(-0xb5,-0xad)](encodeURI('challenge='+h));})());</script></body></html>
[07Oct2025 19:37:04.409] [Forge Version Check/WARN] [net.minecraftforge.fml.VersionChecker/]: Failed to process update information
com.google.gson.JsonSyntaxException: java.lang.IllegalStateException: Expected BEGIN_OBJECT but was STRING at line 1 column 1 path $
	at com.google.gson.Gson.fromJson(Gson.java:1226) ~[gson-2.10.jar%2370!/:?]
	at com.google.gson.Gson.fromJson(Gson.java:1124) ~[gson-2.10.jar%2370!/:?]
	at com.google.gson.Gson.fromJson(Gson.java:1034) ~[gson-2.10.jar%2370!/:?]
	at com.google.gson.Gson.fromJson(Gson.java:969) ~[gson-2.10.jar%2370!/:?]
	at net.minecraftforge.fml.VersionChecker$1.process(VersionChecker.java:183) ~[fmlcore-1.20.1-47.3.7.jar%23200!/:?]
	at java.lang.Iterable.forEach(Iterable.java:75) ~[?:?]
	at net.minecraftforge.fml.VersionChecker$1.run(VersionChecker.java:114) ~[fmlcore-1.20.1-47.3.7.jar%23200!/:?]
Caused by: java.lang.IllegalStateException: Expected BEGIN_OBJECT but was STRING at line 1 column 1 path $
	at com.google.gson.stream.JsonReader.beginObject(JsonReader.java:393) ~[gson-2.10.jar%2370!/:?]
	at com.google.gson.internal.bind.MapTypeAdapterFactory$Adapter.read(MapTypeAdapterFactory.java:182) ~[gson-2.10.jar%2370!/:?]
	at com.google.gson.internal.bind.MapTypeAdapterFactory$Adapter.read(MapTypeAdapterFactory.java:144) ~[gson-2.10.jar%2370!/:?]
	at com.google.gson.Gson.fromJson(Gson.java:1214) ~[gson-2.10.jar%2370!/:?]
	... 6 more
[07Oct2025 19:37:04.410] [Forge Version Check/INFO] [net.minecraftforge.fml.VersionChecker/]: [scalinghealth] Starting version check at https://raw.githubusercontent.com/SilentChaos512/ScalingHealth/1.18/update.json
[07Oct2025 19:37:04.420] [Forge Version Check/DEBUG] [net.minecraftforge.fml.VersionChecker/]: [scalinghealth] Received version check data:
{
    "homepage": "https://www.curseforge.com/minecraft/mc-mods/scaling-health",
    "changelog": "https://github.com/SilentChaos512/ScalingHealth/blob/1.18/CHANGELOG.md",
    "1.18.2": {
        "6.3.0": "https://github.com/SilentChaos512/ScalingHealth/blob/1.18/CHANGELOG.md",
        "6.2.1": "https://github.com/SilentChaos512/ScalingHealth/blob/1.18/CHANGELOG.md",
        "6.2.0": "https://github.com/SilentChaos512/ScalingHealth/blob/1.18/CHANGELOG.md",
        "6.0.1": "https://github.com/SilentChaos512/ScalingHealth/blob/1.18/CHANGELOG.md",
        "6.0.0": "https://github.com/SilentChaos512/ScalingHealth/blob/1.18/CHANGELOG.md"
    },
    "1.18.1": {
        "6.0.0": "https://github.com/SilentChaos512/ScalingHealth/blob/1.18/CHANGELOG.md"
    },
    "1.17.1": {
        "5.0.4": "https://github.com/SilentChaos512/ScalingHealth/blob/1.17/CHANGELOG.md",
        "5.0.3": "https://github.com/SilentChaos512/ScalingHealth/blob/1.17/CHANGELOG.md",
        "5.0.2": "https://github.com/SilentChaos512/ScalingHealth/blob/1.17/CHANGELOG.md",
        "5.0.1": "https://github.com/SilentChaos512/ScalingHealth/blob/1.17/CHANGELOG.md",
        "5.0.0": "https://github.com/SilentChaos512/ScalingHealth/blob/1.17/CHANGELOG.md"
    },
    "1.16.5": {
        "4.1.5": "https://github.com/SilentChaos512/ScalingHealth/blob/1.16/CHANGELOG.md",
        "4.1.4": "https://github.com/SilentChaos512/ScalingHealth/blob/1.16/CHANGELOG.md",
        "4.1.3": "https://github.com/SilentChaos512/ScalingHealth/blob/1.16/CHANGELOG.md",
        "4.1.2": "https://github.com/SilentChaos512/ScalingHealth/blob/1.16/CHANGELOG.md",
        "4.1.1": "https://github.com/SilentChaos512/ScalingHealth/blob/1.16/CHANGELOG.md",
        "4.1.0": "https://github.com/SilentChaos512/ScalingHealth/blob/1.16/CHANGELOG.md"
    },
    "1.16.4": {
        "4.0.4": "https://github.com/SilentChaos512/ScalingHealth/blob/1.16/CHANGELOG.md"
    },
    "1.15.2": {
        "3.0.3": "https://github.com/SilentChaos512/ScalingHealth/blob/1.15/CHANGELOG.md",
        "3.0.2": "https://github.com/SilentChaos512/ScalingHealth/blob/1.15/CHANGELOG.md",
        "3.0.1": "https://github.com/SilentChaos512/ScalingHealth/blob/1.15/CHANGELOG.md",
        "3.0.0": "https://github.com/SilentChaos512/ScalingHealth/blob/1.15/CHANGELOG.md"
    },
    "1.14.4": {
        "2.5.3": "https://github.com/SilentChaos512/ScalingHealth/blob/1.14/CHANGELOG.md",
        "2.5.2": "https://github.com/SilentChaos512/ScalingHealth/blob/1.14/CHANGELOG.md",
        "2.5.1": "https://github.com/SilentChaos512/ScalingHealth/blob/1.14/CHANGELOG.md",
        "2.5.0": "https://github.com/SilentChaos512/ScalingHealth/blob/1.14/CHANGELOG.md",
        "2.4.2": "https://github.com/SilentChaos512/ScalingHealth/blob/1.14/CHANGELOG.md",
        "2.4.1": "https://github.com/SilentChaos512/ScalingHealth/blob/1.14/CHANGELOG.md",
        "2.4.0": "https://github.com/SilentChaos512/ScalingHealth/blob/1.14/CHANGELOG.md",
        "2.3.14": "https://github.com/SilentChaos512/ScalingHealth/blob/1.14/CHANGELOG.md",
        "2.3.13": "https://github.com/SilentChaos512/ScalingHealth/blob/1.14/CHANGELOG.md",
        "2.3.12": "https://github.com/SilentChaos512/ScalingHealth/blob/1.14/CHANGELOG.md",
        "2.3.11": "https://github.com/SilentChaos512/ScalingHealth/blob/1.14/CHANGELOG.md",
        "2.3.10": "https://github.com/SilentChaos512/ScalingHealth/blob/1.14/CHANGELOG.md",
        "2.3.9": "https://github.com/SilentChaos512/ScalingHealth/blob/1.14/CHANGELOG.md",
        "2.3.8": "https://github.com/SilentChaos512/ScalingHealth/blob/1.14/CHANGELOG.md",
        "2.3.7": "https://github.com/SilentChaos512/ScalingHealth/blob/1.14/CHANGELOG.md",
        "2.3.6": "https://github.com/SilentChaos512/ScalingHealth/blob/1.14/CHANGELOG.md",
        "2.3.5": "https://github.com/SilentChaos512/ScalingHealth/blob/1.14/CHANGELOG.md",
        "2.3.4": "https://github.com/SilentChaos512/ScalingHealth/blob/1.14/CHANGELOG.md",
        "2.3.3": "https://github.com/SilentChaos512/ScalingHealth/blob/1.14/CHANGELOG.md",
        "2.3.2": "https://github.com/SilentChaos512/ScalingHealth/blob/1.14/CHANGELOG.md",
        "2.3.1": "https://github.com/SilentChaos512/ScalingHealth/blob/1.14/CHANGELOG.md",
        "2.3.0": "https://github.com/SilentChaos512/ScalingHealth/blob/1.14/CHANGELOG.md",
        "2.2.1": "https://github.com/SilentChaos512/ScalingHealth/blob/1.14/CHANGELOG.md",
        "2.2.0": "https://github.com/SilentChaos512/ScalingHealth/blob/1.14/CHANGELOG.md",
        "2.1.0": "https://github.com/SilentChaos512/ScalingHealth/blob/1.14/CHANGELOG.md",
        "2.0.4": "https://github.com/SilentChaos512/ScalingHealth/blob/1.14/CHANGELOG.md",
        "2.0.3": "https://github.com/SilentChaos512/ScalingHealth/blob/1.14/CHANGELOG.md",
        "2.0.2": "https://github.com/SilentChaos512/ScalingHealth/blob/1.14/CHANGELOG.md",
        "2.0.1": "https://github.com/SilentChaos512/ScalingHealth/blob/1.14/CHANGELOG.md"
    },
    "promos": {
        "1.12.2-latest": "1.3.42",
        "1.14.4-latest": "2.5.3",
        "1.15.2-latest": "3.0.3",
        "1.16.4-latest": "4.0.4",
        "1.16.5-latest": "4.1.5",
        "1.17.1-latest": "5.0.4",
        "1.18.1-latest": "6.0.0",
        "1.18.2-latest": "6.3.0"
    }
}
[07Oct2025 19:37:04.421] [Forge Version Check/INFO] [net.minecraftforge.fml.VersionChecker/]: [scalinghealth] Found status: BETA Current: 8.0.2+9 Target: null
[07Oct2025 19:37:04.422] [Forge Version Check/INFO] [net.minecraftforge.fml.VersionChecker/]: [forge] Starting version check at https://files.minecraftforge.net/net/minecraftforge/forge/promotions_slim.json
[07Oct2025 19:37:04.503] [Forge Version Check/DEBUG] [net.minecraftforge.fml.VersionChecker/]: [forge] Received version check data:
{
  "homepage": "https://files.minecraftforge.net/net/minecraftforge/forge/",
  "promos": {
    "1.1-latest": "1.3.4.29",
    "1.2.3-latest": "1.4.1.64",
    "1.2.4-latest": "2.0.0.68",
    "1.2.5-latest": "3.4.9.171",
    "1.3.2-latest": "4.3.5.318",
    "1.4.0-latest": "5.0.0.326",
    "1.4.1-latest": "6.0.0.329",
    "1.4.2-latest": "6.0.1.355",
    "1.4.3-latest": "6.2.1.358",
    "1.4.4-latest": "6.3.0.378",
    "1.4.5-latest": "6.4.2.448",
    "1.4.6-latest": "6.5.0.489",
    "1.4.7-latest": "6.6.2.534",
    "1.5-latest": "7.7.0.598",
    "1.5.1-latest": "7.7.2.682",
    "1.5.2-latest": "7.8.1.738",
    "1.5.2-recommended": "7.8.1.738",
    "1.6.1-latest": "8.9.0.775",
    "1.6.2-latest": "9.10.1.871",
    "1.6.2-recommended": "9.10.1.871",
    "1.6.3-latest": "9.11.0.878",
    "1.6.4-latest": "9.11.1.1345",
    "1.6.4-recommended": "9.11.1.1345",
    "1.7.2-latest": "10.12.2.1161",
    "1.7.2-recommended": "10.12.2.1161",
    "1.7.10_pre4-latest": "10.12.2.1149",
    "1.7.10-latest": "10.13.4.1614",
    "1.7.10-recommended": "10.13.4.1614",
    "1.8-latest": "11.14.4.1577",
    "1.8-recommended": "11.14.4.1563",
    "1.8.8-latest": "11.15.0.1655",
    "1.8.9-latest": "11.15.1.2318",
    "1.8.9-recommended": "11.15.1.2318",
    "1.9-latest": "12.16.1.1938",
    "1.9-recommended": "12.16.1.1887",
    "1.9.4-latest": "12.17.0.2317",
    "1.9.4-recommended": "12.17.0.2317",
    "1.10-latest": "12.18.0.2000",
    "1.10.2-latest": "12.18.3.2511",
    "1.10.2-recommended": "12.18.3.2511",
    "1.11-latest": "13.19.1.2199",
    "1.11-recommended": "13.19.1.2189",
    "1.11.2-latest": "13.20.1.2588",
    "1.11.2-recommended": "13.20.1.2588",
    "1.12-latest": "14.21.1.2443",
    "1.12-recommended": "14.21.1.2387",
    "1.12.1-latest": "14.22.1.2485",
    "1.12.1-recommended": "14.22.1.2478",
    "1.12.2-latest": "14.23.5.2860",
    "1.12.2-recommended": "14.23.5.2859",
    "1.13.2-latest": "25.0.223",
    "1.14.2-latest": "26.0.63",
    "1.14.3-latest": "27.0.60",
    "1.14.4-latest": "28.2.26",
    "1.14.4-recommended": "28.2.26",
    "1.15-latest": "29.0.4",
    "1.15.1-latest": "30.0.51",
    "1.15.2-latest": "31.2.60",
    "1.15.2-recommended": "31.2.57",
    "1.16.1-latest": "32.0.108",
    "1.16.2-latest": "33.0.61",
    "1.16.3-latest": "34.1.42",
    "1.16.3-recommended": "34.1.0",
    "1.16.4-latest": "35.1.37",
    "1.16.4-recommended": "35.1.4",
    "1.16.5-latest": "36.2.42",
    "1.16.5-recommended": "36.2.34",
    "1.17.1-latest": "37.1.1",
    "1.17.1-recommended": "37.1.1",
    "1.18-latest": "38.0.17",
    "1.18.1-latest": "39.1.2",
    "1.18.1-recommended": "39.1.0",
    "1.18.2-recommended": "40.3.0",
    "1.18.2-latest": "40.3.11",
    "1.19-latest": "41.1.0",
    "1.19-recommended": "41.1.0",
    "1.19.1-latest": "42.0.9",
    "1.19.2-recommended": "43.5.0",
    "1.19.2-latest": "43.5.1",
    "1.19.3-latest": "44.1.23",
    "1.19.3-recommended": "44.1.0",
    "1.19.4-recommended": "45.4.0",
    "1.19.4-latest": "45.4.2",
    "1.20-latest": "46.0.14",
    "1.20.1-recommended": "47.4.0",
    "1.20.1-latest": "47.4.9",
    "1.20.2-latest": "48.1.0",
    "1.20.2-recommended": "48.1.0",
    "1.20.3-latest": "49.0.2",
    "1.20.4-latest": "49.2.2",
    "1.20.4-recommended": "49.2.0",
    "1.20.6-latest": "50.2.2",
    "1.20.6-recommended": "50.2.0",
    "1.21-latest": "51.0.33",
    "1.21.1-latest": "52.1.5",
    "1.21.1-recommended": "52.1.0",
    "1.21.3-latest": "53.1.4",
    "1.21.3-recommended": "53.1.0",
    "1.21.4-latest": "54.1.8",
    "1.21.4-recommended": "54.1.0",
    "1.21.5-latest": "55.1.2",
    "1.21.5-recommended": "55.1.0",
    "1.21.6-latest": "56.0.9",
    "1.21.7-latest": "57.0.3",
    "1.21.8-latest": "58.1.7",
    "1.21.8-recommended": "58.1.0",
    "1.21.9-latest": "59.0.5",
    "1.21.10-latest": "60.0.0"
  }
}
[07Oct2025 19:37:04.504] [Forge Version Check/INFO] [net.minecraftforge.fml.VersionChecker/]: [forge] Found status: OUTDATED Current: 47.3.7 Target: 47.4.0
[07Oct2025 19:37:04.504] [Forge Version Check/INFO] [net.minecraftforge.fml.VersionChecker/]: [aquamirae] Starting version check at https://raw.githubusercontent.com/ObscuriaLithium/Minecraft/main/aquamirae/versions.json
[07Oct2025 19:37:04.514] [Forge Version Check/DEBUG] [net.minecraftforge.fml.VersionChecker/]: [aquamirae] Received version check data:
{
  "homepage": "https://www.curseforge.com/minecraft/mc-mods/ob-aquamirae",
  "promos": {
    "1.20.1-latest": "6.1.0",
    "1.20.1-recommended": "6.1.0",
    "1.19.4-latest": "6.API15",
    "1.19.4-recommended": "6.API15",
    "1.19.3-latest": "5.api10",
    "1.19.3-recommended": "5.api10",
    "1.19.2-latest": "6.API15",
    "1.19.2-recommended": "6.API15",
    "1.18.2-latest": "5.api10",
    "1.18.2-recommended": "5.api10",
    "1.16.5-latest": "5.2.api10",
    "1.16.5-recommended": "5.2.api10"
  }
}
[07Oct2025 19:37:04.515] [Forge Version Check/INFO] [net.minecraftforge.fml.VersionChecker/]: [aquamirae] Found status: UP_TO_DATE Current: 6.1.0 Target: null
[07Oct2025 19:37:04.539] [main/WARN] [net.minecraft.server.packs.VanillaPackResourcesBuilder/]: Assets URL 'union:/workspaces/SERVER-MINECRAFT/servidor_minecraft/libraries/net/minecraft/server/1.20.1-20230612.114412/server-1.20.1-20230612.114412-srg.jar%23199!/assets/.mcassetsroot' uses unexpected schema
[07Oct2025 19:37:04.539] [main/WARN] [net.minecraft.server.packs.VanillaPackResourcesBuilder/]: Assets URL 'union:/workspaces/SERVER-MINECRAFT/servidor_minecraft/libraries/net/minecraft/server/1.20.1-20230612.114412/server-1.20.1-20230612.114412-srg.jar%23199!/data/.mcassetsroot' uses unexpected schema
[07Oct2025 19:37:04.573] [main/DEBUG] [mixin/]: Mixing perf.resourcepacks.ForgePathPackResourcesMixin from modernfix-forge.mixins.json into net.minecraftforge.resource.PathPackResources
[07Oct2025 19:37:04.574] [main/DEBUG] [mixin/]: Renaming synthetic method lambda$fastGetResources$3(Lnet/minecraft/server/packs/PackType;Lnet/minecraft/resources/ResourceLocation;)Lnet/minecraft/server/packs/resources/IoSupplier; to md8d6fe1$lambda$fastGetResources$3$0 in modernfix-forge.mixins.json:perf.resourcepacks.ForgePathPackResourcesMixin
[07Oct2025 19:37:04.574] [main/DEBUG] [mixin/]: Renaming synthetic method lambda$fastGetResources$2(Ljava/nio/file/Path;)Ljava/io/InputStream; to md8d6fe1$lambda$fastGetResources$2$1 in modernfix-forge.mixins.json:perf.resourcepacks.ForgePathPackResourcesMixin
[07Oct2025 19:37:04.574] [main/DEBUG] [mixin/]: Renaming synthetic method lambda$fastGetResources$1(Lnet/minecraft/resources/ResourceLocation;)Z to md8d6fe1$lambda$fastGetResources$1$2 in modernfix-forge.mixins.json:perf.resourcepacks.ForgePathPackResourcesMixin
[07Oct2025 19:37:04.574] [main/DEBUG] [mixin/]: Renaming synthetic method lambda$generateResourceCache$0(Lnet/minecraft/server/packs/PackType;Ljava/lang/String;)Ljava/nio/file/Path; to md8d6fe1$lambda$generateResourceCache$0$3 in modernfix-forge.mixins.json:perf.resourcepacks.ForgePathPackResourcesMixin
[07Oct2025 19:37:04.601] [main/DEBUG] [net.minecraftforge.server.ServerLifecycleHooks/CORE]: Generating PackInfo named mod:geckolib for mod file /workspaces/SERVER-MINECRAFT/servidor_minecraft/mods/geckolib-forge-1.20.1-4.4.7.jar
[07Oct2025 19:37:04.601] [main/DEBUG] [net.minecraftforge.server.ServerLifecycleHooks/CORE]: Generating PackInfo named mod:easymagic for mod file /workspaces/SERVER-MINECRAFT/servidor_minecraft/mods/EasyMagic-v8.0.1-1.20.1-Forge.jar
[07Oct2025 19:37:04.601] [main/DEBUG] [net.minecraftforge.server.ServerLifecycleHooks/CORE]: Generating PackInfo named mod:lithostitched for mod file /workspaces/SERVER-MINECRAFT/servidor_minecraft/mods/lithostitched-forge-1.20.1-1.1.6.jar
[07Oct2025 19:37:04.601] [main/DEBUG] [net.minecraftforge.server.ServerLifecycleHooks/CORE]: Generating PackInfo named mod:goblintraders for mod file /workspaces/SERVER-MINECRAFT/servidor_minecraft/mods/goblintraders-forge-1.20.1-1.9.3.jar
[07Oct2025 19:37:04.602] [main/DEBUG] [net.minecraftforge.server.ServerLifecycleHooks/CORE]: Generating PackInfo named mod:mcwwindows for mod file /workspaces/SERVER-MINECRAFT/servidor_minecraft/mods/mcw-mcwwindows-2.4.1-mc1.20.1forge.jar
[07Oct2025 19:37:04.602] [main/DEBUG] [net.minecraftforge.server.ServerLifecycleHooks/CORE]: Generating PackInfo named mod:obscure_api for mod file /workspaces/SERVER-MINECRAFT/servidor_minecraft/mods/obscure_api-15.jar
[07Oct2025 19:37:04.602] [main/DEBUG] [net.minecraftforge.server.ServerLifecycleHooks/CORE]: Generating PackInfo named mod:journeymap for mod file /workspaces/SERVER-MINECRAFT/servidor_minecraft/mods/journeymap-1.20.1-5.10.1-forge.jar
[07Oct2025 19:37:04.602] [main/DEBUG] [net.minecraftforge.server.ServerLifecycleHooks/CORE]: Generating PackInfo named mod:modernfix for mod file /workspaces/SERVER-MINECRAFT/servidor_minecraft/mods/modernfix-forge-5.18.10+mc1.20.1.jar
[07Oct2025 19:37:04.602] [main/DEBUG] [net.minecraftforge.server.ServerLifecycleHooks/CORE]: Generating PackInfo named mod:jei for mod file /workspaces/SERVER-MINECRAFT/servidor_minecraft/mods/jei-1.20.1-forge-15.8.0.16.jar
[07Oct2025 19:37:04.603] [main/DEBUG] [net.minecraftforge.server.ServerLifecycleHooks/CORE]: Generating PackInfo named mod:citadel for mod file /workspaces/SERVER-MINECRAFT/servidor_minecraft/mods/citadel-2.6.0-1.20.1.jar
[07Oct2025 19:37:04.603] [main/DEBUG] [net.minecraftforge.server.ServerLifecycleHooks/CORE]: Generating PackInfo named mod:travelersbackpack for mod file /workspaces/SERVER-MINECRAFT/servidor_minecraft/mods/travelersbackpack-forge-1.20.1-9.1.15.jar
[07Oct2025 19:37:04.603] [main/DEBUG] [net.minecraftforge.server.ServerLifecycleHooks/CORE]: Generating PackInfo named mod:artifacts for mod file /workspaces/SERVER-MINECRAFT/servidor_minecraft/mods/artifacts-forge-9.5.16.jar
[07Oct2025 19:37:04.603] [main/DEBUG] [net.minecraftforge.server.ServerLifecycleHooks/CORE]: Generating PackInfo named mod:mixinextras for mod file 
[07Oct2025 19:37:04.603] [main/DEBUG] [net.minecraftforge.server.ServerLifecycleHooks/CORE]: Generating PackInfo named mod:bookshelf for mod file /workspaces/SERVER-MINECRAFT/servidor_minecraft/mods/Bookshelf-Forge-1.20.1-20.2.13.jar
[07Oct2025 19:37:04.603] [main/DEBUG] [net.minecraftforge.server.ServerLifecycleHooks/CORE]: Generating PackInfo named mod:mcwdoors for mod file /workspaces/SERVER-MINECRAFT/servidor_minecraft/mods/mcw-doors-1.1.2-mc1.20.1forge.jar
[07Oct2025 19:37:04.604] [main/DEBUG] [net.minecraftforge.server.ServerLifecycleHooks/CORE]: Generating PackInfo named mod:iceandfire for mod file /workspaces/SERVER-MINECRAFT/servidor_minecraft/mods/iceandfire-2.1.13-1.20.1-beta-5.jar
[07Oct2025 19:37:04.604] [main/DEBUG] [net.minecraftforge.server.ServerLifecycleHooks/CORE]: Generating PackInfo named mod:bosses_of_mass_destruction for mod file /workspaces/SERVER-MINECRAFT/servidor_minecraft/mods/BOMD-Forge-1.20.1-1.1.2.jar
[07Oct2025 19:37:04.604] [main/DEBUG] [net.minecraftforge.server.ServerLifecycleHooks/CORE]: Generating PackInfo named mod:puzzlesaccessapi for mod file 
[07Oct2025 19:37:04.604] [main/DEBUG] [net.minecraftforge.server.ServerLifecycleHooks/CORE]: Generating PackInfo named mod:cloth_config for mod file /workspaces/SERVER-MINECRAFT/servidor_minecraft/mods/cloth-config-11.1.118-forge.jar
[07Oct2025 19:37:04.604] [main/DEBUG] [net.minecraftforge.server.ServerLifecycleHooks/CORE]: Generating PackInfo named mod:twilightforest for mod file /workspaces/SERVER-MINECRAFT/servidor_minecraft/mods/twilightforest-1.20.1-4.3.2508-universal.jar
[07Oct2025 19:37:04.604] [main/DEBUG] [net.minecraftforge.server.ServerLifecycleHooks/CORE]: Generating PackInfo named mod:tlskincape for mod file /workspaces/SERVER-MINECRAFT/servidor_minecraft/mods/tl_skin_cape_forge_1.20_1.20.1-1.32.jar
[07Oct2025 19:37:04.605] [main/DEBUG] [net.minecraftforge.server.ServerLifecycleHooks/CORE]: Generating PackInfo named mod:athena for mod file /workspaces/SERVER-MINECRAFT/servidor_minecraft/mods/athena-forge-1.20.1-3.1.2.jar
[07Oct2025 19:37:04.605] [main/DEBUG] [net.minecraftforge.server.ServerLifecycleHooks/CORE]: Generating PackInfo named mod:dungeons_arise for mod file /workspaces/SERVER-MINECRAFT/servidor_minecraft/mods/DungeonsArise-1.20.x-2.1.58-release.jar
[07Oct2025 19:37:04.605] [main/DEBUG] [net.minecraftforge.server.ServerLifecycleHooks/CORE]: Generating PackInfo named mod:handcrafted for mod file /workspaces/SERVER-MINECRAFT/servidor_minecraft/mods/handcrafted-forge-1.20.1-3.0.6.jar
[07Oct2025 19:37:04.605] [main/DEBUG] [net.minecraftforge.server.ServerLifecycleHooks/CORE]: Generating PackInfo named mod:alexscaves for mod file /workspaces/SERVER-MINECRAFT/servidor_minecraft/mods/alexscaves-1.1.5.jar
[07Oct2025 19:37:04.605] [main/DEBUG] [net.minecraftforge.server.ServerLifecycleHooks/CORE]: Generating PackInfo named mod:voicechat for mod file /workspaces/SERVER-MINECRAFT/servidor_minecraft/mods/voicechat-forge-1.20.1-2.5.20.jar
[07Oct2025 19:37:04.606] [main/DEBUG] [net.minecraftforge.server.ServerLifecycleHooks/CORE]: Generating PackInfo named mod:enchdesc for mod file /workspaces/SERVER-MINECRAFT/servidor_minecraft/mods/EnchantmentDescriptions-Forge-1.20.1-17.1.19.jar
[07Oct2025 19:37:04.606] [main/DEBUG] [net.minecraftforge.server.ServerLifecycleHooks/CORE]: Generating PackInfo named mod:morebowsandarrows for mod file /workspaces/SERVER-MINECRAFT/servidor_minecraft/mods/morebowsandarrows-merged-1.20.1-3.0.1.jar
[07Oct2025 19:37:04.606] [main/DEBUG] [net.minecraftforge.server.ServerLifecycleHooks/CORE]: Generating PackInfo named mod:silentlib for mod file /workspaces/SERVER-MINECRAFT/servidor_minecraft/mods/silent-lib-1.20.1-8.0.0.jar
[07Oct2025 19:37:04.606] [main/DEBUG] [net.minecraftforge.server.ServerLifecycleHooks/CORE]: Generating PackInfo named mod:jade for mod file /workspaces/SERVER-MINECRAFT/servidor_minecraft/mods/Jade-1.20.1-forge-11.9.4.jar
[07Oct2025 19:37:04.606] [main/DEBUG] [net.minecraftforge.server.ServerLifecycleHooks/CORE]: Generating PackInfo named mod:born_in_chaos_v1 for mod file /workspaces/SERVER-MINECRAFT/servidor_minecraft/mods/born_in_chaos_[Forge]1.20.1_1.7.2.jar
[07Oct2025 19:37:04.606] [main/DEBUG] [net.minecraftforge.server.ServerLifecycleHooks/CORE]: Generating PackInfo named mod:curios for mod file /workspaces/SERVER-MINECRAFT/servidor_minecraft/mods/curios-forge-5.14.1+1.20.1.jar
[07Oct2025 19:37:04.606] [main/DEBUG] [net.minecraftforge.server.ServerLifecycleHooks/CORE]: Generating PackInfo named mod:ars_nouveau for mod file /workspaces/SERVER-MINECRAFT/servidor_minecraft/mods/ars_nouveau-1.20.1-4.12.7-all.jar
[07Oct2025 19:37:04.607] [main/DEBUG] [net.minecraftforge.server.ServerLifecycleHooks/CORE]: Generating PackInfo named mod:spartanshields for mod file /workspaces/SERVER-MINECRAFT/servidor_minecraft/mods/SpartanShields-1.20.1-forge-3.1.1.jar
[07Oct2025 19:37:04.607] [main/DEBUG] [net.minecraftforge.server.ServerLifecycleHooks/CORE]: Generating PackInfo named mod:patchouli for mod file /workspaces/SERVER-MINECRAFT/servidor_minecraft/mods/Patchouli-1.20.1-84.1-FORGE.jar
[07Oct2025 19:37:04.607] [main/DEBUG] [net.minecraftforge.server.ServerLifecycleHooks/CORE]: Generating PackInfo named mod:cerbons_api for mod file /workspaces/SERVER-MINECRAFT/servidor_minecraft/mods/CerbonsAPI-Forge-1.20.1-1.1.0.jar
[07Oct2025 19:37:04.607] [main/DEBUG] [net.minecraftforge.server.ServerLifecycleHooks/CORE]: Generating PackInfo named mod:camera for mod file /workspaces/SERVER-MINECRAFT/servidor_minecraft/mods/camera-forge-1.20.1-1.0.12.jar
[07Oct2025 19:37:04.607] [main/DEBUG] [net.minecraftforge.server.ServerLifecycleHooks/CORE]: Generating PackInfo named mod:storagedrawers for mod file /workspaces/SERVER-MINECRAFT/servidor_minecraft/mods/StorageDrawers-forge-1.20.1-12.14.3.jar
[07Oct2025 19:37:04.607] [main/DEBUG] [net.minecraftforge.server.ServerLifecycleHooks/CORE]: Generating PackInfo named mod:ars_elemental for mod file /workspaces/SERVER-MINECRAFT/servidor_minecraft/mods/ars_elemental-1.20.1-0.6.7.8.jar
[07Oct2025 19:37:04.608] [main/DEBUG] [net.minecraftforge.server.ServerLifecycleHooks/CORE]: Generating PackInfo named mod:tombstone for mod file /workspaces/SERVER-MINECRAFT/servidor_minecraft/mods/tombstone-1.20.1-8.6.7.jar
[07Oct2025 19:37:04.608] [main/DEBUG] [net.minecraftforge.server.ServerLifecycleHooks/CORE]: Generating PackInfo named mod:cryonicconfig for mod file /workspaces/SERVER-MINECRAFT/servidor_minecraft/mods/cryonicconfig-forge-1.0.0+mc1.20.1.jar
[07Oct2025 19:37:04.608] [main/DEBUG] [net.minecraftforge.server.ServerLifecycleHooks/CORE]: Generating PackInfo named mod:resourcefullib for mod file /workspaces/SERVER-MINECRAFT/servidor_minecraft/mods/resourcefullib-forge-1.20.1-2.1.29.jar
[07Oct2025 19:37:04.608] [main/DEBUG] [net.minecraftforge.server.ServerLifecycleHooks/CORE]: Generating PackInfo named mod:deeperdarker for mod file /workspaces/SERVER-MINECRAFT/servidor_minecraft/mods/deeperdarker-forge-1.20.1-1.3.3.jar
[07Oct2025 19:37:04.608] [main/DEBUG] [net.minecraftforge.server.ServerLifecycleHooks/CORE]: Generating PackInfo named mod:architectury for mod file /workspaces/SERVER-MINECRAFT/servidor_minecraft/mods/architectury-9.2.14-forge.jar
[07Oct2025 19:37:04.608] [main/DEBUG] [net.minecraftforge.server.ServerLifecycleHooks/CORE]: Generating PackInfo named mod:simplyswords for mod file /workspaces/SERVER-MINECRAFT/servidor_minecraft/mods/simplyswords-forge-1.55.0-1.20.1.jar
[07Oct2025 19:37:04.608] [main/DEBUG] [net.minecraftforge.server.ServerLifecycleHooks/CORE]: Generating PackInfo named mod:ferritecore for mod file /workspaces/SERVER-MINECRAFT/servidor_minecraft/mods/ferritecore-6.0.1-forge.jar
[07Oct2025 19:37:04.609] [main/DEBUG] [net.minecraftforge.server.ServerLifecycleHooks/CORE]: Generating PackInfo named mod:chisel for mod file /workspaces/SERVER-MINECRAFT/servidor_minecraft/mods/chisel-forge-2.0.0+mc1.20.1.jar
[07Oct2025 19:37:04.609] [main/DEBUG] [net.minecraftforge.server.ServerLifecycleHooks/CORE]: Generating PackInfo named mod:puzzleslib for mod file /workspaces/SERVER-MINECRAFT/servidor_minecraft/mods/PuzzlesLib-v8.1.21-1.20.1-Forge.jar
[07Oct2025 19:37:04.609] [main/DEBUG] [net.minecraftforge.server.ServerLifecycleHooks/CORE]: Generating PackInfo named mod:monolib for mod file /workspaces/SERVER-MINECRAFT/servidor_minecraft/mods/monolib-forge-1.20.1-1.3.0.jar
[07Oct2025 19:37:04.609] [main/DEBUG] [net.minecraftforge.server.ServerLifecycleHooks/CORE]: Generating PackInfo named mod:framework for mod file /workspaces/SERVER-MINECRAFT/servidor_minecraft/mods/framework-forge-1.20.1-0.7.6.jar
[07Oct2025 19:37:04.609] [main/DEBUG] [net.minecraftforge.server.ServerLifecycleHooks/CORE]: Generating PackInfo named mod:scalinghealth for mod file /workspaces/SERVER-MINECRAFT/servidor_minecraft/mods/ScalingHealth-1.20.1-8.0.2+9.jar
[07Oct2025 19:37:04.609] [main/DEBUG] [net.minecraftforge.server.ServerLifecycleHooks/CORE]: Generating PackInfo named mod:forge for mod file /workspaces/SERVER-MINECRAFT/servidor_minecraft/libraries/net/minecraftforge/forge/1.20.1-47.3.7/forge-1.20.1-47.3.7-universal.jar
[07Oct2025 19:37:04.609] [main/DEBUG] [net.minecraftforge.server.ServerLifecycleHooks/CORE]: Generating PackInfo named mod:aquaculture for mod file /workspaces/SERVER-MINECRAFT/servidor_minecraft/mods/Aquaculture-1.20.1-2.5.2.jar
[07Oct2025 19:37:04.610] [main/DEBUG] [net.minecraftforge.server.ServerLifecycleHooks/CORE]: Generating PackInfo named mod:expandability for mod file 
[07Oct2025 19:37:04.610] [main/DEBUG] [net.minecraftforge.server.ServerLifecycleHooks/CORE]: Generating PackInfo named mod:aquamirae for mod file /workspaces/SERVER-MINECRAFT/servidor_minecraft/mods/aquamirae-forge-1.20.1-6.1.0.jar
[07Oct2025 19:37:04.611] [main/WARN] [net.minecraft.server.MinecraftServer/]: Missing data pack mod:alltheores
[07Oct2025 19:37:04.611] [main/WARN] [net.minecraft.server.MinecraftServer/]: Missing data pack mod:allthemodium
[07Oct2025 19:37:04.611] [main/WARN] [net.minecraft.server.MinecraftServer/]: Missing data pack mod:allthearcanistgear
[07Oct2025 19:37:04.662] [main/DEBUG] [ModernFix/]: Generated cache for /assets/minecraft in 14.93 ms
[07Oct2025 19:37:04.664] [main/DEBUG] [ModernFix/]: Generated cache for /assets/minecraft in 781.5 μs
[07Oct2025 19:37:04.665] [main/DEBUG] [ModernFix/]: Generated cache for /assets/minecraft in 155.7 μs
[07Oct2025 19:37:04.704] [main/DEBUG] [ModernFix/]: Generated cache for /assets/minecraft in 38.13 ms
[07Oct2025 19:37:04.705] [main/DEBUG] [ModernFix/]: Generated cache for /assets/minecraft in 430.1 μs
[07Oct2025 19:37:04.705] [main/DEBUG] [ModernFix/]: Generated cache for /assets/minecraft in 96.80 μs
[07Oct2025 19:37:04.705] [main/DEBUG] [ModernFix/]: Generated cache for /assets/minecraft in 266.2 μs
[07Oct2025 19:37:04.722] [main/DEBUG] [ModernFix/]: Generated cache for /assets/minecraft in 15.95 ms
[07Oct2025 19:37:04.723] [main/DEBUG] [ModernFix/]: Generated cache for /assets/minecraft in 295.5 μs
[07Oct2025 19:37:04.743] [main/DEBUG] [ModernFix/]: Generated cache for /assets/minecraft in 19.61 ms
[07Oct2025 19:37:04.771] [main/DEBUG] [ModernFix/]: Generated cache for /assets/minecraft in 27.60 ms
[07Oct2025 19:37:04.775] [main/DEBUG] [ModernFix/]: Generated cache for /assets/minecraft in 3.803 ms
[07Oct2025 19:37:04.775] [main/DEBUG] [ModernFix/]: Generated cache for /assets/minecraft in 93.40 μs
[07Oct2025 19:37:04.776] [main/DEBUG] [ModernFix/]: Generated cache for /assets/minecraft in 363.9 μs
[07Oct2025 19:37:04.780] [main/DEBUG] [ModernFix/]: Generated cache for /assets/minecraft in 3.563 ms
[07Oct2025 19:37:04.782] [main/DEBUG] [ModernFix/]: Generated cache for /assets/minecraft in 1.711 ms
[07Oct2025 19:37:04.783] [main/DEBUG] [ModernFix/]: Generated cache for /assets/minecraft in 348.5 μs
[07Oct2025 19:37:04.796] [main/DEBUG] [ModernFix/]: Generated cache for /assets/minecraft in 13.29 ms
[07Oct2025 19:37:04.819] [main/DEBUG] [ModernFix/]: Generated cache for /assets/minecraft in 22.32 ms
[07Oct2025 19:37:04.822] [main/DEBUG] [ModernFix/]: Generated cache for /assets/minecraft in 1.979 ms
[07Oct2025 19:37:04.826] [main/DEBUG] [ModernFix/]: Generated cache for /assets/minecraft in 3.210 ms
[07Oct2025 19:37:04.833] [main/DEBUG] [ModernFix/]: Generated cache for /assets/minecraft in 5.884 ms
[07Oct2025 19:37:04.834] [main/DEBUG] [ModernFix/]: Generated cache for /assets/minecraft in 1.158 ms
[07Oct2025 19:37:04.837] [main/DEBUG] [ModernFix/]: Generated cache for /assets/minecraft in 2.420 ms
[07Oct2025 19:37:04.840] [main/DEBUG] [ModernFix/]: Generated cache for /assets/minecraft in 3.075 ms
[07Oct2025 19:37:04.851] [main/DEBUG] [ModernFix/]: Generated cache for /assets/minecraft in 10.25 ms
[07Oct2025 19:37:04.853] [main/DEBUG] [ModernFix/]: Generated cache for /assets/minecraft in 1.853 ms
[07Oct2025 19:37:04.866] [main/DEBUG] [ModernFix/]: Generated cache for /assets/minecraft in 10.14 ms
[07Oct2025 19:37:04.869] [main/DEBUG] [ModernFix/]: Generated cache for /assets/minecraft in 1.723 ms
[07Oct2025 19:37:04.870] [main/DEBUG] [ModernFix/]: Generated cache for /assets/minecraft in 315.4 μs
[07Oct2025 19:37:04.871] [main/DEBUG] [ModernFix/]: Generated cache for /assets/minecraft in 365.9 μs
[07Oct2025 19:37:04.930] [main/DEBUG] [ModernFix/]: Generated cache for /assets/minecraft in 59.28 ms
[07Oct2025 19:37:04.935] [main/DEBUG] [ModernFix/]: Generated cache for /assets/minecraft in 4.557 ms
[07Oct2025 19:37:05.048] [main/DEBUG] [ModernFix/]: Generated cache for /assets/minecraft in 112.4 ms
[07Oct2025 19:37:05.052] [main/DEBUG] [ModernFix/]: Generated cache for /assets/minecraft in 3.457 ms
[07Oct2025 19:37:05.054] [main/DEBUG] [ModernFix/]: Generated cache for /assets/minecraft in 150.6 μs
[07Oct2025 19:37:05.055] [main/DEBUG] [ModernFix/]: Generated cache for /assets/minecraft in 385.6 μs
[07Oct2025 19:37:05.075] [main/DEBUG] [ModernFix/]: Generated cache for /assets/minecraft in 19.87 ms
[07Oct2025 19:37:05.076] [main/DEBUG] [ModernFix/]: Generated cache for /assets/minecraft in 80.11 μs
[07Oct2025 19:37:05.076] [main/DEBUG] [ModernFix/]: Generated cache for /assets/minecraft in 128.4 μs
[07Oct2025 19:37:05.077] [main/DEBUG] [ModernFix/]: Generated cache for /assets/minecraft in 413.7 μs
[07Oct2025 19:37:05.078] [main/DEBUG] [ModernFix/]: Generated cache for /assets/minecraft in 290.7 μs
[07Oct2025 19:37:05.079] [main/DEBUG] [ModernFix/]: Generated cache for /assets/minecraft in 28.44 μs
[07Oct2025 19:37:05.080] [main/DEBUG] [ModernFix/]: Generated cache for /assets/minecraft in 36.14 μs
[07Oct2025 19:37:05.081] [main/DEBUG] [ModernFix/]: Generated cache for /assets/minecraft in 35.05 μs
[07Oct2025 19:37:06.103] [main/ERROR] [net.minecraft.world.level.levelgen.flat.FlatLevelGeneratorSettings/]: Unknown biome, defaulting to plains
[07Oct2025 19:37:06.112] [main/ERROR] [net.minecraft.world.level.storage.LevelStorageSource/]: WorldGenSettings: Failed to get element ResourceKey[minecraft:worldgen/noise_settings / allthemodium:the_other]; No key preset in MapLike[{biomes:[{biome:"allthemodium:soul_sand_valley",parameters:{continentalness:-0.3f,depth:0.2f,erosion:0.1f,humidity:0.0f,offset:0.0f,temperature:-0.1f,weirdness:0.3f}},{biome:"allthemodium:the_other",parameters:{continentalness:0.3f,depth:0.0f,erosion:0.5f,humidity:0.0f,offset:0.0f,temperature:0.4f,weirdness:0.2f}},{biome:"allthemodium:desert",parameters:{continentalness:0.1f,depth:0.0f,erosion:0.9f,humidity:0.0f,offset:0.0f,temperature:0.9f,weirdness:0.0f}},{biome:"allthemodium:basalt_deltas",parameters:{continentalness:0.0f,depth:0.5f,erosion:0.1f,humidity:0.0f,offset:0.0f,temperature:1.0f,weirdness:0.0f}},{biome:"allthemodium:warped_forest",parameters:{continentalness:-0.7f,depth:0.0f,erosion:0.3f,humidity:0.0f,offset:0.0f,temperature:0.7f,weirdness:0.0f}},{biome:"allthemodium:desert_hills",parameters:{continentalness:0.23f,depth:0.0f,erosion:0.6f,humidity:0.0f,offset:0.0f,temperature:0.9f,weirdness:0.0f}},{biome:"allthemodium:crimson_forest",parameters:{continentalness:0.3f,depth:0.0f,erosion:0.4f,humidity:0.0f,offset:0.0f,temperature:0.9f,weirdness:0.0f}}],type:"minecraft:multi_noise"}]; Failed to get element ResourceKey[minecraft:dimension_type / allthemodium:the_other]; Failed to get element ResourceKey[minecraft:dimension_type / allthemodium:mining]; Failed to get element ResourceKey[minecraft:worldgen/noise_settings / allthemodium:the_beyond]; Failed to get element ResourceKey[minecraft:worldgen/biome / allthemodium:the_beyond]; Failed to get element ResourceKey[minecraft:dimension_type / allthemodium:the_beyond] missed input: {"allthemodium:mining":{generator:{settings:{biome:"allthemodium:mining",features:1b,lakes:0b,layers:[{block:"minecraft:bedrock",height:1},{block:"minecraft:end_stone",height:64},{block:"minecraft:netherrack",height:64},{block:"minecraft:deepslate",height:64},{block:"minecraft:stone",height:119},{block:"minecraft:dirt",height:4},{block:"minecraft:grass_block",height:1}],structure_overrides:[]},type:"minecraft:flat"},type:"allthemodium:mining"},"allthemodium:the_beyond":{generator:{biome_source:{biome:"allthemodium:the_beyond",type:"minecraft:fixed"},settings:"allthemodium:the_beyond",type:"minecraft:noise"},type:"allthemodium:the_beyond"},"allthemodium:the_other":{generator:{biome_source:{biomes:[{biome:"allthemodium:soul_sand_valley",parameters:{continentalness:-0.3f,depth:0.2f,erosion:0.1f,humidity:0.0f,offset:0.0f,temperature:-0.1f,weirdness:0.3f}},{biome:"allthemodium:the_other",parameters:{continentalness:0.3f,depth:0.0f,erosion:0.5f,humidity:0.0f,offset:0.0f,temperature:0.4f,weirdness:0.2f}},{biome:"allthemodium:desert",parameters:{continentalness:0.1f,depth:0.0f,erosion:0.9f,humidity:0.0f,offset:0.0f,temperature:0.9f,weirdness:0.0f}},{biome:"allthemodium:basalt_deltas",parameters:{continentalness:0.0f,depth:0.5f,erosion:0.1f,humidity:0.0f,offset:0.0f,temperature:1.0f,weirdness:0.0f}},{biome:"allthemodium:warped_forest",parameters:{continentalness:-0.7f,depth:0.0f,erosion:0.3f,humidity:0.0f,offset:0.0f,temperature:0.7f,weirdness:0.0f}},{biome:"allthemodium:desert_hills",parameters:{continentalness:0.23f,depth:0.0f,erosion:0.6f,humidity:0.0f,offset:0.0f,temperature:0.9f,weirdness:0.0f}},{biome:"allthemodium:crimson_forest",parameters:{continentalness:0.3f,depth:0.0f,erosion:0.4f,humidity:0.0f,offset:0.0f,temperature:0.9f,weirdness:0.0f}}],type:"minecraft:multi_noise"},settings:"allthemodium:the_other",type:"minecraft:noise"},type:"allthemodium:the_other"}}
[07Oct2025 19:37:06.118] [main/DEBUG] [mixin/]: Mixing PrimaryLevelDataMixin from obscure_api.mixins.json into net.minecraft.world.level.storage.PrimaryLevelData
[07Oct2025 19:37:06.300] [main/DEBUG] [net.minecraftforge.coremod.transformer.CoreModBaseTransformer/COREMOD]: Transforming net/minecraft/server/commands/SummonCommand
[07Oct2025 19:37:06.419] [main/DEBUG] [bookshelf/]: Built 1 Command entries. Took 2.09ms.
[07Oct2025 19:37:06.488] [main/DEBUG] [mixin/]: Mixing debug.TagLoaderMixin from mixins.artifacts.common.json into net.minecraft.tags.TagLoader
[07Oct2025 19:37:06.499] [main/DEBUG] [mixin/]: Mixing accessors.world.AccessorRecipeManager from bookshelf.common.mixins.json into net.minecraft.world.item.crafting.RecipeManager
[07Oct2025 19:37:06.499] [main/DEBUG] [mixin/]: Mixing perf.datapack_reload_exceptions.RecipeManagerMixin from modernfix-forge.mixins.json into net.minecraft.world.item.crafting.RecipeManager
[07Oct2025 19:37:06.537] [Worker-Main-3/DEBUG] [mixin/]: Mixing perf.tag_id_caching.TagEntryMixin from modernfix-forge.mixins.json into net.minecraft.tags.TagEntry
[07Oct2025 19:37:06.576] [Worker-Main-1/WARN] [artifacts.Artifacts/]: Tag entries for curios:tags/items/magic_book.json cleared by tombstone-1.20.1-8.6.7.jar
[07Oct2025 19:37:07.072] [Worker-Main-3/DEBUG] [mixin/]: Mixing item.wearable.charmofsinking.EnchantmentHelperMixin from mixins.artifacts.common.json into net.minecraft.world.item.enchantment.EnchantmentHelper
[07Oct2025 19:37:07.074] [Worker-Main-3/DEBUG] [mixin/]: Mixing item.wearable.pendant.EnchantmentHelperMixin from mixins.artifacts.common.json into net.minecraft.world.item.enchantment.EnchantmentHelper
[07Oct2025 19:37:07.104] [Worker-Main-1/DEBUG] [mixin/]: Mixing MixinNbtPredicate from curios.mixins.json into net.minecraft.advancements.critereon.NbtPredicate
[07Oct2025 19:37:07.165] [Worker-Main-1/DEBUG] [net.minecraftforge.coremod.transformer.CoreModBaseTransformer/COREMOD]: Transforming net/minecraft/world/entity/raid/Raid
[07Oct2025 19:37:07.205] [Worker-Main-1/DEBUG] [mixin/]: Mixing patches.loot.MixinLootItemKilledByPlayerCondition from bookshelf.common.mixins.json into net.minecraft.world.level.storage.loot.predicates.LootItemKilledByPlayerCondition
[07Oct2025 19:37:07.477] [Worker-Main-1/DEBUG] [mixin/]: Mixing MapDecorationTypeMixin from alexscaves.mixins.json into net.minecraft.world.level.saveddata.maps.MapDecoration$Type
[07Oct2025 19:37:07.478] [Worker-Main-1/DEBUG] [mixin/]: Renaming @Invoker method ac_invokeInit(Ljava/lang/String;IZIZ)Lnet/minecraft/world/level/saveddata/maps/MapDecoration$Type; to ac_invokeInit_$md$8d6fe1$0 in alexscaves.mixins.json:MapDecorationTypeMixin
[07Oct2025 19:37:09.848] [main/DEBUG] [mixin/]: Mixing AccessorSmithingTransformRecipe from patchouli_xplat.mixins.json into net.minecraft.world.item.crafting.SmithingTransformRecipe
[07Oct2025 19:37:09.857] [main/DEBUG] [mixin/]: Mixing AccessorSmithingTrimRecipe from patchouli_xplat.mixins.json into net.minecraft.world.item.crafting.SmithingTrimRecipe
[07Oct2025 19:37:09.869] [main/INFO] [net.minecraft.world.item.crafting.RecipeManager/]: Skipping loading recipe twilightforest:jeed/poison as it's serializer returned null
[07Oct2025 19:37:09.880] [main/INFO] [net.minecraft.world.item.crafting.RecipeManager/]: Skipping loading recipe ars_elemental:jeed/hellfire_burn as it's serializer returned null
[07Oct2025 19:37:09.906] [main/INFO] [net.minecraft.world.item.crafting.RecipeManager/]: Skipping loading recipe twilightforest:jeed/frosted as it's serializer returned null
[07Oct2025 19:37:09.911] [main/INFO] [net.minecraft.world.item.crafting.RecipeManager/]: Skipping loading recipe ars_elemental:jeed/watery_grave as it's serializer returned null
[07Oct2025 19:37:09.914] [main/INFO] [net.minecraft.world.item.crafting.RecipeManager/]: Skipping loading recipe twilightforest:jeed/hunger as it's serializer returned null
[07Oct2025 19:37:09.919] [main/INFO] [net.minecraft.world.item.crafting.RecipeManager/]: Skipping loading recipe botany_pots:ars_elemental/flashing_archwood as it's serializer returned null
[07Oct2025 19:37:09.925] [main/INFO] [net.minecraft.world.item.crafting.RecipeManager/]: Skipping loading recipe twilightforest:jeed/resistance as it's serializer returned null
[07Oct2025 19:37:09.933] [main/INFO] [net.minecraft.world.item.crafting.RecipeManager/]: Skipping loading recipe ars_elemental:jeed/life_link as it's serializer returned null
[07Oct2025 19:37:09.942] [main/INFO] [net.minecraft.world.item.crafting.RecipeManager/]: Skipping loading recipe ars_elemental:jeed/entrhalled as it's serializer returned null
[07Oct2025 19:37:09.947] [main/INFO] [net.minecraft.world.item.crafting.RecipeManager/]: Skipping loading recipe ars_elemental:jeed/mana_shield as it's serializer returned null
[07Oct2025 19:37:09.967] [main/INFO] [net.minecraft.world.item.crafting.RecipeManager/]: Skipping loading recipe twilightforest:jeed/blindness as it's serializer returned null
[07Oct2025 19:37:09.970] [main/INFO] [net.minecraft.world.item.crafting.RecipeManager/]: Skipping loading recipe twilightforest:jeed/regeneration as it's serializer returned null
[07Oct2025 19:37:09.972] [main/INFO] [net.minecraft.world.item.crafting.RecipeManager/]: Skipping loading recipe twilightforest:jeed/slowness as it's serializer returned null
[07Oct2025 19:37:09.977] [main/INFO] [net.minecraft.world.item.crafting.RecipeManager/]: Skipping loading recipe twilightforest:jeed/fire_resistance as it's serializer returned null
[07Oct2025 19:37:09.982] [main/INFO] [net.minecraft.world.item.crafting.RecipeManager/]: Loaded 27 recipes
[07Oct2025 19:37:10.016] [main/ERROR] [net.minecraft.server.ServerAdvancementManager/]: Parsing error loading custom advancement spartanshields:recipes/dark_steel_riot_basic_shield: Unknown item id 'enderio:octadic_capacitor'
[07Oct2025 19:37:10.071] [main/ERROR] [net.minecraft.server.ServerAdvancementManager/]: Parsing error loading custom advancement spartanshields:recipes/basic_mekanists_tower_shield: Unknown item id 'mekanism:energy_tablet'
[07Oct2025 19:37:10.095] [main/ERROR] [net.minecraft.server.ServerAdvancementManager/]: Parsing error loading custom advancement spartanshields:recipes/dark_steel_riot_tower_shield: Unknown item id 'enderio:octadic_capacitor'
[07Oct2025 19:37:10.106] [main/ERROR] [net.minecraft.server.ServerAdvancementManager/]: Parsing error loading custom advancement spartanshields:recipes/basic_mekanists_basic_shield: Unknown item id 'mekanism:energy_tablet'
[07Oct2025 19:37:10.154] [main/INFO] [net.minecraft.advancements.AdvancementList/]: Loaded 3675 advancements
[07Oct2025 19:37:10.161] [main/INFO] [twilightforest/]: Loaded 9 Stalactite configs!
[07Oct2025 19:37:10.171] [main/INFO] [top.theillusivec4.curios.Curios/]: Loaded 14 curio slots
[07Oct2025 19:37:10.177] [main/INFO] [top.theillusivec4.curios.Curios/]: Loaded 11 curio entities
[07Oct2025 19:37:10.201] [main/DEBUG] [SHMechanicsListener/]: Finished Parsing SH Config!
[07Oct2025 19:37:10.271] [main/DEBUG] [net.minecraftforge.common.ForgeHooks/WP]: Gathering id map for writing to world save mundomodificado
[07Oct2025 19:37:10.316] [main/DEBUG] [net.minecraftforge.common.ForgeHooks/WP]: ID Map collection complete mundomodificado
[07Oct2025 19:37:10.376] [Server thread/INFO] [net.minecraft.server.dedicated.DedicatedServer/]: Starting minecraft server version 1.20.1
[07Oct2025 19:37:10.376] [Server thread/INFO] [net.minecraft.server.dedicated.DedicatedServer/]: Loading properties
[07Oct2025 19:37:10.377] [Server thread/INFO] [net.minecraft.server.dedicated.DedicatedServer/]: Default game type: SURVIVAL
[07Oct2025 19:37:10.377] [Server thread/INFO] [net.minecraft.server.MinecraftServer/]: Generating keypair
[07Oct2025 19:37:10.456] [Server thread/INFO] [net.minecraft.server.dedicated.DedicatedServer/]: Starting Minecraft server on *:25565
[07Oct2025 19:37:10.457] [Server thread/DEBUG] [net.minecraftforge.network.DualStackUtils/]: Detected IPv6 address: "0:0:0:0:0:0:0:0"
[07Oct2025 19:37:10.462] [Server thread/DEBUG] [io.netty.util.internal.NativeLibraryLoader/]: -Dio.netty.native.workdir: /tmp (io.netty.tmpdir)
[07Oct2025 19:37:10.462] [Server thread/DEBUG] [io.netty.util.internal.NativeLibraryLoader/]: -Dio.netty.native.deleteLibAfterLoading: true
[07Oct2025 19:37:10.462] [Server thread/DEBUG] [io.netty.util.internal.NativeLibraryLoader/]: -Dio.netty.native.tryPatchShadedId: true
[07Oct2025 19:37:10.462] [Server thread/DEBUG] [io.netty.util.internal.NativeLibraryLoader/]: -Dio.netty.native.detectNativeLibraryDuplicates: true
[07Oct2025 19:37:10.468] [Server thread/DEBUG] [io.netty.util.internal.NativeLibraryLoader/]: Successfully loaded the library /tmp/libnetty_transport_native_epoll_x86_6417850273168257116341.so
[07Oct2025 19:37:10.470] [Server thread/DEBUG] [io.netty.util.NetUtil/]: -Djava.net.preferIPv4Stack: false
[07Oct2025 19:37:10.470] [Server thread/DEBUG] [io.netty.util.NetUtil/]: -Djava.net.preferIPv6Addresses: true
[07Oct2025 19:37:10.472] [Server thread/DEBUG] [io.netty.util.NetUtilInitializations/]: Loopback interface: lo (lo, 0:0:0:0:0:0:0:1%lo)
[07Oct2025 19:37:10.473] [Server thread/DEBUG] [io.netty.util.NetUtil/]: /proc/sys/net/core/somaxconn: 4096
[07Oct2025 19:37:10.475] [Server thread/INFO] [net.minecraft.server.network.ServerConnectionListener/]: Using epoll channel type
[07Oct2025 19:37:10.485] [Server thread/DEBUG] [io.netty.channel.MultithreadEventLoopGroup/]: -Dio.netty.eventLoopThreads: 8
[07Oct2025 19:37:10.500] [Server thread/DEBUG] [io.netty.util.internal.PlatformDependent/]: org.jctools-core.MpscChunkedArrayQueue: available
[07Oct2025 19:37:10.507] [Server thread/DEBUG] [io.netty.channel.DefaultChannelId/]: -Dio.netty.processId: 104119 (auto-detected)
[07Oct2025 19:37:10.508] [Server thread/DEBUG] [io.netty.channel.DefaultChannelId/]: -Dio.netty.machineId: 7c:1e:52:ff:fe:ba:81:e9 (auto-detected)
[07Oct2025 19:37:10.528] [Server thread/DEBUG] [io.netty.buffer.PooledByteBufAllocator/]: -Dio.netty.allocator.numHeapArenas: 8
[07Oct2025 19:37:10.528] [Server thread/DEBUG] [io.netty.buffer.PooledByteBufAllocator/]: -Dio.netty.allocator.numDirectArenas: 8
[07Oct2025 19:37:10.528] [Server thread/DEBUG] [io.netty.buffer.PooledByteBufAllocator/]: -Dio.netty.allocator.pageSize: 8192
[07Oct2025 19:37:10.529] [Server thread/DEBUG] [io.netty.buffer.PooledByteBufAllocator/]: -Dio.netty.allocator.maxOrder: 9
[07Oct2025 19:37:10.529] [Server thread/DEBUG] [io.netty.buffer.PooledByteBufAllocator/]: -Dio.netty.allocator.chunkSize: 4194304
[07Oct2025 19:37:10.529] [Server thread/DEBUG] [io.netty.buffer.PooledByteBufAllocator/]: -Dio.netty.allocator.smallCacheSize: 256
[07Oct2025 19:37:10.529] [Server thread/DEBUG] [io.netty.buffer.PooledByteBufAllocator/]: -Dio.netty.allocator.normalCacheSize: 64
[07Oct2025 19:37:10.529] [Server thread/DEBUG] [io.netty.buffer.PooledByteBufAllocator/]: -Dio.netty.allocator.maxCachedBufferCapacity: 32768
[07Oct2025 19:37:10.529] [Server thread/DEBUG] [io.netty.buffer.PooledByteBufAllocator/]: -Dio.netty.allocator.cacheTrimInterval: 8192
[07Oct2025 19:37:10.529] [Server thread/DEBUG] [io.netty.buffer.PooledByteBufAllocator/]: -Dio.netty.allocator.cacheTrimIntervalMillis: 0
[07Oct2025 19:37:10.529] [Server thread/DEBUG] [io.netty.buffer.PooledByteBufAllocator/]: -Dio.netty.allocator.useCacheForAllThreads: false
[07Oct2025 19:37:10.529] [Server thread/DEBUG] [io.netty.buffer.PooledByteBufAllocator/]: -Dio.netty.allocator.maxCachedByteBuffersPerChunk: 1023
[07Oct2025 19:37:10.535] [Server thread/DEBUG] [io.netty.buffer.ByteBufUtil/]: -Dio.netty.allocator.type: pooled
[07Oct2025 19:37:10.535] [Server thread/DEBUG] [io.netty.buffer.ByteBufUtil/]: -Dio.netty.threadLocalDirectBufferSize: 0
[07Oct2025 19:37:10.535] [Server thread/DEBUG] [io.netty.buffer.ByteBufUtil/]: -Dio.netty.maxThreadLocalCharBufferSize: 16384
[07Oct2025 19:37:10.543] [Server thread/WARN] [net.minecraft.server.dedicated.DedicatedServer/]: **** FAILED TO BIND TO PORT!
[07Oct2025 19:37:10.544] [Server thread/WARN] [net.minecraft.server.dedicated.DedicatedServer/]: The exception was: io.netty.channel.unix.Errors$NativeIoException: bind(..) failed: Address already in use
[07Oct2025 19:37:10.544] [Server thread/WARN] [net.minecraft.server.dedicated.DedicatedServer/]: Perhaps a server is already running on that port?
[07Oct2025 19:37:10.544] [Server thread/ERROR] [net.minecraft.server.MinecraftServer/]: Encountered an unexpected exception
java.lang.IllegalStateException: Failed to initialize server
	at net.minecraft.server.MinecraftServer.m_130011_(MinecraftServer.java:635) ~[server-1.20.1-20230612.114412-srg.jar%23199!/:?]
	at net.minecraft.server.MinecraftServer.m_206580_(MinecraftServer.java:251) ~[server-1.20.1-20230612.114412-srg.jar%23199!/:?]
	at java.lang.Thread.run(Thread.java:840) ~[?:?]
[07Oct2025 19:37:10.545] [Server thread/WARN] [net.minecraft.SystemReport/]: Failed retrieving info for group hardware
java.lang.NoClassDefFoundError: Could not initialize class oshi.SystemInfo
	at net.minecraft.SystemReport.m_143564_(SystemReport.java:52) ~[server-1.20.1-20230612.114412-srg.jar%23199!/:?]
	at net.minecraft.SystemReport.m_143516_(SystemReport.java:82) ~[server-1.20.1-20230612.114412-srg.jar%23199!/:?]
	at net.minecraft.SystemReport.<init>(SystemReport.java:52) ~[server-1.20.1-20230612.114412-srg.jar%23199!/:?]
	at net.minecraft.CrashReport.<init>(CrashReport.java:31) ~[server-1.20.1-20230612.114412-srg.jar%23199!/:?]
	at net.minecraft.server.MinecraftServer.m_206568_(MinecraftServer.java:721) ~[server-1.20.1-20230612.114412-srg.jar%23199!/:?]
	at net.minecraft.server.MinecraftServer.m_130011_(MinecraftServer.java:675) ~[server-1.20.1-20230612.114412-srg.jar%23199!/:?]
	at net.minecraft.server.MinecraftServer.m_206580_(MinecraftServer.java:251) ~[server-1.20.1-20230612.114412-srg.jar%23199!/:?]
	at java.lang.Thread.run(Thread.java:840) ~[?:?]
Caused by: java.lang.ExceptionInInitializerError: Exception java.lang.NoClassDefFoundError: com/sun/jna/Platform [in thread "main"]
	at oshi.SystemInfo.<clinit>(SystemInfo.java:60) ~[oshi-core-6.2.2.jar%2369!/:6.2.2]
	at net.minecraft.SystemReport.m_143564_(SystemReport.java:52) ~[server-1.20.1-20230612.114412-srg.jar%23199!/:?]
	at net.minecraft.SystemReport.m_143516_(SystemReport.java:82) ~[server-1.20.1-20230612.114412-srg.jar%23199!/:?]
	at net.minecraft.SystemReport.<init>(SystemReport.java:52) ~[server-1.20.1-20230612.114412-srg.jar%23199!/:?]
	at net.minecraft.CrashReport.<init>(CrashReport.java:31) ~[server-1.20.1-20230612.114412-srg.jar%23199!/:?]
	at net.minecraft.CrashReport.m_127529_(CrashReport.java:216) ~[server-1.20.1-20230612.114412-srg.jar%23199!/:?]
	at net.minecraft.server.Main.main(Main.java:116) ~[server-1.20.1-20230612.114412-srg.jar%23199!/:?]
	at jdk.internal.reflect.NativeMethodAccessorImpl.invoke0(Native Method) ~[?:?]
	at jdk.internal.reflect.NativeMethodAccessorImpl.invoke(NativeMethodAccessorImpl.java:77) ~[?:?]
	at jdk.internal.reflect.DelegatingMethodAccessorImpl.invoke(DelegatingMethodAccessorImpl.java:43) ~[?:?]
	at java.lang.reflect.Method.invoke(Method.java:569) ~[?:?]
	at net.minecraftforge.fml.loading.targets.CommonLaunchHandler.runTarget(CommonLaunchHandler.java:111) ~[fmlloader-1.20.1-47.3.7.jar%2367!/:?]
	at net.minecraftforge.fml.loading.targets.CommonLaunchHandler.serverService(CommonLaunchHandler.java:103) ~[fmlloader-1.20.1-47.3.7.jar%2367!/:?]
	at net.minecraftforge.fml.loading.targets.CommonServerLaunchHandler.lambda$makeService$0(CommonServerLaunchHandler.java:27) ~[fmlloader-1.20.1-47.3.7.jar%2367!/:?]
	at cpw.mods.modlauncher.LaunchServiceHandlerDecorator.launch(LaunchServiceHandlerDecorator.java:30) ~[modlauncher-10.0.9.jar%2353!/:?]
	at cpw.mods.modlauncher.LaunchServiceHandler.launch(LaunchServiceHandler.java:53) ~[modlauncher-10.0.9.jar%2353!/:?]
	at cpw.mods.modlauncher.LaunchServiceHandler.launch(LaunchServiceHandler.java:71) ~[modlauncher-10.0.9.jar%2353!/:?]
	at cpw.mods.modlauncher.Launcher.run(Launcher.java:108) ~[modlauncher-10.0.9.jar%2353!/:?]
	at cpw.mods.modlauncher.Launcher.main(Launcher.java:78) ~[modlauncher-10.0.9.jar%2353!/:?]
	at cpw.mods.modlauncher.BootstrapLaunchConsumer.accept(BootstrapLaunchConsumer.java:26) ~[modlauncher-10.0.9.jar%2353!/:?]
	at cpw.mods.modlauncher.BootstrapLaunchConsumer.accept(BootstrapLaunchConsumer.java:23) ~[modlauncher-10.0.9.jar%2353!/:?]
	at cpw.mods.bootstraplauncher.BootstrapLauncher.main(BootstrapLauncher.java:141) ~[bootstraplauncher-1.1.2.jar:?]
[07Oct2025 19:37:10.548] [Server thread/DEBUG] [mixin/]: Mixing feature.branding.BrandingControlMixin from modernfix-forge.mixins.json into net.minecraftforge.internal.BrandingControl
[07Oct2025 19:37:10.557] [Server thread/FATAL] [net.minecraftforge.common.ForgeMod/]: Preparing crash report with UUID c51cf0ff-b93f-4171-b519-2b8cdc16849f
[07Oct2025 19:37:10.557] [Server thread/ERROR] [net.minecraft.server.MinecraftServer/]: This crash report has been saved to: /workspaces/SERVER-MINECRAFT/servidor_minecraft/./crash-reports/crash-2025-10-07_19.37.10-server.txt
[07Oct2025 19:37:10.558] [Server thread/INFO] [net.minecraft.server.MinecraftServer/]: Stopping server
[07Oct2025 19:37:10.558] [Server thread/INFO] [net.minecraft.server.MinecraftServer/]: Saving worlds
[07Oct2025 19:37:10.559] [Server thread/ERROR] [net.minecraft.server.MinecraftServer/]: Exception stopping the server
java.lang.NullPointerException: Cannot invoke "net.minecraft.server.level.ServerLevel.m_6857_()" because "serverlevel2" is null
	at net.minecraft.server.MinecraftServer.m_129885_(MinecraftServer.java:513) ~[server-1.20.1-20230612.114412-srg.jar%23199!/:?]
	at net.minecraft.server.MinecraftServer.m_7041_(MinecraftServer.java:584) ~[server-1.20.1-20230612.114412-srg.jar%23199!/:?]
	at net.minecraft.server.dedicated.DedicatedServer.m_7041_(DedicatedServer.java:510) ~[server-1.20.1-20230612.114412-srg.jar%23199!/:?]
	at net.minecraft.server.MinecraftServer.m_130011_(MinecraftServer.java:689) ~[server-1.20.1-20230612.114412-srg.jar%23199!/:?]
	at net.minecraft.server.MinecraftServer.m_206580_(MinecraftServer.java:251) ~[server-1.20.1-20230612.114412-srg.jar%23199!/:?]
	at java.lang.Thread.run(Thread.java:840) ~[?:?]
[07Oct2025 19:37:10.560] [Server thread/INFO] [Framework/]: Unloading server configs...
[07Oct2025 19:37:10.561] [Server thread/INFO] [Framework/]: Sending config unload event for goblintraders-entities.toml
[07Oct2025 19:37:10.563] [Server thread/DEBUG] [net.minecraftforge.fml.config.ConfigTracker/CONFIG]: Unloading configs type SERVER
